-0.0010001659393310547,0.17699980735778809,0.17799997329711914
0.0,0.17699980735778809,0.17699980735778809
0.0,0.17699980735778809,0.17699980735778809
0.004999876022338867,0.3659999370574951,0.36100006103515625
0.04900002479553223,0.17699980735778809,0.12799978256225586
0.04999995231628418,0.17699980735778809,0.1269998550415039
0.04999995231628418,0.17699980735778809,0.1269998550415039
0.05499982833862305,0.3659999370574951,0.31100010871887207
0.0989999771118164,0.17699980735778809,0.07799983024597168
0.09999990463256836,0.17699980735778809,0.07699990272521973
0.09999990463256836,0.3659999370574951,0.26600003242492676
0.10599994659423828,0.3659999370574951,0.25999999046325684
0.14899992942810059,0.3659999370574951,0.21700000762939453
0.14999985694885254,0.17699980735778809,0.026999950408935547
0.1510000228881836,0.3659999370574951,0.21499991416931152
0.15599989891052246,0.3659999370574951,0.21000003814697266
0.19999980926513672,0.4930000305175781,0.2930002212524414
0.19999980926513672,0.3659999370574951,0.1660001277923584
0.19999980926513672,0.3659999370574951,0.1660001277923584
0.20599985122680664,0.4930000305175781,0.2870001792907715
0.24899983406066895,0.4930000305175781,0.24400019645690918
0.24899983406066895,0.3659999370574951,0.11700010299682617
0.25099992752075195,0.3659999370574951,0.11500000953674316
0.25499987602233887,0.4930000305175781,0.23800015449523926
0.2990000247955322,0.3659999370574951,0.06699991226196289
0.2999999523162842,0.4930000305175781,0.19300007820129395
0.2999999523162842,0.4930000305175781,0.19300007820129395
0.3059999942779541,0.4930000305175781,0.18700003623962402
0.34999990463256836,0.4930000305175781,0.14300012588500977
0.34999990463256836,0.6099998950958252,0.25999999046325684
0.3509998321533203,0.4930000305175781,0.1420001983642578
0.35500001907348633,0.4930000305175781,0.1380000114440918
0.3989999294281006,0.6099998950958252,0.2109999656677246
0.3989999294281006,0.6099998950958252,0.2109999656677246
0.39999985694885254,0.4930000305175781,0.09300017356872559
0.4049999713897705,0.6099998950958252,0.2049999237060547
0.4499998092651367,0.6099998950958252,0.16000008583068848
0.4499998092651367,0.6099998950958252,0.16000008583068848
0.4509999752044678,0.4930000305175781,0.04200005531311035
0.4549999237060547,0.6099998950958252,0.1549999713897705
0.49899983406066895,0.6099998950958252,0.11100006103515625
0.49899983406066895,0.6099998950958252,0.11100006103515625
0.5,0.7919998168945312,0.29199981689453125
0.5059998035430908,0.6099998950958252,0.10400009155273438
0.5490000247955322,0.6099998950958252,0.06099987030029297
0.5499999523162842,0.6099998950958252,0.059999942779541016
0.5499999523162842,0.7919998168945312,0.24199986457824707
0.554999828338623,0.6099998950958252,0.05500006675720215
0.5989999771118164,0.7919998168945312,0.19299983978271484
0.5999999046325684,0.7919998168945312,0.1919999122619629
0.5999999046325684,0.7919998168945312,0.1919999122619629
0.6050000190734863,0.9819998741149902,0.3769998550415039
0.6499998569488525,0.7919998168945312,0.1419999599456787
0.6499998569488525,0.7909998893737793,0.14100003242492676
0.6499998569488525,0.7919998168945312,0.1419999599456787
0.6549999713897705,0.9819998741149902,0.3269999027252197
0.6989998817443848,0.7909998893737793,0.09200000762939453
0.6999998092651367,0.7919998168945312,0.09200000762939453
0.6999998092651367,0.9819998741149902,0.2820000648498535
0.7059998512268066,0.9819998741149902,0.2760000228881836
0.748999834060669,0.9819998741149902,0.2330000400543213
0.75,1.1009998321533203,0.3509998321533203
0.75,0.9819998741149902,0.23199987411499023
0.7549998760223389,0.9819998741149902,0.22699999809265137
0.7999999523162842,0.9819998741149902,0.18199992179870605
0.7999999523162842,1.0999999046325684,0.2999999523162842
0.8009998798370361,0.9819998741149902,0.1809999942779541
0.804999828338623,1.1009998321533203,0.29600000381469727
0.8489999771118164,0.9819998741149902,0.13299989700317383
0.8489999771118164,1.1009998321533203,0.2519998550415039
0.8499999046325684,0.9819998741149902,0.13199996948242188
0.8550000190734863,1.1009998321533203,0.24599981307983398
0.8999998569488525,0.9819998741149902,0.0820000171661377
0.8999998569488525,1.1009998321533203,0.20099997520446777
0.9010000228881836,1.1009998321533203,0.19999980926513672
0.9049999713897705,1.1009998321533203,0.1959998607635498
0.9489998817443848,1.2129998207092285,0.26399993896484375
0.9489998817443848,1.1009998321533203,0.15199995040893555
0.9499998092651367,1.1009998321533203,0.1510000228881836
0.9549999237060547,1.1009998321533203,0.14599990844726562
1.0,1.2129998207092285,0.21299982070922852
1.0,1.2129998207092285,0.21299982070922852
1.000999927520752,1.1009998321533203,0.09999990463256836
1.0059998035430908,1.2129998207092285,0.2070000171661377
1.0490000247955322,1.2129998207092285,0.1639997959136963
1.0499999523162842,1.2129998207092285,0.16299986839294434
1.0499999523162842,1.1009998321533203,0.05099987983703613
1.054999828338623,1.2129998207092285,0.15799999237060547
1.0989999771118164,1.2129998207092285,0.11399984359741211
1.0999999046325684,1.2129998207092285,0.11299991607666016
1.0999999046325684,1.3859999179840088,0.28600001335144043
1.1059999465942383,1.2129998207092285,0.10699987411499023
1.1489999294281006,1.3859999179840088,0.2369999885559082
1.1499998569488525,1.2129998207092285,0.06299996376037598
1.1499998569488525,1.3859999179840088,0.23600006103515625
1.1549999713897705,1.2129998207092285,0.05799984931945801
1.1989998817443848,1.3859999179840088,0.18700003623962402
1.1999998092651367,1.3859999179840088,0.18600010871887207
1.1999998092651367,1.3859999179840088,0.18600010871887207
1.2059998512268066,1.5739998817443848,0.3680000305175781
1.248999834060669,1.3859999179840088,0.13700008392333984
1.25,1.3859999179840088,0.1359999179840088
1.250999927520752,1.3859999179840088,0.13499999046325684
1.2549998760223389,1.5739998817443848,0.3190000057220459
1.2999999523162842,1.3859999179840088,0.08599996566772461
1.2999999523162842,1.3859999179840088,0.08599996566772461
1.2999999523162842,1.5739998817443848,0.2739999294281006
1.304999828338623,1.5739998817443848,0.2690000534057617
1.3489999771118164,1.3859999179840088,0.03699994087219238
1.3489999771118164,1.3859999179840088,0.03699994087219238
1.3509998321533203,1.5739998817443848,0.22300004959106445
1.3550000190734863,1.5739998817443848,0.21899986267089844
1.3999998569488525,1.6999998092651367,0.2999999523162842
1.3999998569488525,1.5739998817443848,0.17400002479553223
1.3999998569488525,1.5739998817443848,0.17400002479553223
1.4049999713897705,1.5739998817443848,0.16899991035461426
1.4489998817443848,1.6999998092651367,0.25099992752075195
1.4499998092651367,1.5739998817443848,0.12400007247924805
1.4499998092651367,1.5739998817443848,0.12400007247924805
1.4549999237060547,1.6999998092651367,0.24499988555908203
1.498999834060669,1.5739998817443848,0.07500004768371582
1.5,1.6999998092651367,0.19999980926513672
1.5,1.6999998092651367,0.19999980926513672
1.5059998035430908,1.6999998092651367,0.1940000057220459
1.5499999523162842,1.6999998092651367,0.14999985694885254
1.5499999523162842,1.8299999237060547,0.2799999713897705
1.5509998798370361,1.6999998092651367,0.14899992942810059
1.555999994277954,1.6999998092651367,0.14399981498718262
1.5989999771118164,1.8299999237060547,0.23099994659423828
1.5999999046325684,1.8299999237060547,0.23000001907348633
1.5999999046325684,1.6999998092651367,0.09999990463256836
1.6059999465942383,1.6999998092651367,0.09399986267089844
1.6499998569488525,1.8299999237060547,0.18000006675720215
1.6499998569488525,1.8299999237060547,0.18000006675720215
1.6510000228881836,1.6999998092651367,0.048999786376953125
1.6559998989105225,1.8299999237060547,0.17400002479553223
1.6989998817443848,1.8299999237060547,0.13100004196166992
1.6989998817443848,1.8299999237060547,0.13100004196166992
1.6999998092651367,1.9900000095367432,0.29000020027160645
1.7049999237060547,1.8299999237060547,0.125
1.75,1.8299999237060547,0.07999992370605469
1.75,1.8299999237060547,0.07999992370605469
1.750999927520752,1.9900000095367432,0.2390000820159912
1.7559998035430908,1.8299999237060547,0.07400012016296387
1.7990000247955322,1.9900000095367432,0.19099998474121094
1.7990000247955322,1.9900000095367432,0.19099998474121094
1.7999999523162842,1.9900000095367432,0.19000005722045898
1.804999828338623,1.8299999237060547,0.02500009536743164
1.8499999046325684,1.9900000095367432,0.1400001049041748
1.8499999046325684,1.9900000095367432,0.1400001049041748
1.8499999046325684,1.9900000095367432,0.1400001049041748
1.8550000190734863,2.178999900817871,0.32399988174438477
1.8989999294281006,1.9900000095367432,0.09100008010864258
1.8989999294281006,1.9900000095367432,0.09100008010864258
1.9010000228881836,2.178999900817871,0.2779998779296875
1.9059998989105225,2.178999900817871,0.27300000190734863
1.9489998817443848,1.9900000095367432,0.0410001277923584
1.9499998092651367,1.9900000095367432,0.040000200271606445
1.9499998092651367,2.179999828338623,0.23000001907348633
1.9549999237060547,2.178999900817871,0.2239999771118164
1.998999834060669,2.178999900817871,0.18000006675720215
2.0,2.304999828338623,0.30499982833862305
2.000999927520752,2.178999900817871,0.17799997329711914
2.005999803543091,2.178999900817871,0.17300009727478027
2.0490000247955322,2.304999828338623,0.2559998035430908
2.049999952316284,2.178999900817871,0.12899994850158691
2.049999952316284,2.179999828338623,0.12999987602233887
2.055999994277954,2.304999828338623,0.24899983406066895
2.0999999046325684,2.304999828338623,0.2049999237060547
2.0999999046325684,2.178999900817871,0.07899999618530273
2.1009998321533203,2.304999828338623,0.20399999618530273
2.1059999465942383,2.304999828338623,0.19899988174438477
2.1489999294281006,2.304999828338623,0.15599989891052246
2.1489999294281006,2.178999900817871,0.029999971389770508
2.1499998569488525,2.304999828338623,0.1549999713897705
2.1559998989105225,2.304999828338623,0.14899992942810059
2.1999998092651367,2.427999973297119,0.22800016403198242
2.1999998092651367,2.427999973297119,0.22800016403198242
2.2009999752044678,2.304999828338623,0.10399985313415527
2.2049999237060547,2.304999828338623,0.09999990463256836
2.248999834060669,2.427999973297119,0.1790001392364502
2.25,2.427999973297119,0.17799997329711914
2.25,2.304999828338623,0.05499982833862305
2.255999803543091,2.427999973297119,0.17200016975402832
2.299999952316284,2.427999973297119,0.12800002098083496
2.299999952316284,2.427999973297119,0.12800002098083496
2.300999879837036,2.5939998626708984,0.2929999828338623
2.304999828338623,2.427999973297119,0.1230001449584961
2.3489999771118164,2.427999973297119,0.07899999618530273
2.3499999046325684,2.427999973297119,0.07800006866455078
2.3499999046325684,2.5939998626708984,0.24399995803833008
2.3550000190734863,2.427999973297119,0.07299995422363281
2.3989999294281006,2.5939998626708984,0.19499993324279785
2.3999998569488525,2.5939998626708984,0.1940000057220459
2.4010000228881836,2.5939998626708984,0.19299983978271484
2.4059998989105225,2.427999973297119,0.02200007438659668
2.4499998092651367,2.5939998626708984,0.14400005340576172
2.4499998092651367,2.5939998626708984,0.14400005340576172
2.4499998092651367,2.5939998626708984,0.14400005340576172
2.4549999237060547,2.7849998474121094,0.3299999237060547
2.498999834060669,2.5939998626708984,0.09500002861022949
2.5,2.5939998626708984,0.09399986267089844
2.500999927520752,2.7849998474121094,0.2839999198913574
2.505999803543091,2.7849998474121094,0.27900004386901855
2.549999952316284,2.5939998626708984,0.04399991035461426
2.549999952316284,2.5939998626708984,0.04399991035461426
2.549999952316284,2.7849998474121094,0.2349998950958252
2.555999994277954,2.7849998474121094,0.22899985313415527
2.5989999771118164,2.7849998474121094,0.18599987030029297
2.5999999046325684,2.9079999923706055,0.3080000877380371
2.5999999046325684,2.7849998474121094,0.18499994277954102
2.6059999465942383,2.7849998474121094,0.1789999008178711
2.6489999294281006,2.9079999923706055,0.2590000629425049
2.6499998569488525,2.7849998474121094,0.13499999046325684
2.6499998569488525,2.7849998474121094,0.13499999046325684
2.6559998989105225,2.9079999923706055,0.252000093460083
2.6989998817443848,2.7849998474121094,0.08599996566772461
2.6999998092651367,2.9079999923706055,0.20800018310546875
2.7009999752044678,2.9079999923706055,0.2070000171661377
2.7049999237060547,2.9079999923706055,0.20300006866455078
2.75,2.9079999923706055,0.15799999237060547
2.75,2.7849998474121094,0.034999847412109375
2.75,2.9079999923706055,0.15799999237060547
2.754999876022339,2.9079999923706055,0.1530001163482666
2.7990000247955322,3.0360000133514404,0.2369999885559082
2.799999952316284,3.0360000133514404,0.23600006103515625
2.799999952316284,2.9079999923706055,0.10800004005432129
2.805999994277954,2.9079999923706055,0.10199999809265137
2.8499999046325684,3.0360000133514404,0.18600010871887207
2.8499999046325684,3.0360000133514404,0.18600010871887207
2.8509998321533203,2.9079999923706055,0.057000160217285156
2.8550000190734863,3.0360000133514404,0.1809999942779541
2.8989999294281006,3.0360000133514404,0.13700008392333984
2.8989999294281006,3.0360000133514404,0.13700008392333984
2.8999998569488525,3.197999954223633,0.2980000972747803
2.9049999713897705,3.0360000133514404,0.13100004196166992
2.9499998092651367,3.0360000133514404,0.08600020408630371
2.9499998092651367,3.0360000133514404,0.08600020408630371
2.9509999752044678,3.197999954223633,0.24699997901916504
2.9559998512268066,3.0360000133514404,0.08000016212463379
2.998999834060669,3.197999954223633,0.19900012016296387
3.0,3.197999954223633,0.1979999542236328
3.0,3.197999954223633,0.1979999542236328
3.004999876022339,3.0360000133514404,0.031000137329101562
3.0490000247955322,3.197999954223633,0.14899992942810059
3.049999952316284,3.197999954223633,0.14800000190734863
3.050999879837036,3.197999954223633,0.14700007438659668
3.054999828338623,3.388000011444092,0.33300018310546875
3.0999999046325684,3.197999954223633,0.09800004959106445
3.0999999046325684,3.197999954223633,0.09800004959106445
3.0999999046325684,3.388000011444092,0.28800010681152344
3.1059999465942383,3.388000011444092,0.2820000648498535
3.1489999294281006,3.197999954223633,0.04900002479553223
3.1489999294281006,3.197999954223633,0.04900002479553223
3.1510000228881836,3.388000011444092,0.2369999885559082
3.1559998989105225,3.388000011444092,0.23200011253356934
3.1999998092651367,3.509999990463257,0.3100001811981201
3.1999998092651367,3.3869998455047607,0.18700003623962402
3.1999998092651367,3.388000011444092,0.18800020217895508
3.2049999237060547,3.388000011444092,0.1830000877380371
3.248999834060669,3.509999990463257,0.2610001564025879
3.25,3.388000011444092,0.1380000114440918
3.250999927520752,3.388000011444092,0.13700008392333984
3.254999876022339,3.509999990463257,0.25500011444091797
3.299999952316284,3.509999990463257,0.21000003814697266
3.299999952316284,3.3869998455047607,0.08699989318847656
3.300999879837036,3.509999990463257,0.2090001106262207
3.305999994277954,3.509999990463257,0.20399999618530273
3.3499999046325684,3.509999990463257,0.16000008583068848
3.3499999046325684,3.388000011444092,0.03800010681152344
3.3499999046325684,3.509999990463257,0.16000008583068848
3.3550000190734863,3.509999990463257,0.1549999713897705
3.3989999294281006,3.634999990463257,0.23600006103515625
3.3999998569488525,3.634999990463257,0.2350001335144043
3.4010000228881836,3.509999990463257,0.10899996757507324
3.4049999713897705,3.509999990463257,0.10500001907348633
3.4499998092651367,3.634999990463257,0.18500018119812012
3.4499998092651367,3.634999990463257,0.18500018119812012
3.4499998092651367,3.509999990463257,0.06000018119812012
3.4549999237060547,3.634999990463257,0.18000006675720215
3.498999834060669,3.634999990463257,0.1360001564025879
3.498999834060669,3.634999990463257,0.1360001564025879
3.500999927520752,3.807999849319458,0.30699992179870605
3.505999803543091,3.634999990463257,0.12900018692016602
3.549999952316284,3.634999990463257,0.08500003814697266
3.549999952316284,3.634999990463257,0.08500003814697266
3.549999952316284,3.807999849319458,0.25799989700317383
3.554999828338623,3.634999990463257,0.08000016212463379
3.5989999771118164,3.806999921798706,0.20799994468688965
3.5999999046325684,3.807999849319458,0.20799994468688965
3.5999999046325684,3.807999849319458,0.20799994468688965
3.6059999465942383,3.634999990463257,0.029000043869018555
3.6499998569488525,3.807999849319458,0.15799999237060547
3.6499998569488525,3.806999921798706,0.15700006484985352
3.6499998569488525,3.807999849319458,0.15799999237060547
3.6549999713897705,3.991999864578247,0.33699989318847656
3.6999998092651367,3.807999849319458,0.10800004005432129
3.6999998092651367,3.806999921798706,0.10700011253356934
3.6999998092651367,3.991999864578247,0.29200005531311035
3.7059998512268066,3.991999864578247,0.28600001335144043
3.748999834060669,3.807999849319458,0.05900001525878906
3.75,3.806999921798706,0.056999921798706055
3.75,3.991999864578247,0.24199986457824707
3.754999876022339,3.991999864578247,0.2369999885559082
3.799999952316284,4.115000009536743,0.315000057220459
3.799999952316284,3.991999864578247,0.1919999122619629
3.799999952316284,3.991999864578247,0.1919999122619629
3.805999994277954,3.991999864578247,0.18599987030029297
3.8499999046325684,4.115000009536743,0.2650001049041748
3.8499999046325684,3.991999864578247,0.1419999599456787
3.8499999046325684,3.991999864578247,0.1419999599456787
3.8550000190734863,4.115000009536743,0.25999999046325684
3.8999998569488525,4.115000009536743,0.21500015258789062
3.8999998569488525,3.991999864578247,0.09200000762939453
3.9010000228881836,4.115000009536743,0.21399998664855957
3.9059998989105225,4.115000009536743,0.2090001106262207
3.9489998817443848,4.240000009536743,0.2910001277923584
3.9499998092651367,4.115000009536743,0.16500020027160645
3.9499998092651367,4.115000009536743,0.16500020027160645
3.9559998512268066,4.115000009536743,0.15900015830993652
4.0,4.240000009536743,0.24000000953674316
4.0,4.240000009536743,0.24000000953674316
4.000999927520752,4.115000009536743,0.11400008201599121
4.005999803543091,4.115000009536743,0.10900020599365234
4.049000024795532,4.240000009536743,0.19099998474121094
4.049999952316284,4.240000009536743,0.19000005722045898
4.049999952316284,4.115000009536743,0.06500005722045898
4.055999994277954,4.240000009536743,0.18400001525878906
4.099999904632568,4.240000009536743,0.1400001049041748
4.099999904632568,4.240000009536743,0.1400001049041748
4.10099983215332,4.4059998989105225,0.30500006675720215
4.105999946594238,4.240000009536743,0.13400006294250488
4.148999929428101,4.240000009536743,0.09100008010864258
4.1499998569488525,4.240000009536743,0.09000015258789062
4.1499998569488525,4.4059998989105225,0.2560000419616699
4.1549999713897705,4.240000009536743,0.08500003814697266
4.198999881744385,4.4059998989105225,0.2070000171661377
4.198999881744385,4.4059998989105225,0.2070000171661377
4.200999975204468,4.4059998989105225,0.2049999237060547
4.205999851226807,4.240000009536743,0.03400015830993652
4.25,4.4059998989105225,0.15599989891052246
4.25,4.4059998989105225,0.15599989891052246
4.25,4.4059998989105225,0.15599989891052246
4.254999876022339,4.599999904632568,0.3450000286102295
4.299000024795532,4.4059998989105225,0.10699987411499023
4.299999952316284,4.4059998989105225,0.10599994659423828
4.300999879837036,4.599999904632568,0.2990000247955322
4.305999994277954,4.599999904632568,0.29399991035461426
4.349999904632568,4.4059998989105225,0.0559999942779541
4.349999904632568,4.4059998989105225,0.0559999942779541
4.349999904632568,4.599999904632568,0.25
4.355000019073486,4.599999904632568,0.24499988555908203
4.398999929428101,4.599999904632568,0.20099997520446777
4.3999998569488525,4.7200000286102295,0.32000017166137695
4.401000022888184,4.599999904632568,0.19899988174438477
4.4059998989105225,4.599999904632568,0.1940000057220459
4.448999881744385,4.7200000286102295,0.2710001468658447
4.449999809265137,4.599999904632568,0.15000009536743164
4.449999809265137,4.599999904632568,0.15000009536743164
4.455999851226807,4.7200000286102295,0.26400017738342285
4.498999834060669,4.599999904632568,0.10100007057189941
4.5,4.7200000286102295,0.2200000286102295
4.500999927520752,4.7200000286102295,0.21900010108947754
4.504999876022339,4.7200000286102295,0.21500015258789062
4.549999952316284,4.7200000286102295,0.1700000762939453
4.549999952316284,4.599999904632568,0.04999995231628418
4.549999952316284,4.7200000286102295,0.1700000762939453
4.554999828338623,4.7200000286102295,0.16500020027160645
4.598999977111816,4.8349997997283936,0.23599982261657715
4.598999977111816,4.8349997997283936,0.23599982261657715
4.60099983215332,4.7200000286102295,0.11900019645690918
4.605999946594238,4.7200000286102295,0.11400008201599121
4.6499998569488525,4.8349997997283936,0.18499994277954102
4.6499998569488525,4.8349997997283936,0.18499994277954102
4.651000022888184,4.7200000286102295,0.0690000057220459
4.6549999713897705,4.8349997997283936,0.17999982833862305
4.698999881744385,4.8349997997283936,0.1359999179840088
4.699999809265137,4.8349997997283936,0.13499999046325684
4.700999975204468,4.7200000286102295,0.01900005340576172
4.705999851226807,4.8349997997283936,0.12899994850158691
4.748999834060669,4.8349997997283936,0.08599996566772461
4.75,4.8349997997283936,0.08499979972839355
4.75,5.009999990463257,0.25999999046325684
4.754999876022339,4.8349997997283936,0.07999992370605469
4.799999952316284,5.009999990463257,0.21000003814697266
4.799999952316284,5.009999990463257,0.21000003814697266
4.800999879837036,5.009999990463257,0.2090001106262207
4.804999828338623,4.8349997997283936,0.029999971389770508
4.848999977111816,5.009999990463257,0.16100001335144043
4.849999904632568,5.009999990463257,0.16000008583068848
4.849999904632568,5.009999990463257,0.16000008583068848
4.855999946594238,5.198999881744385,0.3429999351501465
4.898999929428101,5.009999990463257,0.11100006103515625
4.8999998569488525,5.009999990463257,0.1100001335144043
4.901000022888184,5.009999990463257,0.10899996757507324
4.9059998989105225,5.198999881744385,0.2929999828338623
4.948999881744385,5.009999990463257,0.06100010871887207
4.949999809265137,5.009999990463257,0.06000018119812012
4.949999809265137,5.198999881744385,0.24900007247924805
4.954999923706055,5.198999881744385,0.24399995803833008
5.0,5.328999996185303,0.32899999618530273
5.0,5.198999881744385,0.19899988174438477
5.000999927520752,5.198999881744385,0.1979999542236328
5.004999876022339,5.198999881744385,0.1940000057220459
5.049999952316284,5.328999996185303,0.27900004386901855
5.049999952316284,5.198999881744385,0.14899992942810059
5.049999952316284,5.198999881744385,0.14899992942810059
5.054999828338623,5.328999996185303,0.2740001678466797
5.098999977111816,5.198999881744385,0.09999990463256836
5.099999904632568,5.328999996185303,0.22900009155273438
5.099999904632568,5.198999881744385,0.0989999771118164
5.105999946594238,5.328999996185303,0.22300004959106445
5.148999929428101,5.328999996185303,0.18000006675720215
5.1499998569488525,5.198999881744385,0.04900002479553223
5.151000022888184,5.328999996185303,0.17799997329711914
5.1559998989105225,5.328999996185303,0.17300009727478027
5.198999881744385,5.447999954223633,0.24900007247924805
5.199999809265137,5.447999954223633,0.2480001449584961
5.200999975204468,5.328999996185303,0.12800002098083496
5.204999923706055,5.328999996185303,0.12400007247924805
5.25,5.447999954223633,0.1979999542236328
5.25,5.447999954223633,0.1979999542236328
5.25,5.328999996185303,0.07899999618530273
5.255999803543091,5.447999954223633,0.192000150680542
5.299000024795532,5.447999954223633,0.14899992942810059
5.299999952316284,5.447999954223633,0.14800000190734863
5.300999879837036,5.328999996185303,0.0280001163482666
5.304999828338623,5.447999954223633,0.14300012588500977
5.349999904632568,5.447999954223633,0.09800004959106445
5.349999904632568,5.447999954223633,0.09800004959106445
5.349999904632568,5.615999937057495,0.26600003242492676
5.355999946594238,5.447999954223633,0.09200000762939453
5.3999998569488525,5.615999937057495,0.21600008010864258
5.3999998569488525,5.615999937057495,0.21600008010864258
5.401000022888184,5.615999937057495,0.21499991416931152
5.4049999713897705,5.447999954223633,0.042999982833862305
5.449999809265137,5.615999937057495,0.1660001277923584
5.449999809265137,5.615999937057495,0.1660001277923584
5.449999809265137,5.615999937057495,0.1660001277923584
5.455999851226807,5.802999973297119,0.3470001220703125
5.5,5.615999937057495,0.11599993705749512
5.5,5.615999937057495,0.11599993705749512
5.500999927520752,5.802999973297119,0.3020000457763672
5.504999876022339,5.802999973297119,0.2980000972747803
5.549999952316284,5.615999937057495,0.06599998474121094
5.549999952316284,5.615999937057495,0.06599998474121094
5.549999952316284,5.802999973297119,0.25300002098083496
5.555999994277954,5.802999973297119,0.24699997901916504
5.599999904632568,5.934000015258789,0.3340001106262207
5.599999904632568,5.802999973297119,0.20300006866455078
5.599999904632568,5.802999973297119,0.20300006866455078
5.605999946594238,5.802999973297119,0.19700002670288086
5.648999929428101,5.934000015258789,0.2850000858306885
5.648999929428101,5.802999973297119,0.15400004386901855
5.6499998569488525,5.802999973297119,0.1530001163482666
5.6549999713897705,5.934000015258789,0.27900004386901855
5.699999809265137,5.934000015258789,0.23400020599365234
5.699999809265137,5.802999973297119,0.10300016403198242
5.700999975204468,5.802999973297119,0.10199999809265137
5.704999923706055,5.934000015258789,0.22900009155273438
5.75,5.934000015258789,0.18400001525878906
5.75,5.802999973297119,0.05299997329711914
5.750999927520752,5.934000015258789,0.1830000877380371
5.755999803543091,5.934000015258789,0.17800021171569824
5.799000024795532,6.041999816894531,0.24299979209899902
5.799000024795532,6.041999816894531,0.24299979209899902
5.800999879837036,5.934000015258789,0.13300013542175293
5.805999994277954,5.934000015258789,0.12800002098083496
5.849999904632568,6.041999816894531,0.1919999122619629
5.849999904632568,6.041999816894531,0.1919999122619629
5.849999904632568,5.934000015258789,0.0840001106262207
5.855999946594238,6.041999816894531,0.18599987030029297
5.898999929428101,6.041999816894531,0.14299988746643066
5.8999998569488525,6.041999816894531,0.1419999599456787
5.901000022888184,5.934000015258789,0.03299999237060547
5.9049999713897705,6.041999816894531,0.13699984550476074
5.948999881744385,6.041999816894531,0.09299993515014648
5.949999809265137,6.041999816894531,0.09200000762939453
5.949999809265137,6.226999998092651,0.27700018882751465
5.955999851226807,6.041999816894531,0.08599996566772461
5.998999834060669,6.226999998092651,0.22800016403198242
6.0,6.226999998092651,0.22699999809265137
6.000999927520752,6.226999998092651,0.22600007057189941
6.004999876022339,6.041999816894531,0.03699994087219238
6.049999952316284,6.226999998092651,0.1770000457763672
6.049999952316284,6.226999998092651,0.1770000457763672
6.049999952316284,6.226999998092651,0.1770000457763672
6.054999828338623,6.4079999923706055,0.3530001640319824
6.098999977111816,6.226999998092651,0.12800002098083496
6.099999904632568,6.226999998092651,0.127000093460083
6.10099983215332,6.226999998092651,0.12600016593933105
6.105999946594238,6.4079999923706055,0.3020000457763672
6.1499998569488525,6.226999998092651,0.07700014114379883
6.1499998569488525,6.226999998092651,0.07700014114379883
6.1499998569488525,6.4079999923706055,0.25800013542175293
6.1549999713897705,6.4079999923706055,0.25300002098083496
6.199999809265137,6.226999998092651,0.02700018882751465
6.199999809265137,6.4079999923706055,0.20800018310546875
6.200999975204468,6.4079999923706055,0.2070000171661377
6.204999923706055,6.4079999923706055,0.20300006866455078
6.25,6.534999847412109,0.2849998474121094
6.25,6.4079999923706055,0.15799999237060547
6.25,6.4079999923706055,0.15799999237060547
6.255999803543091,6.534999847412109,0.27900004386901855
6.299999952316284,6.534999847412109,0.2349998950958252
6.299999952316284,6.4079999923706055,0.10800004005432129
6.300999879837036,6.4079999923706055,0.10700011253356934
6.305999994277954,6.534999847412109,0.22899985313415527
6.348999977111816,6.4079999923706055,0.05900001525878906
6.349999904632568,6.534999847412109,0.18499994277954102
6.349999904632568,6.534999847412109,0.18499994277954102
6.355000019073486,6.534999847412109,0.17999982833862305
6.3999998569488525,6.645999908447266,0.24600005149841309
6.3999998569488525,6.645999908447266,0.24600005149841309
6.401000022888184,6.534999847412109,0.13399982452392578
6.4049999713897705,6.534999847412109,0.12999987602233887
6.449999809265137,6.645999908447266,0.1960000991821289
6.449999809265137,6.645999908447266,0.1960000991821289
6.449999809265137,6.534999847412109,0.08500003814697266
6.455999851226807,6.645999908447266,0.19000005722045898
6.498999834060669,6.645999908447266,0.14700007438659668
6.5,6.645999908447266,0.14599990844726562
6.500999927520752,6.534999847412109,0.03399991989135742
6.505999803543091,6.645999908447266,0.1400001049041748
6.549999952316284,6.645999908447266,0.09599995613098145
6.549999952316284,6.645999908447266,0.09599995613098145
6.549999952316284,6.822000026702881,0.2720000743865967
6.555999994277954,6.645999908447266,0.08999991416931152
6.599999904632568,6.822000026702881,0.2220001220703125
6.599999904632568,6.822000026702881,0.2220001220703125
6.60099983215332,6.822000026702881,0.22100019454956055
6.605999946594238,6.645999908447266,0.039999961853027344
6.6499998569488525,6.822000026702881,0.17200016975402832
6.6499998569488525,6.822000026702881,0.17200016975402832
6.651000022888184,6.822000026702881,0.17100000381469727
6.6559998989105225,7.010999917984009,0.35500001907348633
6.698999881744385,6.822000026702881,0.1230001449584961
6.699999809265137,6.822000026702881,0.12200021743774414
6.699999809265137,7.010999917984009,0.31100010871887207
6.704999923706055,7.010999917984009,0.3059999942779541
6.75,6.822000026702881,0.07200002670288086
6.75,6.822000026702881,0.07200002670288086
6.750999927520752,7.010999917984009,0.25999999046325684
6.755999803543091,7.010999917984009,0.25500011444091797
6.799000024795532,7.010999917984009,0.21199989318847656
6.799999952316284,7.139999866485596,0.3399999141693115
6.799999952316284,7.010999917984009,0.2109999656677246
6.804999828338623,7.010999917984009,0.20600008964538574
6.849999904632568,7.139999866485596,0.28999996185302734
6.849999904632568,7.010999917984009,0.16100001335144043
6.85099983215332,7.010999917984009,0.16000008583068848
6.855000019073486,7.139999866485596,0.2849998474121094
6.8999998569488525,7.139999866485596,0.24000000953674316
6.8999998569488525,7.010999917984009,0.11100006103515625
6.8999998569488525,7.010999917984009,0.11100006103515625
6.9049999713897705,7.139999866485596,0.2349998950958252
6.948999881744385,7.010999917984009,0.06200003623962402
6.949999809265137,7.139999866485596,0.19000005722045898
6.950999975204468,7.139999866485596,0.18899989128112793
6.954999923706055,7.139999866485596,0.18499994277954102
7.0,7.253999948501587,0.2539999485015869
7.0,7.253999948501587,0.2539999485015869
7.000999927520752,7.139999866485596,0.13899993896484375
7.004999876022339,7.139999866485596,0.13499999046325684
7.049000024795532,7.253999948501587,0.2049999237060547
7.049000024795532,7.253999948501587,0.2049999237060547
7.050999879837036,7.139999866485596,0.08899998664855957
7.055999994277954,7.253999948501587,0.1979999542236328
7.099999904632568,7.253999948501587,0.15400004386901855
7.099999904632568,7.253999948501587,0.15400004386901855
7.10099983215332,7.427999973297119,0.32700014114379883
7.105999946594238,7.253999948501587,0.14800000190734863
7.148999929428101,7.253999948501587,0.10500001907348633
7.1499998569488525,7.253999948501587,0.10400009155273438
7.151000022888184,7.427999973297119,0.27699995040893555
7.1549999713897705,7.253999948501587,0.0989999771118164
7.199999809265137,7.427999973297119,0.22800016403198242
7.199999809265137,7.427999973297119,0.22800016403198242
7.200999975204468,7.427999973297119,0.22699999809265137
7.204999923706055,7.253999948501587,0.04900002479553223
7.25,7.427999973297119,0.17799997329711914
7.25,7.427999973297119,0.17799997329711914
7.250999927520752,7.427999973297119,0.1770000457763672
7.255999803543091,7.613999843597412,0.3580000400543213
7.299999952316284,7.427999973297119,0.12800002098083496
7.299999952316284,7.427999973297119,0.12800002098083496
7.299999952316284,7.427999973297119,0.12800002098083496
7.304999828338623,7.613999843597412,0.30900001525878906
7.349999904632568,7.427999973297119,0.07800006866455078
7.349999904632568,7.427999973297119,0.07800006866455078
7.35099983215332,7.613999843597412,0.2630000114440918
7.355999946594238,7.613999843597412,0.25799989700317383
7.398999929428101,7.613999843597412,0.21499991416931152
7.3999998569488525,7.427999973297119,0.0280001163482666
7.3999998569488525,7.613999843597412,0.21399998664855957
7.4049999713897705,7.613999843597412,0.2089998722076416
7.449999809265137,7.741999864578247,0.29200005531311035
7.449999809265137,7.613999843597412,0.1640000343322754
7.450999975204468,7.613999843597412,0.16299986839294434
7.455999851226807,7.741999864578247,0.28600001335144043
7.498999834060669,7.613999843597412,0.11500000953674316
7.5,7.741999864578247,0.24199986457824707
7.5,7.613999843597412,0.11399984359741211
7.505999803543091,7.741999864578247,0.23600006103515625
7.549999952316284,7.741999864578247,0.1919999122619629
7.549999952316284,7.613999843597412,0.06399989128112793
7.550999879837036,7.741999864578247,0.19099998474121094
7.554999828338623,7.741999864578247,0.18700003623962402
7.598999977111816,7.855000019073486,0.2560000419616699
7.599999904632568,7.855000019073486,0.25500011444091797
7.599999904632568,7.741999864578247,0.1419999599456787
7.605999946594238,7.741999864578247,0.1359999179840088
7.6499998569488525,7.855000019073486,0.2050001621246338
7.6499998569488525,7.855000019073486,0.2050001621246338
7.651000022888184,7.741999864578247,0.09099984169006348
7.6549999713897705,7.855000019073486,0.20000004768371582
7.699999809265137,7.855000019073486,0.1550002098083496
7.699999809265137,7.855000019073486,0.1550002098083496
7.699999809265137,7.741999864578247,0.04200005531311035
7.704999923706055,7.855000019073486,0.15000009536743164
7.748999834060669,7.855000019073486,0.10600018501281738
7.748999834060669,7.855000019073486,0.10600018501281738
7.750999927520752,8.03499984741211,0.2839999198913574
7.754999876022339,7.855000019073486,0.10000014305114746
7.799999952316284,7.855000019073486,0.05500006675720215
7.799999952316284,7.855000019073486,0.05500006675720215
7.799999952316284,8.03499984741211,0.2349998950958252
7.805999994277954,7.855000019073486,0.04900002479553223
7.849999904632568,8.03499984741211,0.18499994277954102
7.849999904632568,8.03499984741211,0.18499994277954102
7.85099983215332,8.03499984741211,0.18400001525878906
7.855999946594238,8.22000002861023,0.3640000820159912
7.8999998569488525,8.03499984741211,0.13499999046325684
7.8999998569488525,8.03499984741211,0.13499999046325684
7.8999998569488525,8.03499984741211,0.13499999046325684
7.9059998989105225,8.22000002861023,0.31400012969970703
7.949999809265137,8.03499984741211,0.08500003814697266
7.949999809265137,8.03499984741211,0.08500003814697266
7.950999975204468,8.218999862670898,0.26799988746643066
7.954999923706055,8.22000002861023,0.2650001049041748
8.0,8.03499984741211,0.034999847412109375
8.0,8.218999862670898,0.21899986267089844
8.000999927520752,8.218999862670898,0.21799993515014648
8.00599980354309,8.22000002861023,0.21400022506713867
8.049999952316284,8.345999956130981,0.29600000381469727
8.049999952316284,8.218999862670898,0.16899991035461426
8.050999879837036,8.22000002861023,0.16900014877319336
8.054999828338623,8.345999956130981,0.2910001277923584
8.099999904632568,8.345999956130981,0.24600005149841309
8.099999904632568,8.218999862670898,0.11899995803833008
8.10099983215332,8.218999862670898,0.11800003051757812
8.105000019073486,8.345999956130981,0.24099993705749512
8.149999856948853,8.345999956130981,0.1960000991821289
8.149999856948853,8.218999862670898,0.0690000057220459
8.151000022888184,8.345999956130981,0.19499993324279785
8.15499997138977,8.345999956130981,0.19099998474121094
8.198999881744385,8.218999862670898,0.019999980926513672
8.199999809265137,8.45799994468689,0.25800013542175293
8.200999975204468,8.345999956130981,0.14499998092651367
8.205999851226807,8.345999956130981,0.1400001049041748
8.25,8.45799994468689,0.20799994468688965
8.25,8.458999872207642,0.2089998722076416
8.250999927520752,8.345999956130981,0.09500002861022949
8.25599980354309,8.458999872207642,0.20300006866455078
8.299999952316284,8.45799994468689,0.15799999237060547
8.299999952316284,8.458999872207642,0.15899991989135742
8.300999879837036,8.345999956130981,0.04500007629394531
8.305999994277954,8.458999872207642,0.1529998779296875
8.349999904632568,8.45799994468689,0.10800004005432129
8.349999904632568,8.458999872207642,0.10899996757507324
8.35099983215332,8.649999856948853,0.2990000247955322
8.355999946594238,8.458999872207642,0.10299992561340332
8.399999856948853,8.45799994468689,0.05800008773803711
8.399999856948853,8.649999856948853,0.25
8.399999856948853,8.649999856948853,0.25
8.405999898910522,8.458999872207642,0.05299997329711914
8.449999809265137,8.649999856948853,0.20000004768371582
8.449999809265137,8.649999856948853,0.20000004768371582
8.450999975204468,8.649999856948853,0.19899988174438477
8.455999851226807,8.82200002670288,0.3660001754760742
8.5,8.649999856948853,0.14999985694885254
8.5,8.649999856948853,0.14999985694885254
8.500999927520752,8.649999856948853,0.14899992942810059
8.50599980354309,8.82200002670288,0.31600022315979004
8.549999952316284,8.649999856948853,0.09999990463256836
8.549999952316284,8.649999856948853,0.09999990463256836
8.549999952316284,8.82200002670288,0.2720000743865967
8.555999994277954,8.82200002670288,0.26600003242492676
8.599999904632568,8.649999856948853,0.04999995231628418
8.599999904632568,8.649999856948853,0.04999995231628418
8.60099983215332,8.82200002670288,0.22100019454956055
8.605000019073486,8.82200002670288,0.21700000762939453
8.6489999294281,8.82200002670288,0.17300009727478027
8.649999856948853,8.949999809265137,0.2999999523162842
8.649999856948853,8.82200002670288,0.17200016975402832
8.655999898910522,8.949999809265137,0.29399991035461426
8.699999809265137,8.949999809265137,0.25
8.699999809265137,8.82200002670288,0.12200021743774414
8.700999975204468,8.82200002670288,0.12100005149841309
8.705999851226807,8.949999809265137,0.24399995803833008
8.75,8.949999809265137,0.19999980926513672
8.75,8.82200002670288,0.07200002670288086
8.75,8.949999809265137,0.19999980926513672
8.75599980354309,8.949999809265137,0.1940000057220459
8.799999952316284,8.949999809265137,0.14999985694885254
8.799999952316284,8.82200002670288,0.02200007438659668
8.800999879837036,8.949999809265137,0.14899992942810059
8.805999994277954,8.949999809265137,0.14399981498718262
8.849999904632568,9.060999870300293,0.2109999656677246
8.849999904632568,9.060999870300293,0.2109999656677246
8.849999904632568,8.949999809265137,0.09999990463256836
8.855999946594238,9.060999870300293,0.2049999237060547
8.8989999294281,9.060999870300293,0.16199994087219238
8.899999856948853,9.060999870300293,0.16100001335144043
8.901000022888184,8.949999809265137,0.048999786376953125
8.905999898910522,9.060999870300293,0.1549999713897705
8.949999809265137,9.060999870300293,0.11100006103515625
8.949999809265137,9.060999870300293,0.11100006103515625
8.950999975204468,9.23799991607666,0.2869999408721924
8.955999851226807,9.060999870300293,0.10500001907348633
8.998999834060669,9.23799991607666,0.2390000820159912
9.0,9.060999870300293,0.06099987030029297
9.000999927520752,9.23799991607666,0.2369999885559082
9.004999876022339,9.060999870300293,0.0559999942779541
9.049999952316284,9.23799991607666,0.18799996376037598
9.049999952316284,9.23799991607666,0.18799996376037598
9.050999879837036,9.23799991607666,0.18700003623962402
9.055999994277954,9.437999963760376,0.3819999694824219
9.099999904632568,9.23799991607666,0.1380000114440918
9.099999904632568,9.23799991607666,0.1380000114440918
9.10099983215332,9.23799991607666,0.13700008392333984
9.105999946594238,9.437999963760376,0.3320000171661377
9.149999856948853,9.23799991607666,0.08800005912780762
9.149999856948853,9.23799991607666,0.08800005912780762
9.151000022888184,9.438999891281128,0.28799986839294434
9.15499997138977,9.437999963760376,0.28299999237060547
9.199999809265137,9.23799991607666,0.03800010681152344
9.199999809265137,9.437999963760376,0.23800015449523926
9.199999809265137,9.438999891281128,0.2390000820159912
9.205999851226807,9.437999963760376,0.23200011253356934
9.248999834060669,9.553999900817871,0.30500006675720215
9.25,9.437999963760376,0.18799996376037598
9.250999927520752,9.438999891281128,0.18799996376037598
9.254999876022339,9.55299997329712,0.2980000972747803
9.299999952316284,9.553999900817871,0.2539999485015869
9.299999952316284,9.437999963760376,0.1380000114440918
9.299999952316284,9.438999891281128,0.13899993896484375
9.305999994277954,9.553999900817871,0.247999906539917
9.348999977111816,9.437999963760376,0.08899998664855957
9.349999904632568,9.553999900817871,0.20399999618530273
9.35099983215332,9.553999900817871,0.20300006866455078
9.355999946594238,9.553999900817871,0.1979999542236328
9.399999856948853,9.553999900817871,0.15400004386901855
9.399999856948853,9.666999816894531,0.2669999599456787
9.399999856948853,9.553999900817871,0.15400004386901855
9.405999898910522,9.553999900817871,0.14800000190734863
9.449999809265137,9.666999816894531,0.21700000762939453
9.449999809265137,9.666999816894531,0.21700000762939453
9.450999975204468,9.553999900817871,0.10299992561340332
9.455999851226807,9.666999816894531,0.2109999656677246
9.5,9.666999816894531,0.16699981689453125
9.5,9.666999816894531,0.16699981689453125
9.5,9.553999900817871,0.053999900817871094
9.504999876022339,9.666999816894531,0.16199994087219238
9.549999952316284,9.666999816894531,0.11699986457824707
9.549999952316284,9.666999816894531,0.11699986457824707
9.550999879837036,9.842000007629395,0.2910001277923584
9.555999994277954,9.666999816894531,0.11099982261657715
9.599999904632568,9.666999816894531,0.06699991226196289
9.599999904632568,9.666999816894531,0.06699991226196289
9.599999904632568,9.842000007629395,0.24200010299682617
9.605000019073486,9.666999816894531,0.06199979782104492
9.649999856948853,9.842000007629395,0.192000150680542
9.649999856948853,9.842000007629395,0.192000150680542
9.651000022888184,9.842000007629395,0.19099998474121094
9.655999898910522,10.043999910354614,0.3880000114440918
9.698999881744385,9.842000007629395,0.14300012588500977
9.699999809265137,9.842000007629395,0.1420001983642578
9.700999975204468,9.842000007629395,0.14100003242492676
9.704999923706055,10.043999910354614,0.33899998664855957
9.75,9.842000007629395,0.09200000762939453
9.75,9.842000007629395,0.09200000762939453
9.750999927520752,10.043999910354614,0.2929999828338623
9.75599980354309,10.043999910354614,0.28800010681152344
9.799999952316284,9.842000007629395,0.04200005531311035
9.799999952316284,9.842000007629395,0.04200005531311035
9.800999879837036,10.043999910354614,0.24300003051757812
9.805999994277954,10.043999910354614,0.23799991607666016
9.849999904632568,10.157999992370605,0.3080000877380371
9.849999904632568,10.043999910354614,0.1940000057220459
9.85099983215332,10.043999910354614,0.19300007820129395
9.855999946594238,10.043999910354614,0.18799996376037598
9.899999856948853,10.157999992370605,0.25800013542175293
9.899999856948853,10.043999910354614,0.14400005340576172
9.901000022888184,10.043999910354614,0.14299988746643066
9.905999898910522,10.157999992370605,0.252000093460083
9.949999809265137,10.157999992370605,0.20800018310546875
9.949999809265137,10.043999910354614,0.09400010108947754
9.950999975204468,10.157999992370605,0.2070000171661377
9.954999923706055,10.157999992370605,0.20300006866455078
10.0,10.289999961853027,0.28999996185302734
10.0,10.043999910354614,0.04399991035461426
10.000999927520752,10.157999992370605,0.15700006484985352
10.00599980354309,10.157999992370605,0.15200018882751465
10.049999952316284,10.289999961853027,0.24000000953674316
10.049999952316284,10.289999961853027,0.24000000953674316
10.049999952316284,10.157999992370605,0.10800004005432129
10.055999994277954,10.157999992370605,0.10199999809265137
10.099999904632568,10.289999961853027,0.19000005722045898
10.099999904632568,10.289999961853027,0.19000005722045898
10.10099983215332,10.157999992370605,0.057000160217285156
10.105999946594238,10.289999961853027,0.18400001525878906
10.149999856948853,10.289999961853027,0.1400001049041748
10.149999856948853,10.289999961853027,0.1400001049041748
10.151000022888184,10.44700002670288,0.29600000381469727
10.155999898910522,10.289999961853027,0.13400006294250488
10.199999809265137,10.289999961853027,0.09000015258789062
10.199999809265137,10.447999954223633,0.2480001449584961
10.200999975204468,10.44700002670288,0.24600005149841309
10.204999923706055,10.289999961853027,0.08500003814697266
10.25,10.447999954223633,0.1979999542236328
10.25,10.447999954223633,0.1979999542236328
10.250999927520752,10.44700002670288,0.1960000991821289
10.254999876022339,10.289999961853027,0.03500008583068848
10.299999952316284,10.447999954223633,0.14800000190734863
10.299999952316284,10.447999954223633,0.14800000190734863
10.300999879837036,10.44700002670288,0.14600014686584473
10.305999994277954,10.632999897003174,0.3269999027252197
10.349999904632568,10.447999954223633,0.09800004959106445
10.349999904632568,10.447999954223633,0.09800004959106445
10.35099983215332,10.632999897003174,0.2820000648498535
10.355999946594238,10.632999897003174,0.27699995040893555
10.399999856948853,10.44700002670288,0.04700016975402832
10.399999856948853,10.447999954223633,0.04800009727478027
10.401000022888184,10.632999897003174,0.23199987411499023
10.405999898910522,10.632999897003174,0.22699999809265137
10.449999809265137,10.763000011444092,0.3130002021789551
10.449999809265137,10.632999897003174,0.1830000877380371
10.450999975204468,10.632999897003174,0.18199992179870605
10.454999923706055,10.632999897003174,0.17799997329711914
10.5,10.763000011444092,0.2630000114440918
10.5,10.632999897003174,0.13299989700317383
10.500999927520752,10.632999897003174,0.13199996948242188
10.50599980354309,10.763000011444092,0.257000207901001
10.549999952316284,10.763000011444092,0.21300005912780762
10.549999952316284,10.632999897003174,0.08299994468688965
10.550999879837036,10.763000011444092,0.21200013160705566
10.555999994277954,10.763000011444092,0.2070000171661377
10.599999904632568,10.763000011444092,0.16300010681152344
10.599999904632568,10.632999897003174,0.03299999237060547
10.60099983215332,10.763000011444092,0.16200017929077148
10.605999946594238,10.763000011444092,0.15700006484985352
10.649999856948853,10.885999917984009,0.23600006103515625
10.649999856948853,10.884999990463257,0.2350001335144043
10.649999856948853,10.763000011444092,0.11300015449523926
10.655999898910522,10.763000011444092,0.10700011253356934
10.699999809265137,10.885999917984009,0.18600010871887207
10.699999809265137,10.884999990463257,0.18500018119812012
10.700999975204468,10.763000011444092,0.06200003623962402
10.705999851226807,10.884999990463257,0.1790001392364502
10.75,10.885999917984009,0.1359999179840088
10.75,10.884999990463257,0.13499999046325684
10.75,11.05299997329712,0.30299997329711914
10.75599980354309,10.884999990463257,0.12900018692016602
10.799999952316284,10.884999990463257,0.08500003814697266
10.800999879837036,10.885999917984009,0.08500003814697266
10.800999879837036,11.05299997329712,0.252000093460083
10.805999994277954,10.884999990463257,0.07899999618530273
10.849999904632568,11.05299997329712,0.20300006866455078
10.849999904632568,11.05299997329712,0.20300006866455078
10.849999904632568,11.05299997329712,0.20300006866455078
10.855999946594238,10.884999990463257,0.029000043869018555
10.899999856948853,11.05299997329712,0.1530001163482666
10.901000022888184,11.05299997329712,0.15199995040893555
10.901000022888184,11.05299997329712,0.15199995040893555
10.90499997138977,11.236999988555908,0.3320000171661377
10.949999809265137,11.05299997329712,0.10300016403198242
10.949999809265137,11.05299997329712,0.10300016403198242
10.949999809265137,11.236999988555908,0.2870001792907715
10.955999851226807,11.236999988555908,0.28100013732910156
11.0,11.05299997329712,0.05299997329711914
11.0,11.236999988555908,0.2369999885559082
11.000999927520752,11.236999988555908,0.23600006103515625
11.00599980354309,11.236999988555908,0.23100018501281738
11.049999952316284,11.378999948501587,0.32899999618530273
11.049999952316284,11.236999988555908,0.18700003623962402
11.050999879837036,11.236999988555908,0.18600010871887207
11.055999994277954,11.236999988555908,0.1809999942779541
11.099999904632568,11.378999948501587,0.27900004386901855
11.099999904632568,11.236999988555908,0.13700008392333984
11.10099983215332,11.236999988555908,0.1360001564025879
11.105999946594238,11.378000020980835,0.2720000743865967
11.149999856948853,11.378999948501587,0.22900009155273438
11.149999856948853,11.236999988555908,0.08700013160705566
11.149999856948853,11.378999948501587,0.22900009155273438
11.155999898910522,11.378000020980835,0.2220001220703125
11.199999809265137,11.378999948501587,0.1790001392364502
11.199999809265137,11.236999988555908,0.037000179290771484
11.200999975204468,11.378999948501587,0.17799997329711914
11.205999851226807,11.378000020980835,0.17200016975402832
11.25,11.494999885559082,0.24499988555908203
11.25,11.494999885559082,0.24499988555908203
11.250999927520752,11.378999948501587,0.12800002098083496
11.25599980354309,11.378000020980835,0.12200021743774414
11.299999952316284,11.494999885559082,0.19499993324279785
11.300999879837036,11.494999885559082,0.1940000057220459
11.300999879837036,11.378999948501587,0.07800006866455078
11.305999994277954,11.494999885559082,0.18899989128112793
11.349999904632568,11.494999885559082,0.14499998092651367
11.349999904632568,11.494999885559082,0.14499998092651367
11.35099983215332,11.378999948501587,0.0280001163482666
11.355999946594238,11.494999885559082,0.13899993896484375
11.399999856948853,11.494999885559082,0.09500002861022949
11.399999856948853,11.494999885559082,0.09500002861022949
11.401000022888184,11.652999877929688,0.2519998550415039
11.405999898910522,11.494999885559082,0.08899998664855957
11.449999809265137,11.652999877929688,0.20300006866455078
11.449999809265137,11.652999877929688,0.20300006866455078
11.450999975204468,11.652999877929688,0.20199990272521973
11.455999851226807,11.494999885559082,0.03900003433227539
11.5,11.652999877929688,0.1529998779296875
11.5,11.652999877929688,0.1529998779296875
11.500999927520752,11.652999877929688,0.15199995040893555
11.50599980354309,11.842000007629395,0.3360002040863037
11.549999952316284,11.652999877929688,0.10299992561340332
11.549999952316284,11.652999877929688,0.10299992561340332
11.550999879837036,11.842000007629395,0.2910001277923584
11.555999994277954,11.842000007629395,0.28600001335144043
11.599999904632568,11.652999877929688,0.05299997329711914
11.599999904632568,11.652999877929688,0.05299997329711914
11.60099983215332,11.842000007629395,0.24100017547607422
11.605999946594238,11.842000007629395,0.23600006103515625
11.649999856948853,11.97000002861023,0.32000017166137695
11.649999856948853,11.842000007629395,0.192000150680542
11.651000022888184,11.842000007629395,0.19099998474121094
11.655999898910522,11.842000007629395,0.18600010871887207
11.699999809265137,11.97000002861023,0.2700002193450928
11.699999809265137,11.842000007629395,0.1420001983642578
11.699999809265137,11.842000007629395,0.1420001983642578
11.704999923706055,11.97000002861023,0.2650001049041748
11.75,11.97000002861023,0.2200000286102295
11.75,11.842000007629395,0.09200000762939453
11.750999927520752,11.842000007629395,0.09100008010864258
11.75599980354309,11.97000002861023,0.21400022506713867
11.799999952316284,12.10099983215332,0.30099987983703613
11.799999952316284,11.97000002861023,0.1700000762939453
11.800999879837036,11.97000002861023,0.16900014877319336
11.805999994277954,11.97000002861023,0.1640000343322754
11.849999904632568,12.10099983215332,0.25099992752075195
11.849999904632568,12.10099983215332,0.25099992752075195
11.85099983215332,11.97000002861023,0.11900019645690918
11.855999946594238,11.97000002861023,0.11400008201599121
11.899999856948853,12.10099983215332,0.20099997520446777
11.899999856948853,12.10099983215332,0.20099997520446777
11.899999856948853,11.97000002861023,0.07000017166137695
11.90499997138977,12.10099983215332,0.1959998607635498
11.949999809265137,12.10099983215332,0.1510000228881836
11.950999975204468,12.10099983215332,0.14999985694885254
11.950999975204468,12.25599980354309,0.30499982833862305
11.955999851226807,12.10099983215332,0.14499998092651367
12.0,12.10099983215332,0.10099983215332031
12.0,12.10099983215332,0.10099983215332031
12.0,12.25599980354309,0.2559998035430908
12.00599980354309,12.10099983215332,0.09500002861022949
12.049999952316284,12.25599980354309,0.20599985122680664
12.049999952316284,12.25599980354309,0.20599985122680664
12.050999879837036,12.25599980354309,0.2049999237060547
12.055999994277954,12.10099983215332,0.04499983787536621
12.099999904632568,12.25599980354309,0.15599989891052246
12.099999904632568,12.25599980354309,0.15599989891052246
12.099999904632568,12.25599980354309,0.15599989891052246
12.105999946594238,12.44700002670288,0.3410000801086426
12.149999856948853,12.25599980354309,0.10599994659423828
12.149999856948853,12.25599980354309,0.10599994659423828
12.151000022888184,12.44700002670288,0.29600000381469727
12.15499997138977,12.44700002670288,0.29200005531311035
12.199999809265137,12.25599980354309,0.0559999942779541
12.199999809265137,12.25599980354309,0.0559999942779541
12.199999809265137,12.44700002670288,0.24700021743774414
12.204999923706055,12.44700002670288,0.24200010299682617
12.25,12.573999881744385,0.32399988174438477
12.25,12.44700002670288,0.19700002670288086
12.250999927520752,12.44700002670288,0.1960000991821289
12.25599980354309,12.44700002670288,0.19100022315979004
12.299999952316284,12.44700002670288,0.14700007438659668
12.300999879837036,12.573999881744385,0.27300000190734863
12.300999879837036,12.44700002670288,0.14600014686584473
12.305999994277954,12.572999954223633,0.2669999599456787
12.349999904632568,12.573999881744385,0.2239999771118164
12.349999904632568,12.44700002670288,0.0970001220703125
12.35099983215332,12.44700002670288,0.09600019454956055
12.355999946594238,12.572999954223633,0.21700000762939453
12.399999856948853,12.573999881744385,0.17400002479553223
12.399999856948853,12.44700002670288,0.04700016975402832
12.401000022888184,12.573999881744385,0.17299985885620117
12.40499997138977,12.573999881744385,0.16899991035461426
12.449999809265137,12.717000007629395,0.2670001983642578
12.449999809265137,12.717000007629395,0.2670001983642578
12.450999975204468,12.573999881744385,0.12299990653991699
12.455999851226807,12.572999954223633,0.11700010299682617
12.5,12.717000007629395,0.21700000762939453
12.500999927520752,12.717000007629395,0.21600008010864258
12.500999927520752,12.573999881744385,0.07299995422363281
12.50599980354309,12.717000007629395,0.2110002040863037
12.549999952316284,12.717000007629395,0.16700005531311035
12.550999879837036,12.717000007629395,0.1660001277923584
12.550999879837036,12.573999881744385,0.023000001907348633
12.555999994277954,12.717000007629395,0.16100001335144043
12.599999904632568,12.717000007629395,0.11700010299682617
12.599999904632568,12.717000007629395,0.11700010299682617
12.60099983215332,12.860999822616577,0.25999999046325684
12.605999946594238,12.717000007629395,0.11100006103515625
12.649999856948853,12.861999988555908,0.21200013160705566
12.649999856948853,12.860999822616577,0.2109999656677246
12.651000022888184,12.860999822616577,0.20999979972839355
12.655999898910522,12.717000007629395,0.06100010871887207
12.699999809265137,12.861999988555908,0.16200017929077148
12.699999809265137,12.860999822616577,0.16100001335144043
12.700999975204468,12.860999822616577,0.15999984741210938
12.705999851226807,13.051999807357788,0.34599995613098145
12.75,12.860999822616577,0.11099982261657715
12.750999927520752,12.860999822616577,0.1099998950958252
12.750999927520752,13.051999807357788,0.30099987983703613
12.75599980354309,13.051999807357788,0.29600000381469727
12.799999952316284,12.861999988555908,0.06200003623962402
12.799999952316284,12.860999822616577,0.06099987030029297
12.800999879837036,13.051999807357788,0.25099992752075195
12.805999994277954,13.051999807357788,0.24599981307983398
12.849999904632568,12.861999988555908,0.012000083923339844
12.849999904632568,13.051999807357788,0.20199990272521973
12.85099983215332,13.051999807357788,0.20099997520446777
12.855000019073486,13.051999807357788,0.19699978828430176
12.899999856948853,13.186999797821045,0.2869999408721924
12.899999856948853,13.051999807357788,0.15199995040893555
12.901000022888184,13.051999807357788,0.1509997844696045
12.905999898910522,13.185999870300293,0.2799999713897705
12.949999809265137,13.186999797821045,0.2369999885559082
12.949999809265137,13.051999807357788,0.10199999809265137
12.950999975204468,13.185999870300293,0.2349998950958252
12.955999851226807,13.185999870300293,0.23000001907348633
13.0,13.186999797821045,0.18699979782104492
13.0,13.051999807357788,0.051999807357788086
13.0,13.185999870300293,0.18599987030029297
13.004999876022339,13.185999870300293,0.1809999942779541
13.049999952316284,13.309000015258789,0.2590000629425049
13.049999952316284,13.309000015258789,0.2590000629425049
13.050999879837036,13.185999870300293,0.13499999046325684
13.055999994277954,13.185999870300293,0.12999987602233887
13.099999904632568,13.309000015258789,0.2090001106262207
13.099999904632568,13.309000015258789,0.2090001106262207
13.10099983215332,13.185999870300293,0.08500003814697266
13.105999946594238,13.309000015258789,0.20300006866455078
13.149999856948853,13.309000015258789,0.15900015830993652
13.149999856948853,13.309000015258789,0.15900015830993652
13.151000022888184,13.185999870300293,0.034999847412109375
13.155999898910522,13.309000015258789,0.1530001163482666
13.199999809265137,13.309000015258789,0.10900020599365234
13.199999809265137,13.309000015258789,0.10900020599365234
13.199999809265137,13.46399998664856,0.26400017738342285
13.205999851226807,13.309000015258789,0.10300016403198242
13.25,13.462999820709229,0.21299982070922852
13.25,13.46399998664856,0.21399998664855957
13.250999927520752,13.46399998664856,0.21300005912780762
13.25599980354309,13.309000015258789,0.05300021171569824
13.299999952316284,13.46399998664856,0.1640000343322754
13.299999952316284,13.46399998664856,0.1640000343322754
13.300999879837036,13.46399998664856,0.16300010681152344
13.305999994277954,13.652999877929688,0.3469998836517334
13.349999904632568,13.46399998664856,0.11400008201599121
13.349999904632568,13.46399998664856,0.11400008201599121
13.35099983215332,13.652999877929688,0.3020000457763672
13.355999946594238,13.652999877929688,0.2969999313354492
13.399999856948853,13.46399998664856,0.06400012969970703
13.401000022888184,13.462999820709229,0.06199979782104492
13.401000022888184,13.652999877929688,0.2519998550415039
13.405999898910522,13.652999877929688,0.24699997901916504
13.449999809265137,13.792999982833862,0.3430001735687256
13.449999809265137,13.652999877929688,0.20300006866455078
13.450999975204468,13.652999877929688,0.20199990272521973
13.455999851226807,13.652999877929688,0.19700002670288086
13.5,13.652999877929688,0.1529998779296875
13.500999927520752,13.792999982833862,0.29200005531311035
13.500999927520752,13.652999877929688,0.15199995040893555
13.50599980354309,13.791999816894531,0.28600001335144043
13.549999952316284,13.652999877929688,0.10299992561340332
13.549999952316284,13.792999982833862,0.24300003051757812
13.550999879837036,13.792999982833862,0.24200010299682617
13.555999994277954,13.792999982833862,0.2369999885559082
13.599999904632568,13.652999877929688,0.05299997329711914
13.60099983215332,13.792999982833862,0.192000150680542
13.60099983215332,13.792999982833862,0.192000150680542
13.605999946594238,13.791999816894531,0.18599987030029297
13.649999856948853,13.919999837875366,0.26999998092651367
13.649999856948853,13.919999837875366,0.26999998092651367
13.649999856948853,13.792999982833862,0.14300012588500977
13.655999898910522,13.791999816894531,0.1359999179840088
13.699999809265137,13.919999837875366,0.2200000286102295
13.700999975204468,13.919999837875366,0.21899986267089844
13.700999975204468,13.792999982833862,0.09200000762939453
13.705999851226807,13.919999837875366,0.21399998664855957
13.75,13.919999837875366,0.1699998378753662
13.75,13.919999837875366,0.1699998378753662
13.750999927520752,13.792999982833862,0.04200005531311035
13.75599980354309,13.919999837875366,0.1640000343322754
13.799999952316284,13.919999837875366,0.11999988555908203
13.799999952316284,13.919999837875366,0.11999988555908203
13.800999879837036,14.065999984741211,0.2650001049041748
13.804999828338623,13.919999837875366,0.11500000953674316
13.849999904632568,14.065999984741211,0.21600008010864258
13.849999904632568,14.065999984741211,0.21600008010864258
13.85099983215332,14.065999984741211,0.21500015258789062
13.855999946594238,13.919999837875366,0.06399989128112793
13.899999856948853,14.065999984741211,0.1660001277923584
13.899999856948853,14.065999984741211,0.1660001277923584
13.901000022888184,14.065999984741211,0.16499996185302734
13.905999898910522,14.256999969482422,0.3510000705718994
13.949999809265137,14.065999984741211,0.11600017547607422
13.949999809265137,14.065999984741211,0.11600017547607422
13.950999975204468,14.256999969482422,0.3059999942779541
13.955999851226807,14.256999969482422,0.30100011825561523
14.0,14.065999984741211,0.06599998474121094
14.0,14.065999984741211,0.06599998474121094
14.000999927520752,14.256999969482422,0.2560000419616699
14.00599980354309,14.256999969482422,0.25100016593933105
14.049999952316284,14.384999990463257,0.33500003814697266
14.049999952316284,14.256999969482422,0.2070000171661377
14.050999879837036,14.256999969482422,0.20600008964538574
14.055999994277954,14.256999969482422,0.20099997520446777
14.099999904632568,14.384999990463257,0.2850000858306885
14.099999904632568,14.256999969482422,0.15700006484985352
14.10099983215332,14.256999969482422,0.15600013732910156
14.105999946594238,14.384999990463257,0.27900004386901855
14.149999856948853,14.384999990463257,0.2350001335144043
14.149999856948853,14.256999969482422,0.10700011253356934
14.151000022888184,14.384999990463257,0.23399996757507324
14.155999898910522,14.384999990463257,0.22900009155273438
14.199999809265137,14.384999990463257,0.18500018119812012
14.199999809265137,14.256999969482422,0.057000160217285156
14.200999975204468,14.384999990463257,0.18400001525878906
14.205999851226807,14.384999990463257,0.1790001392364502
14.25,14.53499984741211,0.2849998474121094
14.25,14.533999919891357,0.2839999198913574
14.250999927520752,14.384999990463257,0.13400006294250488
14.25599980354309,14.384999990463257,0.12900018692016602
14.299999952316284,14.53499984741211,0.2349998950958252
14.299999952316284,14.533999919891357,0.23399996757507324
14.300999879837036,14.384999990463257,0.0840001106262207
14.305999994277954,14.384999990463257,0.07899999618530273
14.349999904632568,14.533999919891357,0.18400001525878906
14.35099983215332,14.53499984741211,0.18400001525878906
14.35099983215332,14.384999990463257,0.03400015830993652
14.355999946594238,14.53499984741211,0.1789999008178711
14.399999856948853,14.53499984741211,0.13499999046325684
14.399999856948853,14.533999919891357,0.13400006294250488
14.401000022888184,14.67199993133545,0.2709999084472656
14.405999898910522,14.53499984741211,0.12899994850158691
14.449999809265137,14.67199993133545,0.2220001220703125
14.450999975204468,14.53499984741211,0.0839998722076416
14.450999975204468,14.67199993133545,0.22099995613098145
14.455999851226807,14.53499984741211,0.07899999618530273
14.5,14.67199993133545,0.17199993133544922
14.5,14.67199993133545,0.17199993133544922
14.500999927520752,14.67199993133545,0.17100000381469727
14.50599980354309,14.53499984741211,0.029000043869018555
14.549999952316284,14.67199993133545,0.12199997901916504
14.549999952316284,14.67199993133545,0.12199997901916504
14.550999879837036,14.861999988555908,0.31100010871887207
14.555999994277954,14.861999988555908,0.3059999942779541
14.599999904632568,14.67199993133545,0.07200002670288086
14.60099983215332,14.67199993133545,0.0710000991821289
14.60099983215332,14.861999988555908,0.2610001564025879
14.605999946594238,14.861999988555908,0.2560000419616699
14.649999856948853,14.988999843597412,0.33899998664855957
14.649999856948853,14.861999988555908,0.21200013160705566
14.651000022888184,14.861999988555908,0.2109999656677246
14.655999898910522,14.861999988555908,0.20600008964538574
14.699999809265137,14.988999843597412,0.2890000343322754
14.699999809265137,14.861999988555908,0.16200017929077148
14.700999975204468,14.861999988555908,0.16100001335144043
14.705999851226807,14.861999988555908,0.15600013732910156
14.75,14.988999843597412,0.2389998435974121
14.75,14.861999988555908,0.1119999885559082
14.750999927520752,14.988999843597412,0.23799991607666016
14.75599980354309,14.988999843597412,0.2330000400543213
14.799999952316284,14.988999843597412,0.18899989128112793
14.799999952316284,14.861999988555908,0.06200003623962402
14.800999879837036,14.988999843597412,0.18799996376037598
14.805999994277954,14.988999843597412,0.182999849319458
14.849999904632568,14.988999843597412,0.13899993896484375
14.849999904632568,15.129999876022339,0.2799999713897705
14.85099983215332,14.988999843597412,0.1380000114440918
14.855999946594238,14.988999843597412,0.13299989700317383
14.899999856948853,15.129999876022339,0.23000001907348633
14.899999856948853,15.129999876022339,0.23000001907348633
14.901000022888184,14.988999843597412,0.08799982070922852
14.905999898910522,14.988999843597412,0.08299994468688965
14.949999809265137,15.129999876022339,0.18000006675720215
14.950999975204468,15.129999876022339,0.1789999008178711
14.950999975204468,14.988999843597412,0.037999868392944336
14.955999851226807,15.129999876022339,0.17400002479553223
15.0,15.129999876022339,0.12999987602233887
15.0,15.129999876022339,0.12999987602233887
15.000999927520752,15.2739999294281,0.27300000190734863
15.00599980354309,15.129999876022339,0.12400007247924805
15.049999952316284,15.129999876022339,0.07999992370605469
15.049999952316284,15.2739999294281,0.2239999771118164
15.050999879837036,15.2739999294281,0.22300004959106445
15.054999828338623,15.129999876022339,0.07500004768371582
15.099999904632568,15.2739999294281,0.17400002479553223
15.099999904632568,15.2739999294281,0.17400002479553223
15.10099983215332,15.2739999294281,0.17300009727478027
15.105999946594238,15.129999876022339,0.023999929428100586
15.149999856948853,15.2739999294281,0.12400007247924805
15.149999856948853,15.2739999294281,0.12400007247924805
15.151000022888184,15.2739999294281,0.12299990653991699
15.155999898910522,15.464999914169312,0.30900001525878906
15.199999809265137,15.2739999294281,0.07400012016296387
15.199999809265137,15.2739999294281,0.07400012016296387
15.200999975204468,15.464999914169312,0.26399993896484375
15.204999923706055,15.464999914169312,0.25999999046325684
15.25,15.609999895095825,0.3599998950958252
15.25,15.464999914169312,0.21499991416931152
15.250999927520752,15.464999914169312,0.21399998664855957
15.25599980354309,15.464999914169312,0.2090001106262207
15.299999952316284,15.609999895095825,0.309999942779541
15.299999952316284,15.464999914169312,0.16499996185302734
15.300999879837036,15.464999914169312,0.1640000343322754
15.305999994277954,15.464999914169312,0.15899991989135742
15.349999904632568,15.609999895095825,0.25999999046325684
15.349999904632568,15.464999914169312,0.11500000953674316
15.35099983215332,15.464999914169312,0.11400008201599121
15.355999946594238,15.609999895095825,0.2539999485015869
15.399999856948853,15.609999895095825,0.21000003814697266
15.399999856948853,15.464999914169312,0.06500005722045898
15.401000022888184,15.609999895095825,0.2089998722076416
15.405999898910522,15.609999895095825,0.20399999618530273
15.449999809265137,15.743000030517578,0.2930002212524414
15.450999975204468,15.609999895095825,0.15899991989135742
15.450999975204468,15.609999895095825,0.15899991989135742
15.455999851226807,15.609999895095825,0.15400004386901855
15.5,15.743000030517578,0.24300003051757812
15.5,15.743000030517578,0.24300003051757812
15.500999927520752,15.609999895095825,0.10899996757507324
15.50599980354309,15.609999895095825,0.10400009155273438
15.549999952316284,15.743000030517578,0.19300007820129395
15.549999952316284,15.743000030517578,0.19300007820129395
15.550999879837036,15.609999895095825,0.05900001525878906
15.555999994277954,15.743000030517578,0.18700003623962402
15.599999904632568,15.743000030517578,0.14300012588500977
15.599999904632568,15.743000030517578,0.14300012588500977
15.60099983215332,15.888999938964844,0.28800010681152344
15.605999946594238,15.743000030517578,0.13700008392333984
15.649999856948853,15.888999938964844,0.2390000820159912
15.649999856948853,15.888999938964844,0.2390000820159912
15.651000022888184,15.888999938964844,0.23799991607666016
15.655999898910522,15.743000030517578,0.08700013160705566
15.699999809265137,15.888999938964844,0.18900012969970703
15.699999809265137,15.888999938964844,0.18900012969970703
15.700999975204468,15.888999938964844,0.18799996376037598
15.705999851226807,15.743000030517578,0.037000179290771484
15.75,15.888999938964844,0.13899993896484375
15.750999927520752,15.888999938964844,0.1380000114440918
15.750999927520752,15.888999938964844,0.1380000114440918
15.75599980354309,16.069000005722046,0.3130002021789551
15.799999952316284,15.888999938964844,0.08899998664855957
15.799999952316284,15.888999938964844,0.08899998664855957
15.800999879837036,16.069000005722046,0.26800012588500977
15.805999994277954,16.069000005722046,0.2630000114440918
15.849999904632568,15.888999938964844,0.03900003433227539
15.85099983215332,16.069000005722046,0.21800017356872559
15.85099983215332,16.069000005722046,0.21800017356872559
15.85699987411499,16.069000005722046,0.21200013160705566
15.899999856948853,16.069000005722046,0.16900014877319336
15.901000022888184,16.198999881744385,0.29799985885620117
15.901000022888184,16.069000005722046,0.1679999828338623
15.905999898910522,16.069000005722046,0.16300010681152344
15.949999809265137,16.198999881744385,0.24900007247924805
15.950999975204468,16.069000005722046,0.11800003051757812
15.950999975204468,16.069000005722046,0.11800003051757812
15.955999851226807,16.198999881744385,0.24300003051757812
16.0,16.198999881744385,0.19899988174438477
16.0,16.069000005722046,0.0690000057220459
16.000999927520752,16.198999881744385,0.1979999542236328
16.00599980354309,16.198999881744385,0.19300007820129395
16.049999952316284,16.198999881744385,0.14899992942810059
16.049999952316284,16.069000005722046,0.01900005340576172
16.050999879837036,16.198999881744385,0.14800000190734863
16.055999994277954,16.198999881744385,0.14299988746643066
16.09999990463257,16.3439998626709,0.24399995803833008
16.10099983215332,16.3439998626709,0.24300003051757812
16.10099983215332,16.198999881744385,0.09800004959106445
16.10599994659424,16.198999881744385,0.09299993515014648
16.149999856948853,16.3439998626709,0.1940000057220459
16.151000022888184,16.3439998626709,0.19299983978271484
16.151000022888184,16.198999881744385,0.04799985885620117
16.155999898910522,16.3439998626709,0.18799996376037598
16.199999809265137,16.3439998626709,0.14400005340576172
16.200999975204468,16.3439998626709,0.14299988746643066
16.200999975204468,16.484999895095825,0.2839999198913574
16.205999851226807,16.3439998626709,0.1380000114440918
16.25,16.483999967575073,0.23399996757507324
16.25,16.484999895095825,0.2349998950958252
16.250999927520752,16.484999895095825,0.23399996757507324
16.25599980354309,16.3439998626709,0.08800005912780762
16.300999879837036,16.483999967575073,0.1830000877380371
16.300999879837036,16.484999895095825,0.18400001525878906
16.300999879837036,16.484999895095825,0.18400001525878906
16.305999994277954,16.3439998626709,0.037999868392944336
16.34999990463257,16.484999895095825,0.13499999046325684
16.35099983215332,16.483999967575073,0.13300013542175293
16.35099983215332,16.484999895095825,0.13400006294250488
16.35599994659424,16.671000003814697,0.315000057220459
16.399999856948853,16.483999967575073,0.0840001106262207
16.401000022888184,16.484999895095825,0.0839998722076416
16.401000022888184,16.671000003814697,0.26999998092651367
16.405999898910522,16.671000003814697,0.2650001049041748
16.449999809265137,16.801999807357788,0.35199999809265137
16.449999809265137,16.484999895095825,0.03500008583068848
16.450999975204468,16.671000003814697,0.2200000286102295
16.455999851226807,16.671000003814697,0.21500015258789062
16.5,16.801999807357788,0.3019998073577881
16.5,16.671000003814697,0.17100000381469727
16.500999927520752,16.671000003814697,0.1700000762939453
16.50599980354309,16.671000003814697,0.16500020027160645
16.549999952316284,16.801999807357788,0.2519998550415039
16.550999879837036,16.671000003814697,0.12000012397766113
16.550999879837036,16.671000003814697,0.12000012397766113
16.555999994277954,16.801999807357788,0.24599981307983398
16.59999990463257,16.801999807357788,0.20199990272521973
16.59999990463257,16.671000003814697,0.0710000991821289
16.60099983215332,16.801999807357788,0.20099997520446777
16.60599994659424,16.801999807357788,0.1959998607635498
16.649999856948853,16.93999981880188,0.28999996185302734
16.651000022888184,16.93999981880188,0.2889997959136963
16.651000022888184,16.801999807357788,0.1509997844696045
16.655999898910522,16.801999807357788,0.14599990844726562
16.699999809265137,16.93999981880188,0.24000000953674316
16.699999809265137,16.93999981880188,0.24000000953674316
16.700999975204468,16.801999807357788,0.10099983215332031
16.707000017166138,16.801999807357788,0.09499979019165039
16.75,16.93999981880188,0.18999981880187988
16.750999927520752,16.93999981880188,0.18899989128112793
16.750999927520752,16.801999807357788,0.05099987983703613
16.75599980354309,16.93999981880188,0.18400001525878906
16.799999952316284,16.93999981880188,0.1399998664855957
16.799999952316284,16.93999981880188,0.1399998664855957
16.800999879837036,17.08899998664856,0.28800010681152344
16.805999994277954,16.93999981880188,0.13399982452392578
16.84999990463257,17.08899998664856,0.2390000820159912
16.84999990463257,16.93999981880188,0.08999991416931152
16.85099983215332,17.08899998664856,0.23800015449523926
16.85599994659424,16.93999981880188,0.0839998722076416
16.899999856948853,17.08899998664856,0.18900012969970703
16.899999856948853,17.08899998664856,0.18900012969970703
16.901000022888184,17.08899998664856,0.18799996376037598
16.905999898910522,16.93999981880188,0.03399991989135742
16.949999809265137,17.08899998664856,0.13900017738342285
16.949999809265137,17.08899998664856,0.13900017738342285
16.950999975204468,17.08899998664856,0.1380000114440918
16.955999851226807,17.274999856948853,0.3190000057220459
17.000999927520752,17.08899998664856,0.08800005912780762
17.000999927520752,17.08899998664856,0.08800005912780762
17.000999927520752,17.274999856948853,0.2739999294281006
17.00599980354309,17.274999856948853,0.2690000534057617
17.049999952316284,17.40499997138977,0.35500001907348633
17.049999952316284,17.274999856948853,0.22499990463256836
17.050999879837036,17.274999856948853,0.2239999771118164
17.055999994277954,17.274999856948853,0.21899986267089844
17.09999990463257,17.40499997138977,0.30500006675720215
17.10099983215332,17.274999856948853,0.17400002479553223
17.10099983215332,17.274999856948853,0.17400002479553223
17.10599994659424,17.274999856948853,0.16899991035461426
17.149999856948853,17.274999856948853,0.125
17.151000022888184,17.40499997138977,0.2539999485015869
17.151000022888184,17.274999856948853,0.12399983406066895
17.155999898910522,17.40499997138977,0.24900007247924805
17.199999809265137,17.40499997138977,0.2050001621246338
17.199999809265137,17.274999856948853,0.07500004768371582
17.200999975204468,17.40499997138977,0.20399999618530273
17.205999851226807,17.40499997138977,0.19900012016296387
17.25,17.40499997138977,0.1549999713897705
17.250999927520752,17.557999849319458,0.30699992179870605
17.250999927520752,17.40499997138977,0.15400004386901855
17.25599980354309,17.40499997138977,0.1490001678466797
17.299999952316284,17.55900001525879,0.2590000629425049
17.299999952316284,17.557999849319458,0.25799989700317383
17.301999807357788,17.40499997138977,0.10300016403198242
17.306999921798706,17.40499997138977,0.09800004959106445
17.34999990463257,17.55900001525879,0.2090001106262207
17.35099983215332,17.557999849319458,0.2070000171661377
17.35099983215332,17.40499997138977,0.054000139236450195
17.35599994659424,17.557999849319458,0.20199990272521973
17.399999856948853,17.557999849319458,0.15799999237060547
17.401000022888184,17.55900001525879,0.15799999237060547
17.401000022888184,17.688999891281128,0.28799986839294434
17.405999898910522,17.557999849319458,0.15199995040893555
17.449999809265137,17.55900001525879,0.10900020599365234
17.449999809265137,17.557999849319458,0.10800004005432129
17.450999975204468,17.688999891281128,0.23799991607666016
17.455999851226807,17.557999849319458,0.10199999809265137
17.500999927520752,17.688999891281128,0.18799996376037598
17.500999927520752,17.688999891281128,0.18799996376037598
17.500999927520752,17.688999891281128,0.18799996376037598
17.50599980354309,17.557999849319458,0.05200004577636719
17.549999952316284,17.688999891281128,0.13899993896484375
17.550999879837036,17.688999891281128,0.1380000114440918
17.550999879837036,17.688999891281128,0.1380000114440918
17.555999994277954,17.878000020980835,0.32200002670288086
17.59999990463257,17.688999891281128,0.08899998664855957
17.60099983215332,17.688999891281128,0.08800005912780762
17.60099983215332,17.878000020980835,0.27700018882751465
17.60599994659424,17.878000020980835,0.2720000743865967
17.649999856948853,17.688999891281128,0.03900003433227539
17.649999856948853,17.688999891281128,0.03900003433227539
17.651000022888184,17.878000020980835,0.22699999809265137
17.655999898910522,17.878000020980835,0.2220001220703125
17.699999809265137,18.008999824523926,0.30900001525878906
17.699999809265137,17.878000020980835,0.17800021171569824
17.700999975204468,17.878000020980835,0.1770000457763672
17.707000017166138,17.878000020980835,0.17100000381469727
17.75,17.878000020980835,0.12800002098083496
17.750999927520752,18.008999824523926,0.25799989700317383
17.750999927520752,17.878000020980835,0.127000093460083
17.75599980354309,18.007999897003174,0.252000093460083
17.799999952316284,18.008999824523926,0.2089998722076416
17.799999952316284,17.878000020980835,0.07800006866455078
17.800999879837036,18.007999897003174,0.2070000171661377
17.806999921798706,18.007999897003174,0.20099997520446777
17.84999990463257,18.008999824523926,0.15899991989135742
17.85099983215332,18.152999877929688,0.3020000457763672
17.85099983215332,18.007999897003174,0.15700006484985352
17.85599994659424,18.007999897003174,0.15199995040893555
17.899999856948853,18.152999877929688,0.25300002098083496
17.901000022888184,18.152999877929688,0.2519998550415039
17.901000022888184,18.007999897003174,0.10699987411499023
17.905999898910522,18.007999897003174,0.10199999809265137
17.949999809265137,18.152999877929688,0.20300006866455078
17.950999975204468,18.152999877929688,0.20199990272521973
17.950999975204468,18.007999897003174,0.056999921798706055
17.955999851226807,18.152999877929688,0.19700002670288086
18.0,18.152999877929688,0.1529998779296875
18.000999927520752,18.152999877929688,0.15199995040893555
18.000999927520752,18.289999961853027,0.2890000343322754
18.00599980354309,18.152999877929688,0.14700007438659668
18.049999952316284,18.152999877929688,0.10299992561340332
18.049999952316284,18.289999961853027,0.24000000953674316
18.050999879837036,18.289999961853027,0.2390000820159912
18.055999994277954,18.152999877929688,0.0969998836517334
18.09999990463257,18.289999961853027,0.19000005722045898
18.10099983215332,18.29099988937378,0.19000005722045898
18.10099983215332,18.289999961853027,0.18900012969970703
18.10599994659424,18.152999877929688,0.04699993133544922
18.149999856948853,18.289999961853027,0.1400001049041748
18.151000022888184,18.289999961853027,0.13899993896484375
18.151000022888184,18.289999961853027,0.13899993896484375
18.156999826431274,18.491999864578247,0.33500003814697266
18.199999809265137,18.29099988937378,0.09100008010864258
18.199999809265137,18.289999961853027,0.09000015258789062
18.200999975204468,18.491999864578247,0.2909998893737793
18.205999851226807,18.491999864578247,0.28600001335144043
18.25,18.289999961853027,0.039999961853027344
18.250999927520752,18.289999961853027,0.03900003433227539
18.250999927520752,18.491999864578247,0.24099993705749512
18.25599980354309,18.491999864578247,0.23600006103515625
18.299999952316284,18.61299991607666,0.312999963760376
18.299999952316284,18.491999864578247,0.1919999122619629
18.300999879837036,18.491999864578247,0.19099998474121094
18.305999994277954,18.491999864578247,0.18599987030029297
18.34999990463257,18.491999864578247,0.1419999599456787
18.35099983215332,18.61299991607666,0.26200008392333984
18.35099983215332,18.491999864578247,0.14100003242492676
18.35599994659424,18.611999988555908,0.2560000419616699
18.399999856948853,18.61299991607666,0.21300005912780762
18.399999856948853,18.491999864578247,0.09200000762939453
18.401000022888184,18.61299991607666,0.21199989318847656
18.405999898910522,18.611999988555908,0.20600008964538574
18.449999809265137,18.741999864578247,0.29200005531311035
18.450999975204468,18.743000030517578,0.29200005531311035
18.450999975204468,18.61299991607666,0.16199994087219238
18.455999851226807,18.611999988555908,0.15600013732910156
18.5,18.743000030517578,0.24300003051757812
18.500999927520752,18.741999864578247,0.24099993705749512
18.500999927520752,18.61299991607666,0.1119999885559082
18.50599980354309,18.611999988555908,0.10600018501281738
18.549999952316284,18.743000030517578,0.19300007820129395
18.550999879837036,18.743000030517578,0.192000150680542
18.550999879837036,18.61299991607666,0.06200003623962402
18.555999994277954,18.741999864578247,0.18599987030029297
18.59999990463257,18.743000030517578,0.14300012588500977
18.59999990463257,18.741999864578247,0.1419999599456787
18.60099983215332,18.893999814987183,0.2929999828338623
18.60599994659424,18.741999864578247,0.1359999179840088
18.649999856948853,18.743000030517578,0.09300017356872559
18.649999856948853,18.893999814987183,0.24399995803833008
18.651000022888184,18.893999814987183,0.24299979209899902
18.655999898910522,18.741999864578247,0.08599996566772461
18.699999809265137,18.893999814987183,0.1940000057220459
18.700999975204468,18.893999814987183,0.19299983978271484
18.700999975204468,18.893999814987183,0.19299983978271484
18.705999851226807,18.741999864578247,0.03600001335144043
18.75,18.893999814987183,0.14399981498718262
18.750999927520752,18.893999814987183,0.14299988746643066
18.750999927520752,18.893999814987183,0.14299988746643066
18.75599980354309,19.084999799728394,0.32899999618530273
18.799999952316284,18.893999814987183,0.09399986267089844
18.799999952316284,18.893999814987183,0.09399986267089844
18.800999879837036,19.085999965667725,0.2850000858306885
18.805999994277954,19.084999799728394,0.27899980545043945
18.84999990463257,18.893999814987183,0.04399991035461426
18.85099983215332,18.893999814987183,0.042999982833862305
18.85099983215332,19.085999965667725,0.2350001335144043
18.85599994659424,19.084999799728394,0.22899985313415527
18.899999856948853,19.084999799728394,0.18499994277954102
18.901000022888184,19.232999801635742,0.3319997787475586
18.901000022888184,19.085999965667725,0.18499994277954102
18.905999898910522,19.084999799728394,0.1789999008178711
18.949999809265137,19.232999801635742,0.28299999237060547
18.950999975204468,19.084999799728394,0.13399982452392578
18.950999975204468,19.085999965667725,0.13499999046325684
18.955999851226807,19.23199987411499,0.2760000228881836
19.0,19.232999801635742,0.2329998016357422
19.0,19.085999965667725,0.08599996566772461
19.000999927520752,19.085999965667725,0.08500003814697266
19.00599980354309,19.23199987411499,0.22600007057189941
19.049999952316284,19.232999801635742,0.182999849319458
19.049999952316284,19.35099983215332,0.30099987983703613
19.050999879837036,19.232999801635742,0.18199992179870605
19.056999921798706,19.23199987411499,0.17499995231628418
19.10099983215332,19.35099983215332,0.25
19.10099983215332,19.35099983215332,0.25
19.10099983215332,19.232999801635742,0.13199996948242188
19.10699987411499,19.23199987411499,0.125
19.149999856948853,19.35099983215332,0.20099997520446777
19.149999856948853,19.35099983215332,0.20099997520446777
19.151000022888184,19.232999801635742,0.0819997787475586
19.155999898910522,19.35099983215332,0.19499993324279785
19.200999975204468,19.35099983215332,0.14999985694885254
19.200999975204468,19.35099983215332,0.14999985694885254
19.200999975204468,19.232999801635742,0.031999826431274414
19.205999851226807,19.35099983215332,0.14499998092651367
19.25,19.35099983215332,0.10099983215332031
19.25,19.35099983215332,0.10099983215332031
19.250999927520752,19.5,0.24900007247924805
19.25599980354309,19.35099983215332,0.09500002861022949
19.299999952316284,19.5,0.20000004768371582
19.300999879837036,19.5,0.19900012016296387
19.300999879837036,19.5,0.19900012016296387
19.305999994277954,19.35099983215332,0.04499983787536621
19.34999990463257,19.5,0.15000009536743164
19.35099983215332,19.5,0.1490001678466797
19.35099983215332,19.5,0.1490001678466797
19.35699987411499,19.687999963760376,0.33100008964538574
19.399999856948853,19.5,0.10000014305114746
19.399999856948853,19.5,0.10000014305114746
19.401000022888184,19.5,0.0989999771118164
19.405999898910522,19.687999963760376,0.2820000648498535
19.450999975204468,19.5,0.04900002479553223
19.450999975204468,19.5,0.04900002479553223
19.450999975204468,19.688999891281128,0.23799991607666016
19.455999851226807,19.687999963760376,0.23200011253356934
19.5,19.82200002670288,0.32200002670288086
19.5,19.687999963760376,0.18799996376037598
19.501999855041504,19.688999891281128,0.18700003623962402
19.506999969482422,19.687999963760376,0.1809999942779541
19.550999879837036,19.82200002670288,0.2710001468658447
19.550999879837036,19.687999963760376,0.13700008392333984
19.550999879837036,19.688999891281128,0.1380000114440918
19.555999994277954,19.82200002670288,0.26600003242492676
19.59999990463257,19.82200002670288,0.2220001220703125
19.59999990463257,19.687999963760376,0.08800005912780762
19.60099983215332,19.82200002670288,0.22100019454956055
19.60599994659424,19.82200002670288,0.21600008010864258
19.649999856948853,19.687999963760376,0.03800010681152344
19.651000022888184,19.82200002670288,0.17100000381469727
19.651000022888184,19.82200002670288,0.17100000381469727
19.655999898910522,19.82200002670288,0.1660001277923584
19.699999809265137,19.950999975204468,0.25100016593933105
19.699999809265137,19.950999975204468,0.25100016593933105
19.700999975204468,19.82200002670288,0.12100005149841309
19.705999851226807,19.82200002670288,0.11600017547607422
19.75,19.950999975204468,0.20099997520446777
19.75,19.950999975204468,0.20099997520446777
19.750999927520752,19.82200002670288,0.0710000991821289
19.756999969482422,19.950999975204468,0.1940000057220459
19.800999879837036,19.950999975204468,0.15000009536743164
19.800999879837036,19.950999975204468,0.15000009536743164
19.801999807357788,20.103999853134155,0.3020000457763672
19.805999994277954,19.950999975204468,0.14499998092651367
19.84999990463257,19.950999975204468,0.10100007057189941
19.84999990463257,19.950999975204468,0.10100007057189941
19.85099983215332,20.103999853134155,0.25300002098083496
19.85599994659424,19.950999975204468,0.09500002861022949
19.901000022888184,20.103999853134155,0.20299983024597168
19.901000022888184,20.103999853134155,0.20299983024597168
19.901999950408936,20.103999853134155,0.20199990272521973
19.905999898910522,19.950999975204468,0.04500007629394531
19.949999809265137,20.103999853134155,0.15400004386901855
19.949999809265137,20.103999853134155,0.15400004386901855
19.950999975204468,20.103999853134155,0.1529998779296875
19.955999851226807,20.29699993133545,0.3410000801086426
20.0,20.103999853134155,0.10399985313415527
20.000999927520752,20.103999853134155,0.10299992561340332
20.001999855041504,20.29699993133545,0.2950000762939453
20.00599980354309,20.29699993133545,0.2910001277923584
20.049999952316284,20.103999853134155,0.053999900817871094
20.050999879837036,20.103999853134155,0.05299997329711914
20.050999879837036,20.29699993133545,0.24600005149841309
20.055999994277954,20.29699993133545,0.24099993705749512
20.09999990463257,20.29699993133545,0.19700002670288086
20.10099983215332,20.425999879837036,0.3250000476837158
20.10199999809265,20.29699993133545,0.19499993324279785
20.10599994659424,20.29699993133545,0.19099998474121094
20.149999856948853,20.425999879837036,0.2760000228881836
20.151000022888184,20.29699993133545,0.14599990844726562
20.151000022888184,20.29699993133545,0.14599990844726562
20.156999826431274,20.425999879837036,0.2690000534057617
20.199999809265137,20.425999879837036,0.22600007057189941
20.199999809265137,20.29699993133545,0.0970001220703125
20.200999975204468,20.29699993133545,0.09599995613098145
20.205999851226807,20.425999879837036,0.2200000286102295
20.250999927520752,20.425999879837036,0.17499995231628418
20.250999927520752,20.29699993133545,0.046000003814697266
20.250999927520752,20.425999879837036,0.17499995231628418
20.25599980354309,20.425999879837036,0.1700000762939453
20.299999952316284,20.55399990081787,0.2539999485015869
20.299999952316284,20.55399990081787,0.2539999485015869
20.301999807357788,20.425999879837036,0.12400007247924805
20.305999994277954,20.425999879837036,0.11999988555908203
20.34999990463257,20.55399990081787,0.20399999618530273
20.35099983215332,20.55399990081787,0.20300006866455078
20.35099983215332,20.425999879837036,0.07500004768371582
20.35599994659424,20.55399990081787,0.1979999542236328
20.399999856948853,20.55399990081787,0.15400004386901855
20.401000022888184,20.55399990081787,0.1529998779296875
20.401999950408936,20.746999979019165,0.3450000286102295
20.406999826431274,20.55399990081787,0.14700007438659668
20.449999809265137,20.746999979019165,0.2970001697540283
20.450999975204468,20.55399990081787,0.10299992561340332
20.450999975204468,20.746999979019165,0.29600000381469727
20.455999851226807,20.55399990081787,0.09800004959106445
20.5,20.746999979019165,0.24699997901916504
20.500999927520752,20.746999979019165,0.24600005149841309
20.501999855041504,20.746999979019165,0.24500012397766113
20.50599980354309,20.55399990081787,0.04800009727478027
20.549999952316284,20.746999979019165,0.19700002670288086
20.549999952316284,20.746999979019165,0.19700002670288086
20.550999879837036,20.746999979019165,0.1960000991821289
20.556999921798706,20.8989999294281,0.34200000762939453
20.59999990463257,20.746999979019165,0.14700007438659668
20.59999990463257,20.746999979019165,0.14700007438659668
20.60199999809265,20.8989999294281,0.2969999313354492
20.60599994659424,20.8989999294281,0.2929999828338623
20.651000022888184,21.02899980545044,0.37799978256225586
20.651000022888184,20.746999979019165,0.09599995613098145
20.651000022888184,20.8989999294281,0.247999906539917
20.655999898910522,20.8989999294281,0.24300003051757812
20.699999809265137,21.02899980545044,0.32899999618530273
20.699999809265137,20.8989999294281,0.19900012016296387
20.70199990272522,20.8989999294281,0.19700002670288086
20.705999851226807,20.8989999294281,0.19300007820129395
20.75,21.02899980545044,0.27899980545043945
20.750999927520752,20.8989999294281,0.14800000190734863
20.750999927520752,20.8989999294281,0.14800000190734863
20.75599980354309,21.02899980545044,0.27300000190734863
20.799999952316284,21.02899980545044,0.22899985313415527
20.799999952316284,20.8989999294281,0.0989999771118164
20.801999807357788,21.02899980545044,0.22699999809265137
20.805999994277954,21.02899980545044,0.22299981117248535
20.84999990463257,21.02899980545044,0.1789999008178711
20.85099983215332,20.8989999294281,0.04800009727478027
20.85099983215332,21.02899980545044,0.17799997329711914
20.85599994659424,21.02899980545044,0.17299985885620117
20.901000022888184,21.157999992370605,0.2569999694824219
20.901000022888184,21.157999992370605,0.2569999694824219
20.901000022888184,21.02899980545044,0.12799978256225586
20.905999898910522,21.02899980545044,0.12299990653991699
20.949999809265137,21.157999992370605,0.20800018310546875
20.949999809265137,21.157999992370605,0.20800018310546875
20.950999975204468,21.02899980545044,0.07799983024597168
20.957000017166138,21.157999992370605,0.20099997520446777
21.000999927520752,21.157999992370605,0.15700006484985352
21.000999927520752,21.157999992370605,0.15700006484985352
21.000999927520752,21.311999797821045,0.31099987030029297
21.00599980354309,21.157999992370605,0.15200018882751465
21.049999952316284,21.157999992370605,0.10800004005432129
21.049999952316284,21.157999992370605,0.10800004005432129
21.050999879837036,21.311999797821045,0.2609999179840088
21.056999921798706,21.157999992370605,0.10100007057189941
21.09999990463257,21.311999797821045,0.21199989318847656
21.10099983215332,21.311999797821045,0.2109999656677246
21.10099983215332,21.311999797821045,0.2109999656677246
21.10599994659424,21.157999992370605,0.05200004577636719
21.149999856948853,21.311999797821045,0.16199994087219238
21.151000022888184,21.311999797821045,0.16099977493286133
21.151999950408936,21.311999797821045,0.15999984741210938
21.155999898910522,21.497999906539917,0.34200000762939453
21.199999809265137,21.311999797821045,0.1119999885559082
21.199999809265137,21.311999797821045,0.1119999885559082
21.200999975204468,21.311999797821045,0.11099982261657715
21.207000017166138,21.497999906539917,0.2909998893737793
21.250999927520752,21.311999797821045,0.06099987030029297
21.250999927520752,21.311999797821045,0.06099987030029297
21.251999855041504,21.497999906539917,0.24600005149841309
21.25599980354309,21.497999906539917,0.24200010299682617
21.299999952316284,21.633999824523926,0.3339998722076416
21.299999952316284,21.497999906539917,0.1979999542236328
21.300999879837036,21.497999906539917,0.19700002670288086
21.305999994277954,21.497999906539917,0.1919999122619629
21.34999990463257,21.633999824523926,0.2839999198913574
21.35099983215332,21.497999906539917,0.14700007438659668
21.35099983215332,21.497999906539917,0.14700007438659668
21.35599994659424,21.633999824523926,0.2779998779296875
21.399999856948853,21.497999906539917,0.09800004959106445
21.401000022888184,21.633999824523926,0.2329998016357422
21.401000022888184,21.497999906539917,0.0969998836517334
21.405999898910522,21.633999824523926,0.22799992561340332
21.449999809265137,21.633999824523926,0.18400001525878906
21.450999975204468,21.497999906539917,0.04699993133544922
21.450999975204468,21.633999824523926,0.182999849319458
21.455999851226807,21.633999824523926,0.17799997329711914
21.5,21.76199984550476,0.26199984550476074
21.500999927520752,21.76199984550476,0.2609999179840088
21.500999927520752,21.633999824523926,0.13299989700317383
21.506999969482422,21.633999824523926,0.1269998550415039
21.549999952316284,21.76199984550476,0.21199989318847656
21.550999879837036,21.76199984550476,0.2109999656677246
21.550999879837036,21.633999824523926,0.08299994468688965
21.555999994277954,21.76199984550476,0.20599985122680664
21.59999990463257,21.76199984550476,0.16199994087219238
21.59999990463257,21.76199984550476,0.16199994087219238
21.60199999809265,21.633999824523926,0.031999826431274414
21.60599994659424,21.76199984550476,0.15599989891052246
21.651000022888184,21.76199984550476,0.11099982261657715
21.651000022888184,21.76199984550476,0.11099982261657715
21.651000022888184,21.91699981689453,0.26599979400634766
21.655999898910522,21.76199984550476,0.10599994659423828
21.699999809265137,21.91699981689453,0.21700000762939453
21.699999809265137,21.91699981689453,0.21700000762939453
21.70199990272522,21.91699981689453,0.21499991416931152
21.705999851226807,21.76199984550476,0.0559999942779541
21.75,21.91699981689453,0.16699981689453125
21.750999927520752,21.91699981689453,0.1659998893737793
21.750999927520752,21.91699981689453,0.1659998893737793
21.756999969482422,22.102999925613403,0.34599995613098145
21.799999952316284,21.91699981689453,0.11699986457824707
21.800999879837036,21.91699981689453,0.11599993705749512
21.800999879837036,22.102999925613403,0.3020000457763672
21.805999994277954,22.102999925613403,0.2969999313354492
21.84999990463257,21.91699981689453,0.06699991226196289
21.84999990463257,21.91699981689453,0.06699991226196289
21.85099983215332,22.102999925613403,0.252000093460083
21.85599994659424,22.102999925613403,0.24699997901916504
21.901000022888184,22.23799991607666,0.33699989318847656
21.901000022888184,22.102999925613403,0.20199990272521973
21.901999950408936,22.102999925613403,0.20099997520446777
21.905999898910522,22.102999925613403,0.19700002670288086
21.949999809265137,22.23799991607666,0.28800010681152344
21.950999975204468,22.102999925613403,0.15199995040893555
21.950999975204468,22.102999925613403,0.15199995040893555
21.955999851226807,22.23799991607666,0.2820000648498535
22.0,22.102999925613403,0.10299992561340332
22.000999927520752,22.23799991607666,0.2369999885559082
22.001999855041504,22.102999925613403,0.10100007057189941
22.00599980354309,22.23799991607666,0.23200011253356934
22.050999879837036,22.23799991607666,0.18700003623962402
22.050999879837036,22.102999925613403,0.05200004577636719
22.050999879837036,22.23799991607666,0.18700003623962402
22.055999994277954,22.23799991607666,0.18199992179870605
22.09999990463257,22.382999897003174,0.28299999237060547
22.09999990463257,22.382999897003174,0.28299999237060547
22.10199999809265,22.23799991607666,0.1359999179840088
22.10599994659424,22.23799991607666,0.13199996948242188
22.149999856948853,22.382999897003174,0.2330000400543213
22.151000022888184,22.382999897003174,0.23199987411499023
22.151999950408936,22.23799991607666,0.08599996566772461
22.156999826431274,22.382999897003174,0.22600007057189941
22.199999809265137,22.382999897003174,0.1830000877380371
22.200999975204468,22.382999897003174,0.18199992179870605
22.200999975204468,22.23799991607666,0.03699994087219238
22.207000017166138,22.382999897003174,0.17599987983703613
22.25,22.382999897003174,0.13299989700317383
22.250999927520752,22.382999897003174,0.13199996948242188
22.250999927520752,22.520999908447266,0.26999998092651367
22.25599980354309,22.382999897003174,0.127000093460083
22.299999952316284,22.519999980926514,0.2200000286102295
22.300999879837036,22.382999897003174,0.0820000171661377
22.300999879837036,22.520999908447266,0.2200000286102295
22.305999994277954,22.382999897003174,0.07699990272521973
22.34999990463257,22.519999980926514,0.1700000762939453
22.35099983215332,22.519999980926514,0.16900014877319336
22.35199999809265,22.520999908447266,0.16899991035461426
22.35699987411499,22.382999897003174,0.026000022888183594
22.399999856948853,22.519999980926514,0.12000012397766113
22.401000022888184,22.519999980926514,0.11899995803833008
22.401000022888184,22.520999908447266,0.11999988555908203
22.406999826431274,22.70799994468689,0.30100011825561523
22.449999809265137,22.519999980926514,0.07000017166137695
22.449999809265137,22.519999980926514,0.07000017166137695
22.450999975204468,22.70799994468689,0.2569999694824219
22.455999851226807,22.70799994468689,0.252000093460083
22.500999927520752,22.840999841690063,0.3399999141693115
22.500999927520752,22.70799994468689,0.2070000171661377
22.500999927520752,22.70799994468689,0.2070000171661377
22.50599980354309,22.70799994468689,0.20200014114379883
22.549999952316284,22.70799994468689,0.15799999237060547
22.550999879837036,22.840999841690063,0.28999996185302734
22.551999807357788,22.70799994468689,0.15600013732910156
22.555999994277954,22.840999841690063,0.2849998474121094
22.59999990463257,22.840999841690063,0.24099993705749512
22.59999990463257,22.70799994468689,0.10800004005432129
22.60099983215332,22.70799994468689,0.10700011253356934
22.60599994659424,22.840999841690063,0.2349998950958252
22.651000022888184,22.840999841690063,0.18999981880187988
22.651000022888184,22.70799994468689,0.056999921798706055
22.651000022888184,22.840999841690063,0.18999981880187988
22.655999898910522,22.840999841690063,0.18499994277954102
22.699999809265137,22.985999822616577,0.28600001335144043
22.699999809265137,22.985999822616577,0.28600001335144043
22.700999975204468,22.840999841690063,0.1399998664855957
22.705999851226807,22.840999841690063,0.13499999046325684
22.750999927520752,22.985999822616577,0.2349998950958252
22.750999927520752,22.985999822616577,0.2349998950958252
22.750999927520752,22.840999841690063,0.08999991416931152
22.756999969482422,22.840999841690063,0.0839998722076416
22.799999952316284,22.985999822616577,0.18599987030029297
22.800999879837036,22.985999822616577,0.18499994277954102
22.800999879837036,23.12399983406067,0.3229999542236328
22.805999994277954,22.985999822616577,0.17999982833862305
22.84999990463257,22.985999822616577,0.1359999179840088
22.85099983215332,22.985999822616577,0.13499999046325684
22.85099983215332,23.12399983406067,0.27300000190734863
22.85599994659424,22.985999822616577,0.12999987602233887
22.899999856948853,23.12399983406067,0.2239999771118164
22.901000022888184,22.985999822616577,0.08499979972839355
22.901000022888184,23.12399983406067,0.22299981117248535
22.905999898910522,22.985999822616577,0.07999992370605469
22.949999809265137,23.12399983406067,0.17400002479553223
22.950999975204468,23.12399983406067,0.17299985885620117
22.950999975204468,23.12399983406067,0.17299985885620117
22.955999851226807,22.985999822616577,0.029999971389770508
23.0,23.12399983406067,0.12399983406066895
23.000999927520752,23.12399983406067,0.12299990653991699
23.000999927520752,23.12399983406067,0.12299990653991699
23.00599980354309,23.311999797821045,0.3059999942779541
23.049999952316284,23.12399983406067,0.07399988174438477
23.050999879837036,23.12399983406067,0.07299995422363281
23.050999879837036,23.311999797821045,0.2609999179840088
23.056999921798706,23.311999797821045,0.25499987602233887
23.09999990463257,23.444999933242798,0.3450000286102295
23.10099983215332,23.311999797821045,0.2109999656677246
23.10099983215332,23.311999797821045,0.2109999656677246
23.10599994659424,23.311999797821045,0.20599985122680664
23.149999856948853,23.311999797821045,0.16199994087219238
23.151000022888184,23.444999933242798,0.29399991035461426
23.151000022888184,23.311999797821045,0.16099977493286133
23.155999898910522,23.311999797821045,0.15599989891052246
23.199999809265137,23.444999933242798,0.24500012397766113
23.199999809265137,23.311999797821045,0.1119999885559082
23.200999975204468,23.311999797821045,0.11099982261657715
23.205999851226807,23.444000005722046,0.23800015449523926
23.250999927520752,23.444999933242798,0.1940000057220459
23.250999927520752,23.311999797821045,0.06099987030029297
23.250999927520752,23.444000005722046,0.19300007820129395
23.25599980354309,23.444000005722046,0.18800020217895508
23.299999952316284,23.59500002861023,0.2950000762939453
23.300999879837036,23.59599995613098,0.2950000762939453
23.301999807357788,23.444000005722046,0.1420001983642578
23.305999994277954,23.444000005722046,0.1380000114440918
23.34999990463257,23.59599995613098,0.24600005149841309
23.35099983215332,23.59500002861023,0.24400019645690918
23.35099983215332,23.444000005722046,0.09300017356872559
23.35599994659424,23.444000005722046,0.08800005912780762
23.399999856948853,23.59500002861023,0.19500017166137695
23.401000022888184,23.59599995613098,0.19499993324279785
23.401999950408936,23.444000005722046,0.04200005531311035
23.405999898910522,23.59599995613098,0.19000005722045898
23.449999809265137,23.59599995613098,0.14600014686584473
23.449999809265137,23.59500002861023,0.14500021934509277
23.450999975204468,23.728999853134155,0.2779998779296875
23.455999851226807,23.59599995613098,0.1400001049041748
23.500999927520752,23.728999853134155,0.22799992561340332
23.500999927520752,23.728999853134155,0.22799992561340332
23.501999855041504,23.728999853134155,0.22699999809265137
23.506999969482422,23.59599995613098,0.08899998664855957
23.549999952316284,23.728999853134155,0.1789999008178711
23.549999952316284,23.728999853134155,0.1789999008178711
23.550999879837036,23.728999853134155,0.17799997329711914
23.556999921798706,23.59599995613098,0.03900003433227539
23.60099983215332,23.728999853134155,0.12800002098083496
23.60099983215332,23.728999853134155,0.12800002098083496
23.60199999809265,23.728999853134155,0.1269998550415039
23.60599994659424,23.91599988937378,0.309999942779541
23.649999856948853,23.728999853134155,0.07899999618530273
23.651000022888184,23.728999853134155,0.07799983024597168
23.651000022888184,23.91599988937378,0.2649998664855957
23.655999898910522,23.91599988937378,0.25999999046325684
23.699999809265137,24.051999807357788,0.35199999809265137
23.700999975204468,23.91599988937378,0.21499991416931152
23.70199990272522,23.91599988937378,0.21399998664855957
23.705999851226807,23.91599988937378,0.21000003814697266
23.75,23.91599988937378,0.1659998893737793
23.750999927520752,24.051999807357788,0.30099987983703613
23.750999927520752,23.91599988937378,0.16499996185302734
23.756999969482422,23.91599988937378,0.15899991989135742
23.799999952316284,24.051999807357788,0.2519998550415039
23.799999952316284,23.91599988937378,0.11599993705749512
23.801999807357788,23.91599988937378,0.11400008201599121
23.805999994277954,24.050999879837036,0.24499988555908203
23.85099983215332,24.051999807357788,0.20099997520446777
23.85099983215332,23.91599988937378,0.06500005722045898
23.85099983215332,24.051999807357788,0.20099997520446777
23.85599994659424,24.050999879837036,0.19499993324279785
23.899999856948853,24.051999807357788,0.15199995040893555
23.899999856948853,24.18999981880188,0.28999996185302734
23.901999950408936,24.051999807357788,0.14999985694885254
23.905999898910522,24.050999879837036,0.14499998092651367
23.950999975204468,24.18999981880188,0.2389998435974121
23.950999975204468,24.18999981880188,0.2389998435974121
23.950999975204468,24.051999807357788,0.10099983215332031
23.957000017166138,24.050999879837036,0.09399986267089844
24.0,24.18999981880188,0.18999981880187988
24.0,24.18999981880188,0.18999981880187988
24.001999855041504,24.051999807357788,0.04999995231628418
24.00599980354309,24.18999981880188,0.18400001525878906
24.050999879837036,24.18999981880188,0.13899993896484375
24.050999879837036,24.18999981880188,0.13899993896484375
24.050999879837036,24.33299994468689,0.2820000648498535
24.056999921798706,24.18999981880188,0.13299989700317383
24.09999990463257,24.18999981880188,0.08999991416931152
24.09999990463257,24.33299994468689,0.2330000400543213
24.10199999809265,24.33299994468689,0.23099994659423828
24.10599994659424,24.18999981880188,0.0839998722076416
24.149999856948853,24.33299994468689,0.1830000877380371
24.151000022888184,24.33299994468689,0.18199992179870605
24.151000022888184,24.33299994468689,0.18199992179870605
24.155999898910522,24.18999981880188,0.03399991989135742
24.199999809265137,24.33299994468689,0.13300013542175293
24.200999975204468,24.33299994468689,0.13199996948242188
24.20199990272522,24.33299994468689,0.13100004196166992
24.205999851226807,24.54199981689453,0.3359999656677246
24.25,24.33299994468689,0.08299994468688965
24.25,24.33299994468689,0.08299994468688965
24.250999927520752,24.54199981689453,0.2909998893737793
24.25599980354309,24.54199981689453,0.28600001335144043
24.300999879837036,24.65499997138977,0.3540000915527344
24.300999879837036,24.33299994468689,0.032000064849853516
24.300999879837036,24.54199981689453,0.24099993705749512
24.305999994277954,24.54199981689453,0.23599982261657715
24.34999990463257,24.54199981689453,0.1919999122619629
24.35099983215332,24.65499997138977,0.3040001392364502
24.35099983215332,24.54199981689453,0.19099998474121094
24.35599994659424,24.54199981689453,0.18599987030029297
24.399999856948853,24.65499997138977,0.25500011444091797
24.401000022888184,24.54199981689453,0.14099979400634766
24.401999950408936,24.54199981689453,0.1399998664855957
24.405999898910522,24.652999877929688,0.24699997901916504
24.449999809265137,24.54199981689453,0.09200000762939453
24.450999975204468,24.65499997138977,0.20399999618530273
24.450999975204468,24.65499997138977,0.20399999618530273
24.455999851226807,24.652999877929688,0.19700002670288086
24.5,24.78499984741211,0.2849998474121094
24.500999927520752,24.78499984741211,0.2839999198913574
24.501999855041504,24.65499997138977,0.1530001163482666
24.50599980354309,24.652999877929688,0.14700007438659668
24.550999879837036,24.78499984741211,0.23399996757507324
24.550999879837036,24.78499984741211,0.23399996757507324
24.550999879837036,24.652999877929688,0.10199999809265137
24.555999994277954,24.652999877929688,0.0969998836517334
24.59999990463257,24.78499984741211,0.18499994277954102
24.60099983215332,24.78499984741211,0.18400001525878906
24.60199999809265,24.65499997138977,0.05299997329711914
24.60599994659424,24.78499984741211,0.1789999008178711
24.649999856948853,24.78499984741211,0.13499999046325684
24.651000022888184,24.78499984741211,0.13399982452392578
24.651000022888184,24.936999797821045,0.28599977493286133
24.656999826431274,24.78499984741211,0.12800002098083496
24.699999809265137,24.936999797821045,0.2369999885559082
24.700999975204468,24.78499984741211,0.0839998722076416
24.70199990272522,24.936999797821045,0.2349998950958252
24.705999851226807,24.78499984741211,0.07899999618530273
24.75,24.936999797821045,0.18699979782104492
24.750999927520752,24.936999797821045,0.18599987030029297
24.750999927520752,24.936999797821045,0.18599987030029297
24.75599980354309,24.78499984741211,0.029000043869018555
24.800999879837036,24.936999797821045,0.1359999179840088
24.800999879837036,24.936999797821045,0.1359999179840088
24.801999807357788,24.936999797821045,0.13499999046325684
24.806999921798706,25.125999927520752,0.3190000057220459
24.84999990463257,24.936999797821045,0.08699989318847656
24.85099983215332,24.936999797821045,0.08599996566772461
24.85099983215332,25.125999927520752,0.27500009536743164
24.85699987411499,25.125999927520752,0.2690000534057617
24.899999856948853,24.936999797821045,0.03699994087219238
24.901000022888184,24.936999797821045,0.03599977493286133
24.901999950408936,25.125999927520752,0.2239999771118164
24.905999898910522,25.125999927520752,0.2200000286102295
24.949999809265137,25.125999927520752,0.17600011825561523
24.950999975204468,25.25599980354309,0.30499982833862305
24.950999975204468,25.125999927520752,0.17499995231628418
24.955999851226807,25.125999927520752,0.1700000762939453
25.0,25.25599980354309,0.2559998035430908
25.000999927520752,25.125999927520752,0.125
25.001999855041504,25.125999927520752,0.12400007247924805
25.00599980354309,25.25599980354309,0.25
25.049999952316284,25.125999927520752,0.07599997520446777
25.050999879837036,25.25599980354309,0.2049999237060547
25.050999879837036,25.25599980354309,0.2049999237060547
25.055999994277954,25.25599980354309,0.19999980926513672
25.10099983215332,25.40399980545044,0.30299997329711914
25.10099983215332,25.40399980545044,0.30299997329711914
25.10199999809265,25.25599980354309,0.15399980545043945
25.10599994659424,25.25599980354309,0.14999985694885254
25.149999856948853,25.40399980545044,0.2539999485015869
25.151000022888184,25.40399980545044,0.25299978256225586
25.151000022888184,25.25599980354309,0.10499978065490723
25.156999826431274,25.25599980354309,0.0989999771118164
25.199999809265137,25.40399980545044,0.20399999618530273
25.200999975204468,25.40399980545044,0.20299983024597168
25.200999975204468,25.25599980354309,0.05499982833862305
25.207000017166138,25.40399980545044,0.19699978828430176
25.25,25.40399980545044,0.15399980545043945
25.250999927520752,25.40399980545044,0.1529998779296875
25.250999927520752,25.539999961853027,0.2890000343322754
25.25599980354309,25.40399980545044,0.14800000190734863
25.299999952316284,25.539999961853027,0.24000000953674316
25.300999879837036,25.40399980545044,0.10299992561340332
25.300999879837036,25.54099988937378,0.24000000953674316
25.305999994277954,25.40399980545044,0.09799981117248535
25.34999990463257,25.539999961853027,0.19000005722045898
25.35099983215332,25.539999961853027,0.18900012969970703
25.35199999809265,25.539999961853027,0.18799996376037598
25.35699987411499,25.40399980545044,0.04699993133544922
25.399999856948853,25.539999961853027,0.1400001049041748
25.401000022888184,25.539999961853027,0.13899993896484375
25.401000022888184,25.539999961853027,0.13899993896484375
25.406999826431274,25.736999988555908,0.3300001621246338
25.449999809265137,25.539999961853027,0.09000015258789062
25.450999975204468,25.539999961853027,0.08899998664855957
25.45199990272522,25.736999988555908,0.2850000858306885
25.457000017166138,25.736999988555908,0.2799999713897705
25.5,25.539999961853027,0.039999961853027344
25.500999927520752,25.539999961853027,0.03900003433227539
25.500999927520752,25.736999988555908,0.23600006103515625
25.50599980354309,25.736999988555908,0.23100018501281738
25.549999952316284,25.736999988555908,0.18700003623962402
25.550999879837036,25.858999967575073,0.3080000877380371
25.550999879837036,25.736999988555908,0.18600010871887207
25.555999994277954,25.736999988555908,0.1809999942779541
25.60099983215332,25.858999967575073,0.25800013542175293
25.60099983215332,25.736999988555908,0.1360001564025879
25.60099983215332,25.736999988555908,0.1360001564025879
25.60599994659424,25.858999967575073,0.25300002098083496
25.651000022888184,25.858999967575073,0.20799994468688965
25.651000022888184,25.736999988555908,0.08599996566772461
25.651999950408936,25.858999967575073,0.2070000171661377
25.655999898910522,25.858999967575073,0.20300006866455078
25.699999809265137,26.007999897003174,0.3080000877380371
25.700999975204468,25.858999967575073,0.15799999237060547
25.700999975204468,25.858999967575073,0.15799999237060547
25.705999851226807,25.858999967575073,0.1530001163482666
25.75,26.007999897003174,0.25799989700317383
25.750999927520752,26.007999897003174,0.2569999694824219
25.751999855041504,25.858999967575073,0.10700011253356934
25.75599980354309,25.858999967575073,0.10300016403198242
25.799999952316284,26.007999897003174,0.20799994468688965
25.800999879837036,26.007999897003174,0.2070000171661377
25.800999879837036,25.858999967575073,0.05800008773803711
25.805999994277954,26.007999897003174,0.20199990272521973
25.84999990463257,26.007999897003174,0.15799999237060547
25.85099983215332,26.007999897003174,0.15700006484985352
25.85199999809265,26.144999980926514,0.2929999828338623
25.85599994659424,26.007999897003174,0.15199995040893555
25.901000022888184,26.144999980926514,0.24399995803833008
25.901000022888184,26.007999897003174,0.10699987411499023
25.901000022888184,26.144999980926514,0.24399995803833008
25.905999898910522,26.007999897003174,0.10199999809265137
25.949999809265137,26.144999980926514,0.19500017166137695
25.950999975204468,26.144999980926514,0.1940000057220459
25.950999975204468,26.144999980926514,0.1940000057220459
25.955999851226807,26.007999897003174,0.05200004577636719
26.0,26.144999980926514,0.14499998092651367
26.000999927520752,26.144999980926514,0.14400005340576172
26.000999927520752,26.144999980926514,0.14400005340576172
26.00599980354309,26.33399987220764,0.3280000686645508
26.049999952316284,26.144999980926514,0.09500002861022949
26.050999879837036,26.144999980926514,0.09400010108947754
26.051999807357788,26.33399987220764,0.2820000648498535
26.055999994277954,26.33399987220764,0.2779998779296875
26.09999990463257,26.144999980926514,0.04500007629394531
26.10099983215332,26.33399987220764,0.2330000400543213
26.10099983215332,26.33399987220764,0.2330000400543213
26.10699987411499,26.33399987220764,0.22699999809265137
26.151000022888184,26.46299982070923,0.3119997978210449
26.151000022888184,26.33399987220764,0.182999849319458
26.151999950408936,26.33399987220764,0.18199992179870605
26.155999898910522,26.33399987220764,0.17799997329711914
26.199999809265137,26.46299982070923,0.2630000114440918
26.199999809265137,26.33399987220764,0.13400006294250488
26.200999975204468,26.33399987220764,0.13299989700317383
26.207000017166138,26.46299982070923,0.2559998035430908
26.250999927520752,26.46299982070923,0.21199989318847656
26.250999927520752,26.33399987220764,0.08299994468688965
26.251999855041504,26.46299982070923,0.2109999656677246
26.25599980354309,26.46299982070923,0.2070000171661377
26.299999952316284,26.610999822616577,0.31099987030029297
26.300999879837036,26.46299982070923,0.16199994087219238
26.300999879837036,26.46299982070923,0.16199994087219238
26.305999994277954,26.46299982070923,0.15699982643127441
26.35099983215332,26.610999822616577,0.25999999046325684
26.35099983215332,26.610999822616577,0.25999999046325684
26.35099983215332,26.46299982070923,0.1119999885559082
26.35599994659424,26.46299982070923,0.10699987411499023
26.401000022888184,26.610999822616577,0.20999979972839355
26.401000022888184,26.610999822616577,0.20999979972839355
26.401999950408936,26.46299982070923,0.06099987030029297
26.405999898910522,26.610999822616577,0.2049999237060547
26.449999809265137,26.610999822616577,0.16100001335144043
26.450999975204468,26.610999822616577,0.15999984741210938
26.450999975204468,26.747999906539917,0.2969999313354492
26.455999851226807,26.610999822616577,0.1549999713897705
26.500999927520752,26.610999822616577,0.1099998950958252
26.500999927520752,26.747999906539917,0.24699997901916504
26.500999927520752,26.747999906539917,0.24699997901916504
26.506999969482422,26.610999822616577,0.10399985313415527
26.550999879837036,26.747999906539917,0.19700002670288086
26.550999879837036,26.747999906539917,0.19700002670288086
26.550999879837036,26.747999906539917,0.19700002670288086
26.555999994277954,26.610999822616577,0.05499982833862305
26.60099983215332,26.747999906539917,0.14700007438659668
26.60099983215332,26.747999906539917,0.14700007438659668
26.60099983215332,26.747999906539917,0.14700007438659668
26.60699987411499,26.944000005722046,0.33700013160705566
26.649999856948853,26.747999906539917,0.09800004959106445
26.651000022888184,26.747999906539917,0.0969998836517334
26.651999950408936,26.944000005722046,0.29200005531311035
26.656999826431274,26.944000005722046,0.2870001792907715
26.700999975204468,26.747999906539917,0.04699993133544922
26.700999975204468,26.944000005722046,0.24300003051757812
26.700999975204468,26.944000005722046,0.24300003051757812
26.707000017166138,26.944000005722046,0.2369999885559082
26.75,27.066999912261963,0.3169999122619629
26.750999927520752,26.944000005722046,0.19300007820129395
26.750999927520752,26.944000005722046,0.19300007820129395
26.756999969482422,26.944000005722046,0.18700003623962402
26.799999952316284,26.944000005722046,0.14400005340576172
26.800999879837036,27.066999912261963,0.26600003242492676
26.801999807357788,26.944000005722046,0.1420001983642578
26.805999994277954,27.066999912261963,0.2609999179840088
26.84999990463257,27.066999912261963,0.21700000762939453
26.85099983215332,26.944000005722046,0.09300017356872559
26.85099983215332,27.066999912261963,0.21600008010864258
26.85599994659424,27.066999912261963,0.2109999656677246
26.901000022888184,27.066999912261963,0.1659998893737793
26.901000022888184,26.944000005722046,0.042999982833862305
26.901000022888184,27.066999912261963,0.1659998893737793
26.905999898910522,27.066999912261963,0.16100001335144043
26.950999975204468,27.23199987411499,0.28099989891052246
26.950999975204468,27.23199987411499,0.28099989891052246
26.95199990272522,27.066999912261963,0.11500000953674316
26.955999851226807,27.066999912261963,0.11100006103515625
27.0,27.23199987411499,0.23199987411499023
27.0,27.23199987411499,0.23199987411499023
27.000999927520752,27.066999912261963,0.06599998474121094
27.00599980354309,27.23199987411499,0.22600007057189941
27.050999879837036,27.23199987411499,0.1809999942779541
27.050999879837036,27.23199987411499,0.1809999942779541
27.051999807357788,27.35699987411499,0.30500006675720215
27.055999994277954,27.23099994659424,0.17499995231628418
27.09999990463257,27.23199987411499,0.13199996948242188
27.09999990463257,27.23199987411499,0.13199996948242188
27.10099983215332,27.35699987411499,0.2560000419616699
27.10699987411499,27.23199987411499,0.125
27.151000022888184,27.35699987411499,0.20599985122680664
27.151000022888184,27.35699987411499,0.20599985122680664
27.151000022888184,27.35699987411499,0.20599985122680664
27.156999826431274,27.23099994659424,0.07400012016296387
27.199999809265137,27.35699987411499,0.15700006484985352
27.199999809265137,27.35699987411499,0.15700006484985352
27.20199990272522,27.35699987411499,0.1549999713897705
27.205999851226807,27.23099994659424,0.02500009536743164
27.250999927520752,27.35699987411499,0.10599994659423828
27.250999927520752,27.35699987411499,0.10599994659423828
27.250999927520752,27.539999961853027,0.2890000343322754
27.25599980354309,27.539999961853027,0.2840001583099365
27.300999879837036,27.35699987411499,0.0559999942779541
27.300999879837036,27.35699987411499,0.0559999942779541
27.301999807357788,27.539999961853027,0.23800015449523926
27.305999994277954,27.539999961853027,0.23399996757507324
27.34999990463257,27.668999910354614,0.3190000057220459
27.34999990463257,27.539999961853027,0.19000005722045898
27.35099983215332,27.539999961853027,0.18900012969970703
27.35599994659424,27.539999961853027,0.18400001525878906
27.401000022888184,27.668999910354614,0.26799988746643066
27.401000022888184,27.539999961853027,0.13899993896484375
27.401999950408936,27.539999961853027,0.1380000114440918
27.405999898910522,27.539999961853027,0.13400006294250488
27.449999809265137,27.668999910354614,0.21900010108947754
27.449999809265137,27.539999961853027,0.09000015258789062
27.450999975204468,27.668999910354614,0.21799993515014648
27.455999851226807,27.668999910354614,0.21300005912780762
27.500999927520752,27.668999910354614,0.1679999828338623
27.500999927520752,27.84500002861023,0.34400010108947754
27.500999927520752,27.668999910354614,0.1679999828338623
27.50599980354309,27.668999910354614,0.16300010681152344
27.549999952316284,27.84500002861023,0.2950000762939453
27.549999952316284,27.84500002861023,0.2950000762939453
27.551999807357788,27.668999910354614,0.11700010299682617
27.555999994277954,27.668999910354614,0.11299991607666016
27.60099983215332,27.84500002861023,0.24400019645690918
27.60099983215332,27.84500002861023,0.24400019645690918
27.60099983215332,27.668999910354614,0.06800007820129395
27.60599994659424,27.668999910354614,0.06299996376037598
27.649999856948853,27.84500002861023,0.19500017166137695
27.651000022888184,27.84500002861023,0.1940000057220459
27.651999950408936,27.957000017166138,0.30500006675720215
27.655999898910522,27.84599995613098,0.19000005722045898
27.699999809265137,27.84500002861023,0.14500021934509277
27.700999975204468,27.84500002861023,0.14400005340576172
27.700999975204468,27.957000017166138,0.2560000419616699
27.705999851226807,27.84599995613098,0.1400001049041748
27.75,27.957000017166138,0.2070000171661377
27.750999927520752,27.957000017166138,0.20600008964538574
27.750999927520752,27.957000017166138,0.20600008964538574
27.75599980354309,27.84599995613098,0.09000015258789062
27.799999952316284,27.957000017166138,0.15700006484985352
27.800999879837036,27.957000017166138,0.15600013732910156
27.801999807357788,27.957000017166138,0.1550002098083496
27.806999921798706,27.84500002861023,0.03800010681152344
27.85099983215332,27.957000017166138,0.10600018501281738
27.85099983215332,27.957000017166138,0.10600018501281738
27.85099983215332,28.14299988746643,0.29200005531311035
27.85699987411499,28.14299988746643,0.28600001335144043
27.899999856948853,27.957000017166138,0.057000160217285156
27.901000022888184,27.957000017166138,0.0559999942779541
27.901000022888184,28.14299988746643,0.24199986457824707
27.905999898910522,28.14299988746643,0.2369999885559082
27.950999975204468,28.28600001335144,0.33500003814697266
27.950999975204468,28.14299988746643,0.1919999122619629
27.95199990272522,28.14299988746643,0.19099998474121094
27.955999851226807,28.14299988746643,0.18700003623962402
28.0,28.28600001335144,0.28600001335144043
28.0,28.14299988746643,0.14299988746643066
28.000999927520752,28.14299988746643,0.1419999599456787
28.00599980354309,28.14299988746643,0.13700008392333984
28.050999879837036,28.28600001335144,0.2350001335144043
28.050999879837036,28.14299988746643,0.09200000762939453
28.050999879837036,28.28600001335144,0.2350001335144043
28.056999921798706,28.28600001335144,0.22900009155273438
28.09999990463257,28.28600001335144,0.18600010871887207
28.09999990463257,28.14299988746643,0.042999982833862305
28.10199999809265,28.28600001335144,0.18400001525878906
28.10699987411499,28.28600001335144,0.1790001392364502
28.151000022888184,28.431999921798706,0.28099989891052246
28.151000022888184,28.431999921798706,0.28099989891052246
28.151000022888184,28.28600001335144,0.13499999046325684
28.156999826431274,28.28600001335144,0.12900018692016602
28.199999809265137,28.431999921798706,0.23200011253356934
28.200999975204468,28.431999921798706,0.23099994659423828
28.20199990272522,28.28600001335144,0.0840001106262207
28.205999851226807,28.28600001335144,0.08000016212463379
28.25,28.431999921798706,0.18199992179870605
28.250999927520752,28.431999921798706,0.1809999942779541
28.251999855041504,28.28600001335144,0.03400015830993652
28.256999969482422,28.431999921798706,0.17499995231628418
28.300999879837036,28.431999921798706,0.13100004196166992
28.300999879837036,28.431999921798706,0.13100004196166992
28.300999879837036,28.55900001525879,0.25800013542175293
28.305999994277954,28.431999921798706,0.12599992752075195
28.34999990463257,28.55900001525879,0.2090001106262207
28.35099983215332,28.55900001525879,0.20800018310546875
28.35199999809265,28.55900001525879,0.2070000171661377
28.35599994659424,28.431999921798706,0.07599997520446777
28.401000022888184,28.55900001525879,0.15799999237060547
28.401000022888184,28.55900001525879,0.15799999237060547
28.401000022888184,28.55900001525879,0.15799999237060547
28.405999898910522,28.747999906539917,0.34200000762939453
28.449999809265137,28.55900001525879,0.10900020599365234
28.449999809265137,28.55900001525879,0.10900020599365234
28.45199990272522,28.747999906539917,0.29600000381469727
28.457000017166138,28.747999906539917,0.2909998893737793
28.500999927520752,28.55900001525879,0.05800008773803711
28.500999927520752,28.55900001525879,0.05800008773803711
28.501999855041504,28.747999906539917,0.24600005149841309
28.506999969482422,28.747999906539917,0.24099993705749512
28.550999879837036,28.878000020980835,0.32700014114379883
28.550999879837036,28.747999906539917,0.19700002670288086
28.550999879837036,28.74899983406067,0.1979999542236328
28.555999994277954,28.747999906539917,0.1919999122619629
28.60099983215332,28.878000020980835,0.27700018882751465
28.60099983215332,28.747999906539917,0.14700007438659668
28.60199999809265,28.74899983406067,0.14699983596801758
28.60599994659424,28.747999906539917,0.1419999599456787
28.651000022888184,28.878000020980835,0.22699999809265137
28.651000022888184,28.747999906539917,0.0969998836517334
28.651000022888184,28.747999906539917,0.0969998836517334
28.655999898910522,28.878000020980835,0.2220001220703125
28.699999809265137,28.747999906539917,0.04800009727478027
28.700999975204468,28.878000020980835,0.1770000457763672
28.700999975204468,28.878000020980835,0.1770000457763672
28.705999851226807,28.878000020980835,0.17200016975402832
28.750999927520752,29.037999868392944,0.2869999408721924
28.750999927520752,29.037999868392944,0.2869999408721924
28.751999855041504,28.878000020980835,0.12600016593933105
28.75599980354309,28.878000020980835,0.12200021743774414
28.799999952316284,29.037999868392944,0.23799991607666016
28.800999879837036,29.037999868392944,0.2369999885559082
28.800999879837036,28.878000020980835,0.07700014114379883
28.806999921798706,28.878000020980835,0.0710000991821289
28.85099983215332,29.037999868392944,0.18700003623962402
28.85099983215332,29.037999868392944,0.18700003623962402
28.85199999809265,29.161999940872192,0.309999942779541
28.85699987411499,29.037999868392944,0.1809999942779541
28.901000022888184,29.037999868392944,0.13699984550476074
28.901000022888184,29.037999868392944,0.13699984550476074
28.901000022888184,29.161999940872192,0.2609999179840088
28.906999826431274,29.037999868392944,0.13100004196166992
28.950999975204468,29.161999940872192,0.2109999656677246
28.950999975204468,29.161999940872192,0.2109999656677246
28.950999975204468,29.161999940872192,0.2109999656677246
28.957000017166138,29.037999868392944,0.08099985122680664
29.000999927520752,29.161999940872192,0.16100001335144043
29.000999927520752,29.161999940872192,0.16100001335144043
29.001999855041504,29.161999940872192,0.16000008583068848
29.006999969482422,29.037999868392944,0.03099989891052246
29.050999879837036,29.161999940872192,0.11100006103515625
29.050999879837036,29.161999940872192,0.11100006103515625
29.050999879837036,29.161999940872192,0.11100006103515625
29.055999994277954,29.35199999809265,0.29600000381469727
29.09999990463257,29.161999940872192,0.06200003623962402
29.10099983215332,29.161999940872192,0.06100010871887207
29.10199999809265,29.35199999809265,0.25
29.10599994659424,29.35199999809265,0.24600005149841309
29.149999856948853,29.35199999809265,0.20200014114379883
29.151000022888184,29.482999801635742,0.3319997787475586
29.151999950408936,29.35199999809265,0.20000004768371582
29.156999826431274,29.35199999809265,0.19500017166137695
29.200999975204468,29.482999801635742,0.2819998264312744
29.200999975204468,29.35199999809265,0.1510000228881836
29.200999975204468,29.35199999809265,0.1510000228881836
29.207000017166138,29.35199999809265,0.14499998092651367
29.250999927520752,29.482999801635742,0.23199987411499023
29.250999927520752,29.35199999809265,0.10100007057189941
29.251999855041504,29.35199999809265,0.10000014305114746
29.256999969482422,29.48099994659424,0.2239999771118164
29.300999879837036,29.482999801635742,0.18199992179870605
29.300999879837036,29.35199999809265,0.051000118255615234
29.301999807357788,29.482999801635742,0.1809999942779541
29.306999921798706,29.48099994659424,0.17400002479553223
29.34999990463257,29.640999794006348,0.2909998893737793
29.35099983215332,29.640999794006348,0.28999996185302734
29.35099983215332,29.482999801635742,0.13199996948242188
29.35599994659424,29.48099994659424,0.125
29.399999856948853,29.640999794006348,0.24099993705749512
29.401000022888184,29.640999794006348,0.23999977111816406
29.401999950408936,29.482999801635742,0.08099985122680664
29.406999826431274,29.48099994659424,0.07400012016296387
29.450999975204468,29.640999794006348,0.18999981880187988
29.450999975204468,29.640999794006348,0.18999981880187988
29.450999975204468,29.787999868392944,0.33699989318847656
29.457000017166138,29.640999794006348,0.18399977684020996
29.5,29.640999794006348,0.14099979400634766
29.500999927520752,29.640999794006348,0.1399998664855957
29.501999855041504,29.787999868392944,0.28600001335144043
29.506999969482422,29.640999794006348,0.13399982452392578
29.550999879837036,29.787999868392944,0.2369999885559082
29.550999879837036,29.787999868392944,0.2369999885559082
29.550999879837036,29.787999868392944,0.2369999885559082
29.555999994277954,29.640999794006348,0.08499979972839355
29.60099983215332,29.787999868392944,0.18700003623962402
29.60099983215332,29.787999868392944,0.18700003623962402
29.60099983215332,29.787999868392944,0.18700003623962402
29.60699987411499,29.640999794006348,0.03399991989135742
29.651000022888184,29.787999868392944,0.13699984550476074
29.651000022888184,29.787999868392944,0.13699984550476074
29.651999950408936,29.787999868392944,0.1359999179840088
29.655999898910522,29.955999851226807,0.2999999523162842
29.700999975204468,29.787999868392944,0.08699989318847656
29.700999975204468,29.787999868392944,0.08699989318847656
29.700999975204468,29.955999851226807,0.25499987602233887
29.705999851226807,29.955999851226807,0.25
29.750999927520752,29.787999868392944,0.03699994087219238
29.750999927520752,29.955999851226807,0.2049999237060547
29.751999855041504,29.955999851226807,0.20399999618530273
29.756999969482422,29.955999851226807,0.19899988174438477
29.800999879837036,30.09599995613098,0.2950000762939453
29.800999879837036,29.954999923706055,0.15400004386901855
29.800999879837036,29.955999851226807,0.1549999713897705
29.806999921798706,29.955999851226807,0.14899992942810059
29.85099983215332,30.09599995613098,0.24500012397766113
29.85099983215332,29.954999923706055,0.10400009155273438
29.85199999809265,30.09500002861023,0.24300003051757812
29.85599994659424,30.09500002861023,0.2390000820159912
29.901000022888184,30.09599995613098,0.19499993324279785
29.901000022888184,29.955999851226807,0.05499982833862305
29.901999950408936,30.09500002861023,0.19300007820129395
29.905999898910522,30.09500002861023,0.18900012969970703
29.950999975204468,30.09599995613098,0.14499998092651367
29.950999975204468,30.259999990463257,0.30900001525878906
29.950999975204468,30.09500002861023,0.14400005340576172
29.955999851226807,30.09500002861023,0.13900017738342285
30.000999927520752,30.259999990463257,0.2590000629425049
30.001999855041504,30.259999990463257,0.25800013542175293
30.001999855041504,30.09500002861023,0.09300017356872559
30.00599980354309,30.09500002861023,0.08900022506713867
30.050999879837036,30.259999990463257,0.2090001106262207
30.050999879837036,30.259999990463257,0.2090001106262207
30.050999879837036,30.09500002861023,0.04400014877319336
30.056999921798706,30.259999990463257,0.20300006866455078
30.10099983215332,30.259999990463257,0.15900015830993652
30.10099983215332,30.259999990463257,0.15900015830993652
30.10099983215332,30.381999969482422,0.28100013732910156
30.10699987411499,30.259999990463257,0.1530001163482666
30.149999856948853,30.381999969482422,0.23200011253356934
30.149999856948853,30.381999969482422,0.23200011253356934
30.151999950408936,30.381999969482422,0.23000001907348633
30.156999826431274,30.259999990463257,0.10300016403198242
30.200999975204468,30.381999969482422,0.1809999942779541
30.200999975204468,30.381999969482422,0.1809999942779541
30.200999975204468,30.381999969482422,0.1809999942779541
30.207000017166138,30.259999990463257,0.05299997329711914
30.250999927520752,30.381999969482422,0.13100004196166992
30.250999927520752,30.381999969482422,0.13100004196166992
30.251999855041504,30.55900001525879,0.30700016021728516
30.25599980354309,30.55900001525879,0.30300021171569824
30.300999879837036,30.381999969482422,0.08100008964538574
30.300999879837036,30.55900001525879,0.25800013542175293
30.301999807357788,30.381999969482422,0.08000016212463379
30.306999921798706,30.55900001525879,0.252000093460083
30.35099983215332,30.381999969482422,0.031000137329101562
30.35199999809265,30.55900001525879,0.2070000171661377
30.35199999809265,30.55900001525879,0.2070000171661377
30.35699987411499,30.55900001525879,0.20200014114379883
30.401000022888184,30.687999963760376,0.2869999408721924
30.401000022888184,30.55900001525879,0.15799999237060547
30.401999950408936,30.55900001525879,0.15700006484985352
30.405999898910522,30.55900001525879,0.1530001163482666
30.450999975204468,30.687999963760376,0.2369999885559082
30.450999975204468,30.55900001525879,0.10800004005432129
30.450999975204468,30.55900001525879,0.10800004005432129
30.457000017166138,30.687999963760376,0.23099994659423828
30.5,30.55900001525879,0.05900001525878906
30.500999927520752,30.687999963760376,0.18700003623962402
30.501999855041504,30.687999963760376,0.18600010871887207
30.506999969482422,30.687999963760376,0.1809999942779541
30.550999879837036,30.85099983215332,0.2999999523162842
30.550999879837036,30.85099983215332,0.2999999523162842
30.551999807357788,30.687999963760376,0.1360001564025879
30.555999994277954,30.687999963760376,0.13199996948242188
30.60099983215332,30.85099983215332,0.25
30.60099983215332,30.85099983215332,0.25
30.60099983215332,30.687999963760376,0.08700013160705566
30.60599994659424,30.687999963760376,0.0820000171661377
30.649999856948853,30.85099983215332,0.20099997520446777
30.649999856948853,30.85099983215332,0.20099997520446777
30.651999950408936,30.977999925613403,0.3259999752044678
30.656999826431274,30.85099983215332,0.1940000057220459
30.700999975204468,30.85099983215332,0.14999985694885254
30.700999975204468,30.85099983215332,0.14999985694885254
30.700999975204468,30.977999925613403,0.27699995040893555
30.707000017166138,30.85099983215332,0.14399981498718262
30.750999927520752,30.977999925613403,0.22699999809265137
30.750999927520752,30.977999925613403,0.22699999809265137
30.751999855041504,30.977999925613403,0.22600007057189941
30.75599980354309,30.85099983215332,0.09500002861022949
30.800999879837036,30.977999925613403,0.1770000457763672
30.801999807357788,30.977999925613403,0.17600011825561523
30.801999807357788,30.977999925613403,0.17600011825561523
30.806999921798706,30.85099983215332,0.04399991035461426
30.85099983215332,30.977999925613403,0.127000093460083
30.85099983215332,30.977999925613403,0.127000093460083
30.85099983215332,30.977999925613403,0.127000093460083
30.85699987411499,31.162999868392944,0.3059999942779541
30.901000022888184,30.977999925613403,0.07699990272521973
30.901000022888184,30.977999925613403,0.07699990272521973
30.901999950408936,31.162999868392944,0.2609999179840088
30.905999898910522,31.162999868392944,0.2569999694824219
30.950999975204468,30.977999925613403,0.026999950408935547
30.950999975204468,31.162999868392944,0.21199989318847656
30.950999975204468,31.162999868392944,0.21199989318847656
30.955999851226807,31.162999868392944,0.2070000171661377
31.000999927520752,31.29199981689453,0.2909998893737793
31.000999927520752,31.162999868392944,0.16199994087219238
31.001999855041504,31.162999868392944,0.16100001335144043
31.00599980354309,31.162999868392944,0.15700006484985352
31.050999879837036,31.29199981689453,0.24099993705749512
31.050999879837036,31.162999868392944,0.1119999885559082
31.051999807357788,31.29199981689453,0.24000000953674316
31.056999921798706,31.29199981689453,0.2349998950958252
31.09999990463257,31.162999868392944,0.06299996376037598
31.10099983215332,31.29199981689453,0.19099998474121094
31.10099983215332,31.29199981689453,0.19099998474121094
31.10699987411499,31.29199981689453,0.18499994277954102
31.151000022888184,31.45299983024597,0.3019998073577881
31.151999950408936,31.453999996185303,0.3020000457763672
31.151999950408936,31.29199981689453,0.1399998664855957
31.155999898910522,31.29199981689453,0.1359999179840088
31.200999975204468,31.45299983024597,0.2519998550415039
31.200999975204468,31.453999996185303,0.25300002098083496
31.200999975204468,31.29199981689453,0.09099984169006348
31.207000017166138,31.29199981689453,0.08499979972839355
31.25,31.45299983024597,0.20299983024597168
31.250999927520752,31.453999996185303,0.20300006866455078
31.250999927520752,31.29199981689453,0.0409998893737793
31.25599980354309,31.453999996185303,0.19800019264221191
31.300999879837036,31.45299983024597,0.15199995040893555
31.300999879837036,31.453999996185303,0.1530001163482666
31.301999807357788,31.578999996185303,0.27700018882751465
31.306999921798706,31.453999996185303,0.14700007438659668
31.35099983215332,31.45299983024597,0.10199999809265137
31.35099983215332,31.578999996185303,0.22800016403198242
31.35099983215332,31.578999996185303,0.22800016403198242
31.35699987411499,31.453999996185303,0.0970001220703125
31.399999856948853,31.578999996185303,0.1790001392364502
31.401000022888184,31.578999996185303,0.17799997329711914
31.401999950408936,31.578999996185303,0.1770000457763672
31.406999826431274,31.453999996185303,0.04700016975402832
31.450999975204468,31.578999996185303,0.12800002098083496
31.450999975204468,31.578999996185303,0.12800002098083496
31.45199990272522,31.787999868392944,0.3359999656677246
31.457000017166138,31.787999868392944,0.33099985122680664
31.500999927520752,31.578999996185303,0.07800006866455078
31.500999927520752,31.578999996185303,0.07800006866455078
31.500999927520752,31.787999868392944,0.2869999408721924
31.50599980354309,31.787999868392944,0.2820000648498535
31.550999879837036,31.787999868392944,0.2369999885559082
31.550999879837036,31.89800000190735,0.3470001220703125
31.551999807357788,31.787999868392944,0.23600006103515625
31.555999994277954,31.787999868392944,0.23199987411499023
31.60099983215332,31.787999868392944,0.18700003623962402
31.60099983215332,31.89800000190735,0.2970001697540283
31.60099983215332,31.787999868392944,0.18700003623962402
31.60699987411499,31.787999868392944,0.1809999942779541
31.649999856948853,31.89800000190735,0.2480001449584961
31.651000022888184,31.787999868392944,0.13699984550476074
31.651000022888184,31.89800000190735,0.24699997901916504
31.655999898910522,31.89800000190735,0.24200010299682617
31.700999975204468,31.787999868392944,0.08699989318847656
31.700999975204468,31.89800000190735,0.19700002670288086
31.70199990272522,31.89800000190735,0.1960000991821289
31.705999851226807,31.89800000190735,0.192000150680542
31.750999927520752,31.787999868392944,0.03699994087219238
31.750999927520752,32.05799984931946,0.30699992179870605
31.751999855041504,31.89800000190735,0.14600014686584473
31.75599980354309,31.89800000190735,0.1420001983642578
31.800999879837036,32.05799984931946,0.2569999694824219
31.800999879837036,32.05799984931946,0.2569999694824219
31.800999879837036,31.89800000190735,0.0970001220703125
31.806999921798706,31.89800000190735,0.09100008010864258
31.85099983215332,32.05799984931946,0.2070000171661377
31.85099983215332,32.05799984931946,0.2070000171661377
31.85199999809265,31.89800000190735,0.046000003814697266
31.85599994659424,32.05799984931946,0.20199990272521973
31.901000022888184,32.05799984931946,0.15699982643127441
31.901000022888184,32.05799984931946,0.15699982643127441
31.901000022888184,32.187999963760376,0.2869999408721924
31.906999826431274,32.05799984931946,0.1510000228881836
31.950999975204468,32.187999963760376,0.2369999885559082
31.950999975204468,32.05799984931946,0.10699987411499023
31.95199990272522,32.187999963760376,0.23600006103515625
31.955999851226807,32.05799984931946,0.10199999809265137
32.00099992752075,32.187999963760376,0.18700003623962402
32.00099992752075,32.187999963760376,0.18700003623962402
32.001999855041504,32.187999963760376,0.18600010871887207
32.00599980354309,32.05799984931946,0.05200004577636719
32.049999952316284,32.187999963760376,0.1380000114440918
32.050999879837036,32.187999963760376,0.13700008392333984
32.050999879837036,32.187999963760376,0.13700008392333984
32.055999994277954,32.37599992752075,0.31999993324279785
32.09999990463257,32.187999963760376,0.08800005912780762
32.10199999809265,32.187999963760376,0.08599996566772461
32.10199999809265,32.37599992752075,0.2739999294281006
32.10699987411499,32.37599992752075,0.2690000534057617
32.151000022888184,32.54299998283386,0.3919999599456787
32.151000022888184,32.37599992752075,0.22499990463256836
32.151999950408936,32.37599992752075,0.2239999771118164
32.15599989891052,32.37599992752075,0.2200000286102295
32.19999980926514,32.37599992752075,0.17600011825561523
32.20099997520447,32.54299998283386,0.34200000762939453
32.20099997520447,32.37599992752075,0.17499995231628418
32.20599985122681,32.37599992752075,0.1700000762939453
32.25099992752075,32.54299998283386,0.29200005531311035
32.25099992752075,32.37599992752075,0.125
32.251999855041504,32.37599992752075,0.12400007247924805
32.25599980354309,32.54299998283386,0.2870001792907715
32.300999879837036,32.54299998283386,0.24200010299682617
32.300999879837036,32.375,0.07400012016296387
32.300999879837036,32.54299998283386,0.24200010299682617
32.306999921798706,32.54299998283386,0.23600006103515625
32.35099983215332,32.66199994087219,0.31100010871887207
32.35099983215332,32.37599992752075,0.02500009536743164
32.35199999809265,32.54299998283386,0.19099998474121094
32.35599994659424,32.54299998283386,0.18700003623962402
32.401000022888184,32.66199994087219,0.2609999179840088
32.401000022888184,32.66199994087219,0.2609999179840088
32.401999950408936,32.54299998283386,0.14100003242492676
32.40599989891052,32.54299998283386,0.13700008392333984
32.45099997520447,32.66199994087219,0.2109999656677246
32.45099997520447,32.66199994087219,0.2109999656677246
32.45099997520447,32.54299998283386,0.09200000762939453
32.45700001716614,32.66199994087219,0.2049999237060547
32.50099992752075,32.66199994087219,0.16100001335144043
32.50099992752075,32.66199994087219,0.16100001335144043
32.501999855041504,32.788999795913696,0.2869999408721924
32.50599980354309,32.66199994087219,0.15600013732910156
32.549999952316284,32.66199994087219,0.1119999885559082
32.550999879837036,32.788999795913696,0.23799991607666016
32.550999879837036,32.788999795913696,0.23799991607666016
32.556999921798706,32.66199994087219,0.10500001907348633
32.60099983215332,32.788999795913696,0.18799996376037598
32.60099983215332,32.788999795913696,0.18799996376037598
32.60199999809265,32.788999795913696,0.18699979782104492
32.60699987411499,32.66199994087219,0.05500006675720215
32.651000022888184,32.788999795913696,0.1379997730255127
32.651000022888184,32.788999795913696,0.1379997730255127
32.651999950408936,32.788999795913696,0.13699984550476074
32.656999826431274,32.97499990463257,0.31800007820129395
32.70099997520447,32.788999795913696,0.08799982070922852
32.70099997520447,32.788999795913696,0.08799982070922852
32.70199990272522,32.97499990463257,0.27300000190734863
32.70700001716614,32.97499990463257,0.26799988746643066
32.75099992752075,32.788999795913696,0.037999868392944336
32.75099992752075,32.97499990463257,0.2239999771118164
32.751999855041504,32.97499990463257,0.22300004959106445
32.75699996948242,32.97499990463257,0.21799993515014648
32.799999952316284,32.97499990463257,0.17499995231628418
32.800999879837036,33.1029999256134,0.3020000457763672
32.800999879837036,32.97499990463257,0.17400002479553223
32.806999921798706,32.97499990463257,0.1679999828338623
32.85099983215332,33.1029999256134,0.252000093460083
32.85099983215332,32.97499990463257,0.12400007247924805
32.85199999809265,32.97499990463257,0.12299990653991699
32.85699987411499,33.1029999256134,0.24600005149841309
32.901000022888184,33.1029999256134,0.20199990272521973
32.901000022888184,32.97499990463257,0.07399988174438477
32.901999950408936,33.1029999256134,0.20099997520446777
32.906999826431274,33.1029999256134,0.1960000991821289
32.95099997520447,33.1029999256134,0.15199995040893555
32.95099997520447,32.97499990463257,0.023999929428100586
32.95099997520447,33.1029999256134,0.15199995040893555
32.95599985122681,33.1029999256134,0.14700007438659668
33.00099992752075,33.26899981498718,0.26799988746643066
33.001999855041504,33.26799988746643,0.26600003242492676
33.001999855041504,33.1029999256134,0.10100007057189941
33.00599980354309,33.1029999256134,0.0970001220703125
33.050999879837036,33.26899981498718,0.21799993515014648
33.050999879837036,33.26799988746643,0.21700000762939453
33.05199980735779,33.1029999256134,0.051000118255615234
33.056999921798706,33.26799988746643,0.2109999656677246
33.09999990463257,33.26899981498718,0.16899991035461426
33.10099983215332,33.26799988746643,0.16700005531311035
33.10099983215332,33.39399981498718,0.2929999828338623
33.10699987411499,33.26799988746643,0.16100001335144043
33.14999985694885,33.39399981498718,0.24399995803833008
33.151000022888184,33.26899981498718,0.11799979209899902
33.151999950408936,33.39399981498718,0.24199986457824707
33.156999826431274,33.26799988746643,0.11100006103515625
33.20099997520447,33.39399981498718,0.19299983978271484
33.20099997520447,33.39399981498718,0.19299983978271484
33.20199990272522,33.39399981498718,0.1919999122619629
33.20599985122681,33.26899981498718,0.06299996376037598
33.25099992752075,33.39399981498718,0.14299988746643066
33.25099992752075,33.39399981498718,0.14299988746643066
33.25099992752075,33.39399981498718,0.14299988746643066
33.25699996948242,33.579999923706055,0.3229999542236328
33.300999879837036,33.39399981498718,0.09299993515014648
33.300999879837036,33.39399981498718,0.09299993515014648
33.30199980735779,33.579999923706055,0.2780001163482666
33.306999921798706,33.579999923706055,0.27300000190734863
33.35099983215332,33.70599985122681,0.35500001907348633
33.35099983215332,33.579999923706055,0.22900009155273438
33.35199999809265,33.579999923706055,0.22799992561340332
33.35599994659424,33.579999923706055,0.2239999771118164
33.401000022888184,33.70599985122681,0.30499982833862305
33.401000022888184,33.579999923706055,0.1789999008178711
33.401000022888184,33.579999923706055,0.1789999008178711
33.40599989891052,33.579999923706055,0.17400002479553223
33.45099997520447,33.70599985122681,0.25499987602233887
33.45099997520447,33.579999923706055,0.12899994850158691
33.45199990272522,33.579999923706055,0.12800002098083496
33.45700001716614,33.579999923706055,0.12299990653991699
33.50099992752075,33.70599985122681,0.2049999237060547
33.50099992752075,33.579999923706055,0.07899999618530273
33.501999855041504,33.70599985122681,0.20399999618530273
33.50699996948242,33.704999923706055,0.1979999542236328
33.549999952316284,33.70599985122681,0.15599989891052246
33.550999879837036,33.88099980354309,0.3299999237060547
33.550999879837036,33.70599985122681,0.1549999713897705
33.555999994277954,33.704999923706055,0.14899992942810059
33.60099983215332,33.88099980354309,0.2799999713897705
33.60099983215332,33.88099980354309,0.2799999713897705
33.60199999809265,33.70599985122681,0.10399985313415527
33.60699987411499,33.70599985122681,0.0989999771118164
33.651000022888184,33.88099980354309,0.22999978065490723
33.651000022888184,33.88099980354309,0.22999978065490723
33.651999950408936,33.70599985122681,0.053999900817871094
33.656999826431274,33.70599985122681,0.04900002479553223
33.70099997520447,33.88099980354309,0.17999982833862305
33.70099997520447,33.88099980354309,0.17999982833862305
33.70099997520447,33.996999979019165,0.29600000381469727
33.70599985122681,33.88099980354309,0.17499995231628418
33.75099992752075,33.88099980354309,0.12999987602233887
33.75099992752075,33.88099980354309,0.12999987602233887
33.751999855041504,33.996999979019165,0.24500012397766113
33.75699996948242,33.88099980354309,0.12399983406066895
33.800999879837036,33.996999979019165,0.1960000991821289
33.80199980735779,33.996999979019165,0.19500017166137695
33.80199980735779,33.996999979019165,0.19500017166137695
33.806999921798706,33.88099980354309,0.07399988174438477
33.85099983215332,33.996999979019165,0.14600014686584473
33.85099983215332,33.996999979019165,0.14600014686584473
33.85099983215332,33.996999979019165,0.14600014686584473
33.85699987411499,33.88099980354309,0.023999929428100586
33.901000022888184,33.996999979019165,0.09599995613098145
33.901000022888184,33.996999979019165,0.09599995613098145
33.901999950408936,34.18499994277954,0.28299999237060547
33.90599989891052,34.18499994277954,0.27900004386901855
33.95099997520447,33.996999979019165,0.046000003814697266
33.95099997520447,33.996999979019165,0.046000003814697266
33.95199990272522,34.18499994277954,0.2330000400543213
33.95700001716614,34.18499994277954,0.22799992561340332
34.00099992752075,34.312999963760376,0.312000036239624
34.00099992752075,34.18499994277954,0.18400001525878906
34.00099992752075,34.18499994277954,0.18400001525878906
34.00699996948242,34.18499994277954,0.17799997329711914
34.050999879837036,34.312999963760376,0.26200008392333984
34.050999879837036,34.18499994277954,0.13400006294250488
34.050999879837036,34.18499994277954,0.13400006294250488
34.055999994277954,34.18499994277954,0.12899994850158691
34.10099983215332,34.312999963760376,0.21200013160705566
34.10099983215332,34.18499994277954,0.0840001106262207
34.10199999809265,34.312999963760376,0.2109999656677246
34.10699987411499,34.31099987030029,0.20399999618530273
34.151000022888184,34.312999963760376,0.16199994087219238
34.151000022888184,34.490999937057495,0.3399999141693115
34.151000022888184,34.312999963760376,0.16199994087219238
34.15599989891052,34.31099987030029,0.1549999713897705
34.20099997520447,34.490999937057495,0.28999996185302734
34.20099997520447,34.490999937057495,0.28999996185302734
34.20199990272522,34.312999963760376,0.11100006103515625
34.20599985122681,34.312999963760376,0.10700011253356934
34.25099992752075,34.490999937057495,0.24000000953674316
34.25099992752075,34.490999937057495,0.24000000953674316
34.251999855041504,34.312999963760376,0.06100010871887207
34.25599980354309,34.312999963760376,0.057000160217285156
34.300999879837036,34.490999937057495,0.19000005722045898
34.300999879837036,34.59999990463257,0.2990000247955322
34.30199980735779,34.490999937057495,0.18900012969970703
34.306999921798706,34.490999937057495,0.18400001525878906
34.35099983215332,34.490999937057495,0.1400001049041748
34.35099983215332,34.490999937057495,0.1400001049041748
34.35199999809265,34.59999990463257,0.247999906539917
34.35699987411499,34.490999937057495,0.13400006294250488
34.401000022888184,34.59999990463257,0.19899988174438477
34.401000022888184,34.59999990463257,0.19899988174438477
34.401000022888184,34.59999990463257,0.19899988174438477
34.40599989891052,34.490999937057495,0.08500003814697266
34.45099997520447,34.59999990463257,0.14899992942810059
34.45099997520447,34.59999990463257,0.14899992942810059
34.45099997520447,34.59999990463257,0.14899992942810059
34.45700001716614,34.490999937057495,0.03399991989135742
34.50099992752075,34.59999990463257,0.0989999771118164
34.50099992752075,34.59999990463257,0.0989999771118164
34.501999855041504,34.793999910354614,0.29200005531311035
34.50699996948242,34.793999910354614,0.2869999408721924
34.550999879837036,34.59999990463257,0.04900002479553223
34.550999879837036,34.59999990463257,0.04900002479553223
34.550999879837036,34.793999910354614,0.24300003051757812
34.556999921798706,34.793999910354614,0.2369999885559082
34.60099983215332,34.91199994087219,0.31100010871887207
34.60099983215332,34.793999910354614,0.19300007820129395
34.60199999809265,34.793999910354614,0.1919999122619629
34.60599994659424,34.793999910354614,0.18799996376037598
34.651000022888184,34.91199994087219,0.2609999179840088
34.651000022888184,34.793999910354614,0.14299988746643066
34.651999950408936,34.793999910354614,0.1419999599456787
34.65599989891052,34.793999910354614,0.1380000114440918
34.69999980926514,34.91199994087219,0.21200013160705566
34.70099997520447,34.793999910354614,0.09299993515014648
34.70099997520447,34.91199994087219,0.2109999656677246
34.70700001716614,34.91199994087219,0.2049999237060547
34.75,34.793999910354614,0.04399991035461426
34.75099992752075,34.91199994087219,0.16100001335144043
34.751999855041504,34.91199994087219,0.16000008583068848
34.75599980354309,34.91199994087219,0.15600013732910156
34.800999879837036,35.098999977111816,0.2980000972747803
34.800999879837036,35.098999977111816,0.2980000972747803
34.800999879837036,34.91199994087219,0.11100006103515625
34.805999994277954,34.91199994087219,0.10599994659423828
34.85099983215332,35.098999977111816,0.2480001449584961
34.85099983215332,35.098999977111816,0.2480001449584961
34.85099983215332,34.91199994087219,0.06100010871887207
34.85599994659424,35.09999990463257,0.24399995803833008
34.901000022888184,35.098999977111816,0.1979999542236328
34.901000022888184,35.098999977111816,0.1979999542236328
34.901999950408936,35.20299983024597,0.30099987983703613
34.906999826431274,35.09999990463257,0.19300007820129395
34.94999980926514,35.098999977111816,0.1490001678466797
34.95099997520447,35.098999977111816,0.14800000190734863
34.95099997520447,35.20299983024597,0.2519998550415039
34.95599985122681,35.09999990463257,0.14400005340576172
35.0,35.20299983024597,0.20299983024597168
35.00099992752075,35.20299983024597,0.20199990272521973
35.001999855041504,35.20299983024597,0.20099997520446777
35.00699996948242,35.09999990463257,0.09299993515014648
35.050999879837036,35.20299983024597,0.15199995040893555
35.050999879837036,35.20299983024597,0.15199995040893555
35.05199980735779,35.20299983024597,0.1510000228881836
35.055999994277954,35.09999990463257,0.04399991035461426
35.10099983215332,35.20299983024597,0.10199999809265137
35.10099983215332,35.20299983024597,0.10199999809265137
35.10099983215332,35.394999980926514,0.29400014877319336
35.10699987411499,35.394999980926514,0.28800010681152344
35.151000022888184,35.20299983024597,0.051999807357788086
35.151000022888184,35.20299983024597,0.051999807357788086
35.151999950408936,35.394999980926514,0.24300003051757812
35.156999826431274,35.394999980926514,0.23800015449523926
35.20099997520447,35.514999866485596,0.31399989128112793
35.20199990272522,35.39399981498718,0.1919999122619629
35.20199990272522,35.394999980926514,0.19300007820129395
35.20700001716614,35.394999980926514,0.18799996376037598
35.25099992752075,35.514999866485596,0.26399993896484375
35.25099992752075,35.39399981498718,0.14299988746643066
35.251999855041504,35.394999980926514,0.14300012588500977
35.25699996948242,35.394999980926514,0.1380000114440918
35.300999879837036,35.514999866485596,0.21399998664855957
35.300999879837036,35.39399981498718,0.09299993515014648
35.30199980735779,35.514999866485596,0.21300005912780762
35.306999921798706,35.514999866485596,0.20799994468688965
35.35099983215332,35.514999866485596,0.1640000343322754
35.35099983215332,35.39399981498718,0.042999982833862305
35.35099983215332,35.514999866485596,0.1640000343322754
35.35699987411499,35.514999866485596,0.15799999237060547
35.401000022888184,35.68599987030029,0.2849998474121094
35.401999950408936,35.68599987030029,0.2839999198913574
35.401999950408936,35.514999866485596,0.11299991607666016
35.406999826431274,35.514999866485596,0.10800004005432129
35.45099997520447,35.68599987030029,0.2349998950958252
35.45099997520447,35.68599987030029,0.2349998950958252
35.45199990272522,35.514999866485596,0.06299996376037598
35.45700001716614,35.514999866485596,0.05799984931945801
35.50099992752075,35.68599987030029,0.18499994277954102
35.50099992752075,35.68599987030029,0.18499994277954102
35.501999855041504,35.80799984931946,0.3059999942779541
35.50599980354309,35.68599987030029,0.18000006675720215
35.550999879837036,35.68599987030029,0.13499999046325684
35.550999879837036,35.68599987030029,0.13499999046325684
35.55199980735779,35.80799984931946,0.2560000419616699
35.556999921798706,35.68599987030029,0.12899994850158691
35.60099983215332,35.80799984931946,0.2070000171661377
35.60099983215332,35.80799984931946,0.2070000171661377
35.60199999809265,35.80799984931946,0.20599985122680664
35.60599994659424,35.68599987030029,0.07999992370605469
35.651000022888184,35.80799984931946,0.15699982643127441
35.651000022888184,35.80799984931946,0.15699982643127441
35.651999950408936,35.80799984931946,0.15599989891052246
35.656999826431274,35.68599987030029,0.029000043869018555
35.70099997520447,35.80799984931946,0.10699987411499023
35.70099997520447,35.80799984931946,0.10699987411499023
35.70099997520447,36.00099992752075,0.2999999523162842
35.70700001716614,36.00099992752075,0.29399991035461426
35.75099992752075,35.80799984931946,0.056999921798706055
35.75099992752075,35.80799984931946,0.056999921798706055
35.751999855041504,36.00099992752075,0.24900007247924805
35.75599980354309,36.00099992752075,0.24500012397766113
35.800999879837036,36.11800003051758,0.317000150680542
35.800999879837036,36.00099992752075,0.20000004768371582
35.80199980735779,36.00099992752075,0.19900012016296387
35.805999994277954,36.00099992752075,0.19499993324279785
35.85099983215332,36.11800003051758,0.2670001983642578
35.85099983215332,36.00099992752075,0.15000009536743164
35.85099983215332,36.00099992752075,0.15000009536743164
35.85599994659424,36.00099992752075,0.14499998092651367
35.901000022888184,36.11800003051758,0.21700000762939453
35.901000022888184,36.00099992752075,0.09999990463256836
35.901999950408936,36.11800003051758,0.21600008010864258
35.906999826431274,36.11800003051758,0.2110002040863037
35.95099997520447,36.11800003051758,0.16700005531311035
35.95099997520447,36.11800003051758,0.16700005531311035
35.95199990272522,36.00099992752075,0.04900002479553223
35.95700001716614,36.11800003051758,0.16100001335144043
36.00099992752075,36.287999868392944,0.2869999408721924
36.00099992752075,36.28699994087219,0.28600001335144043
36.001999855041504,36.11800003051758,0.11600017547607422
36.00699996948242,36.11800003051758,0.11100006103515625
36.050999879837036,36.287999868392944,0.2369999885559082
36.050999879837036,36.287999868392944,0.2369999885559082
36.05199980735779,36.11800003051758,0.06600022315979004
36.055999994277954,36.11800003051758,0.06200003623962402
36.09999990463257,36.28699994087219,0.18700003623962402
36.10099983215332,36.287999868392944,0.18700003623962402
36.10099983215332,36.41199994087219,0.31100010871887207
36.10599994659424,36.287999868392944,0.18199992179870605
36.151000022888184,36.287999868392944,0.13699984550476074
36.151000022888184,36.28699994087219,0.1359999179840088
36.151999950408936,36.41199994087219,0.25999999046325684
36.156999826431274,36.287999868392944,0.13100004196166992
36.20099997520447,36.41199994087219,0.2109999656677246
36.20199990272522,36.41100001335144,0.2090001106262207
36.20199990272522,36.41199994087219,0.21000003814697266
36.20700001716614,36.287999868392944,0.08099985122680664
36.25099992752075,36.41199994087219,0.16100001335144043
36.25099992752075,36.41100001335144,0.16000008583068848
36.25099992752075,36.41199994087219,0.16100001335144043
36.25699996948242,36.287999868392944,0.03099989891052246
36.299999952316284,36.41100001335144,0.11100006103515625
36.300999879837036,36.41199994087219,0.11100006103515625
36.30199980735779,36.60199999809265,0.3000001907348633
36.305999994277954,36.60199999809265,0.29600000381469727
36.35099983215332,36.41199994087219,0.06100010871887207
36.35099983215332,36.41100001335144,0.06000018119812012
36.35199999809265,36.60199999809265,0.25
36.35699987411499,36.60199999809265,0.24500012397766113
36.401000022888184,36.73299980163574,0.3319997787475586
36.401000022888184,36.60199999809265,0.20099997520446777
36.401999950408936,36.60199999809265,0.20000004768371582
36.40599989891052,36.60199999809265,0.1960000991821289
36.45099997520447,36.73299980163574,0.2819998264312744
36.45099997520447,36.60199999809265,0.1510000228881836
36.45199990272522,36.60199999809265,0.15000009536743164
36.45700001716614,36.60199999809265,0.14499998092651367
36.50099992752075,36.73299980163574,0.23199987411499023
36.50099992752075,36.60199999809265,0.10100007057189941
36.50099992752075,36.73299980163574,0.23199987411499023
36.50599980354309,36.73299980163574,0.22699999809265137
36.550999879837036,36.73299980163574,0.18199992179870605
36.550999879837036,36.60199999809265,0.051000118255615234
36.55199980735779,36.73299980163574,0.1809999942779541
36.556999921798706,36.73299980163574,0.17599987983703613
36.60099983215332,36.89099979400635,0.28999996185302734
36.60099983215332,36.89099979400635,0.28999996185302734
36.60199999809265,36.73299980163574,0.13099980354309082
36.60599994659424,36.73299980163574,0.1269998550415039
36.651000022888184,36.89099979400635,0.23999977111816406
36.651999950408936,36.89099979400635,0.2389998435974121
36.651999950408936,36.73299980163574,0.08099985122680664
36.65599989891052,36.73299980163574,0.07699990272521973
36.70099997520447,36.89099979400635,0.18999981880187988
36.70099997520447,36.89099979400635,0.18999981880187988
36.70199990272522,37.03399991989136,0.3320000171661377
36.70599985122681,36.89099979400635,0.18499994277954102
36.75099992752075,36.89099979400635,0.1399998664855957
36.751999855041504,36.89099979400635,0.13899993896484375
36.751999855041504,37.03399991989136,0.2820000648498535
36.75699996948242,36.89099979400635,0.13399982452392578
36.800999879837036,37.03399991989136,0.2330000400543213
36.80199980735779,37.03399991989136,0.23200011253356934
36.80199980735779,37.03399991989136,0.23200011253356934
36.806999921798706,36.89099979400635,0.0839998722076416
36.84999990463257,37.03399991989136,0.18400001525878906
36.85099983215332,37.03399991989136,0.1830000877380371
36.85199999809265,37.03399991989136,0.18199992179870605
36.85699987411499,36.89099979400635,0.03399991989135742
36.901000022888184,37.03399991989136,0.13299989700317383
36.901000022888184,37.03399991989136,0.13299989700317383
36.901000022888184,37.20899987220764,0.307999849319458
36.906999826431274,37.20899987220764,0.3020000457763672
36.95099997520447,37.03399991989136,0.08299994468688965
36.95099997520447,37.03399991989136,0.08299994468688965
36.95199990272522,37.20899987220764,0.2569999694824219
36.95700001716614,37.20899987220764,0.2519998550415039
37.00099992752075,37.33399987220764,0.33299994468688965
37.00099992752075,37.20899987220764,0.20799994468688965
37.001999855041504,37.20899987220764,0.2070000171661377
37.00699996948242,37.20899987220764,0.20199990272521973
37.049999952316284,37.20899987220764,0.15899991989135742
37.050999879837036,37.33399987220764,0.28299999237060547
37.050999879837036,37.20899987220764,0.15799999237060547
37.056999921798706,37.20899987220764,0.15199995040893555
37.10099983215332,37.20899987220764,0.10800004005432129
37.10199999809265,37.33399987220764,0.23199987411499023
37.10199999809265,37.33299994468689,0.23099994659423828
37.10699987411499,37.33299994468689,0.22600007057189941
37.151000022888184,37.33399987220764,0.182999849319458
37.151000022888184,37.20899987220764,0.05799984931945801
37.151999950408936,37.33299994468689,0.1809999942779541
37.15599989891052,37.33299994468689,0.1770000457763672
37.20099997520447,37.49499988555908,0.29399991035461426
37.20099997520447,37.49499988555908,0.29399991035461426
37.20099997520447,37.33299994468689,0.13199996948242188
37.20700001716614,37.33299994468689,0.12599992752075195
37.25099992752075,37.49499988555908,0.24399995803833008
37.25099992752075,37.49499988555908,0.24399995803833008
37.251999855041504,37.33299994468689,0.08100008964538574
37.25599980354309,37.33299994468689,0.07700014114379883
37.300999879837036,37.49499988555908,0.1940000057220459
37.300999879837036,37.49499988555908,0.1940000057220459
37.30199980735779,37.33299994468689,0.031000137329101562
37.305999994277954,37.49499988555908,0.18899989128112793
37.35099983215332,37.49499988555908,0.14400005340576172
37.35199999809265,37.49499988555908,0.14299988746643066
37.35199999809265,37.620999813079834,0.2689998149871826
37.35599994659424,37.49499988555908,0.13899993896484375
37.401000022888184,37.620999813079834,0.2199997901916504
37.401000022888184,37.620999813079834,0.2199997901916504
37.401999950408936,37.620999813079834,0.21899986267089844
37.406999826431274,37.49499988555908,0.08800005912780762
37.45099997520447,37.620999813079834,0.1699998378753662
37.45099997520447,37.620999813079834,0.1699998378753662
37.45099997520447,37.620999813079834,0.1699998378753662
37.45700001716614,37.49499988555908,0.037999868392944336
37.50099992752075,37.620999813079834,0.11999988555908203
37.50099992752075,37.620999813079834,0.11999988555908203
37.501999855041504,37.80999994277954,0.3080000877380371
37.50699996948242,37.80900001525879,0.3020000457763672
37.550999879837036,37.620999813079834,0.06999993324279785
37.550999879837036,37.80999994277954,0.2590000629425049
37.55199980735779,37.620999813079834,0.0690000057220459
37.555999994277954,37.80999994277954,0.2539999485015869
37.598999977111816,37.80999994277954,0.2109999656677246
37.60099983215332,37.93400001525879,0.33300018310546875
37.60199999809265,37.80999994277954,0.20799994468688965
37.60599994659424,37.80900001525879,0.20300006866455078
37.651000022888184,37.93400001525879,0.28299999237060547
37.651000022888184,37.80999994277954,0.15899991989135742
37.651999950408936,37.80999994277954,0.15799999237060547
37.656999826431274,37.80900001525879,0.15200018882751465
37.70099997520447,37.93400001525879,0.2330000400543213
37.70099997520447,37.80999994277954,0.10899996757507324
37.70199990272522,37.93400001525879,0.23200011253356934
37.70700001716614,37.93400001525879,0.22699999809265137
37.75099992752075,37.93400001525879,0.1830000877380371
37.75099992752075,37.80999994277954,0.05900001525878906
37.75099992752075,37.93400001525879,0.1830000877380371
37.75599980354309,37.93400001525879,0.17800021171569824
37.800999879837036,38.09699988365173,0.29600000381469727
37.800999879837036,38.09699988365173,0.29600000381469727
37.80199980735779,37.93400001525879,0.13200020790100098
37.806999921798706,37.93400001525879,0.127000093460083
37.85099983215332,38.09699988365173,0.24600005149841309
37.85199999809265,38.09699988365173,0.24499988555908203
37.85199999809265,37.93400001525879,0.0820000171661377
37.85699987411499,37.93400001525879,0.07700014114379883
37.901000022888184,38.09699988365173,0.1959998607635498
37.901000022888184,38.09699988365173,0.1959998607635498
37.901999950408936,38.234999895095825,0.33299994468688965
37.906999826431274,38.09699988365173,0.19000005722045898
37.95099997520447,38.09699988365173,0.14599990844726562
37.95099997520447,38.09699988365173,0.14599990844726562
37.95199990272522,38.234999895095825,0.28299999237060547
37.95700001716614,38.09699988365173,0.1399998664855957
38.00099992752075,38.234999895095825,0.23399996757507324
38.00099992752075,38.234999895095825,0.23399996757507324
38.001999855041504,38.234999895095825,0.2330000400543213
38.00699996948242,38.09699988365173,0.08999991416931152
38.050999879837036,38.234999895095825,0.18400001525878906
38.05199980735779,38.234999895095825,0.1830000877380371
38.05199980735779,38.234999895095825,0.1830000877380371
38.056999921798706,38.09699988365173,0.039999961853027344
38.10099983215332,38.234999895095825,0.13400006294250488
38.10199999809265,38.234999895095825,0.13299989700317383
38.10199999809265,38.234999895095825,0.13299989700317383
38.10699987411499,38.413999795913696,0.30699992179870605
38.14999985694885,38.234999895095825,0.08500003814697266
38.151000022888184,38.234999895095825,0.0839998722076416
38.151999950408936,38.412999868392944,0.2609999179840088
38.15599989891052,38.413999795913696,0.25799989700317383
38.20099997520447,38.54199981689453,0.3409998416900635
38.20099997520447,38.413999795913696,0.21299982070922852
38.20199990272522,38.412999868392944,0.2109999656677246
38.20599985122681,38.413999795913696,0.20799994468688965
38.25099992752075,38.54199981689453,0.2909998893737793
38.25099992752075,38.413999795913696,0.16299986839294434
38.251999855041504,38.412999868392944,0.16100001335144043
38.25699996948242,38.413999795913696,0.15699982643127441
38.300999879837036,38.54199981689453,0.24099993705749512
38.300999879837036,38.413999795913696,0.11299991607666016
38.30199980735779,38.54199981689453,0.24000000953674316
38.306999921798706,38.54099988937378,0.23399996757507324
38.35099983215332,38.54199981689453,0.19099998474121094
38.35099983215332,38.413999795913696,0.06299996376037598
38.35099983215332,38.54099988937378,0.19000005722045898
38.35699987411499,38.54099988937378,0.18400001525878906
38.401999950408936,38.54199981689453,0.1399998664855957
38.401999950408936,38.70199990272522,0.2999999523162842
38.401999950408936,38.54099988937378,0.13899993896484375
38.406999826431274,38.54099988937378,0.13400006294250488
38.45099997520447,38.70199990272522,0.25099992752075195
38.45099997520447,38.70199990272522,0.25099992752075195
38.45199990272522,38.54099988937378,0.08899998664855957
38.45700001716614,38.54099988937378,0.0839998722076416
38.50099992752075,38.70199990272522,0.20099997520446777
38.501999855041504,38.70199990272522,0.20000004768371582
38.501999855041504,38.54199981689453,0.039999961853027344
38.50599980354309,38.70199990272522,0.1960000991821289
38.550999879837036,38.70199990272522,0.1510000228881836
38.550999879837036,38.70199990272522,0.1510000228881836
38.550999879837036,38.83999991416931,0.2890000343322754
38.556999921798706,38.70199990272522,0.14499998092651367
38.60099983215332,38.83999991416931,0.2390000820159912
38.60099983215332,38.83999991416931,0.2390000820159912
38.60199999809265,38.83999991416931,0.23799991607666016
38.60599994659424,38.70199990272522,0.09599995613098145
38.651000022888184,38.83999991416931,0.18899989128112793
38.651999950408936,38.83999991416931,0.18799996376037598
38.651999950408936,38.83999991416931,0.18799996376037598
38.656999826431274,38.70199990272522,0.04500007629394531
38.70099997520447,38.83999991416931,0.13899993896484375
38.70099997520447,38.83999991416931,0.13899993896484375
38.70199990272522,39.02499985694885,0.3229999542236328
38.70700001716614,39.02499985694885,0.31799983978271484
38.75099992752075,38.83999991416931,0.08899998664855957
38.751999855041504,38.83999991416931,0.08800005912780762
38.751999855041504,39.02499985694885,0.27300000190734863
38.75699996948242,39.02499985694885,0.26799988746643066
38.800999879837036,39.14199995994568,0.3410000801086426
38.80199980735779,39.02499985694885,0.22300004959106445
38.80199980735779,39.02499985694885,0.22300004959106445
38.805999994277954,39.02499985694885,0.21899986267089844
38.85099983215332,39.14199995994568,0.2910001277923584
38.85099983215332,39.02499985694885,0.17400002479553223
38.85199999809265,39.02499985694885,0.17299985885620117
38.85699987411499,39.02499985694885,0.1679999828338623
38.901000022888184,39.14199995994568,0.24099993705749512
38.901000022888184,39.02499985694885,0.12399983406066895
38.901999950408936,39.02499985694885,0.12299990653991699
38.906999826431274,39.139999866485596,0.2330000400543213
38.95099997520447,39.14199995994568,0.19099998474121094
38.95099997520447,39.02499985694885,0.07399988174438477
38.95199990272522,39.14199995994568,0.19000005722045898
38.95700001716614,39.139999866485596,0.182999849319458
39.00099992752075,39.305999994277954,0.30500006675720215
39.001999855041504,39.306999921798706,0.30500006675720215
39.001999855041504,39.14199995994568,0.1400001049041748
39.00699996948242,39.139999866485596,0.13299989700317383
39.050999879837036,39.306999921798706,0.2560000419616699
39.05199980735779,39.305999994277954,0.254000186920166
39.05199980735779,39.14199995994568,0.09000015258789062
39.056999921798706,39.139999866485596,0.08299994468688965
39.10099983215332,39.305999994277954,0.2050001621246338
39.10199999809265,39.306999921798706,0.2049999237060547
39.10199999809265,39.14199995994568,0.039999961853027344
39.10699987411499,39.306999921798706,0.20000004768371582
39.151000022888184,39.306999921798706,0.15599989891052246
39.151999950408936,39.305999994277954,0.15400004386901855
39.151999950408936,39.4449999332428,0.2929999828338623
39.156999826431274,39.306999921798706,0.15000009536743164
39.20099997520447,39.4449999332428,0.24399995803833008
39.20099997520447,39.4449999332428,0.24399995803833008
39.20099997520447,39.4449999332428,0.24399995803833008
39.20700001716614,39.306999921798706,0.09999990463256836
39.25,39.4449999332428,0.19499993324279785
39.251999855041504,39.4449999332428,0.19300007820129395
39.251999855041504,39.4449999332428,0.19300007820129395
39.25699996948242,39.306999921798706,0.04999995231628418
39.300999879837036,39.4449999332428,0.14400005340576172
39.300999879837036,39.4449999332428,0.14400005340576172
39.30199980735779,39.633999824523926,0.3320000171661377
39.306999921798706,39.633999824523926,0.3269999027252197
39.35099983215332,39.4449999332428,0.09400010108947754
39.35199999809265,39.4449999332428,0.09299993515014648
39.35199999809265,39.633999824523926,0.2819998264312744
39.35699987411499,39.633999824523926,0.27699995040893555
39.401000022888184,39.4449999332428,0.04399991035461426
39.401999950408936,39.633999824523926,0.23199987411499023
39.401999950408936,39.633999824523926,0.23199987411499023
39.406999826431274,39.633999824523926,0.22699999809265137
39.45099997520447,39.74300003051758,0.29200005531311035
39.45099997520447,39.633999824523926,0.182999849319458
39.45199990272522,39.633999824523926,0.18199992179870605
39.45700001716614,39.633999824523926,0.17699980735778809
39.50099992752075,39.74300003051758,0.24200010299682617
39.50099992752075,39.633999824523926,0.13299989700317383
39.501999855041504,39.74300003051758,0.24100017547607422
39.507999897003174,39.74300003051758,0.2350001335144043
39.550999879837036,39.74300003051758,0.192000150680542
39.550999879837036,39.633999824523926,0.08299994468688965
39.55199980735779,39.74300003051758,0.19100022315979004
39.556999921798706,39.74300003051758,0.18600010871887207
39.60099983215332,39.90999984741211,0.30900001525878906
39.60199999809265,39.90999984741211,0.307999849319458
39.60199999809265,39.74300003051758,0.14100003242492676
39.60699987411499,39.74300003051758,0.1360001564025879
39.651000022888184,39.90999984741211,0.2589998245239258
39.651000022888184,39.90999984741211,0.2589998245239258
39.651999950408936,39.74300003051758,0.09100008010864258
39.656999826431274,39.74300003051758,0.08600020408630371
39.70099997520447,39.90999984741211,0.2089998722076416
39.70199990272522,39.90999984741211,0.20799994468688965
39.70199990272522,39.74300003051758,0.0410001277923584
39.70700001716614,39.90999984741211,0.20299983024597168
39.75099992752075,39.90999984741211,0.15899991989135742
39.75099992752075,39.90999984741211,0.15899991989135742
39.751999855041504,40.03600001335144,0.2840001583099365
39.75699996948242,39.90999984741211,0.1529998779296875
39.800999879837036,40.03600001335144,0.2350001335144043
39.800999879837036,40.03600001335144,0.2350001335144043
39.80199980735779,40.03600001335144,0.23400020599365234
39.806999921798706,39.90999984741211,0.10299992561340332
39.85199999809265,40.03600001335144,0.18400001525878906
39.85199999809265,40.03600001335144,0.18400001525878906
39.85199999809265,40.03600001335144,0.18400001525878906
39.85699987411499,39.90999984741211,0.05299997329711914
39.901000022888184,40.03600001335144,0.13499999046325684
39.901000022888184,40.03600001335144,0.13499999046325684
39.901999950408936,40.03600001335144,0.13400006294250488
39.906999826431274,40.25499987602234,0.34800004959106445
39.95099997520447,40.03600001335144,0.08500003814697266
39.95099997520447,40.03600001335144,0.08500003814697266
39.95199990272522,40.25499987602234,0.30299997329711914
39.95700001716614,40.25499987602234,0.29799985885620117
40.00099992752075,40.34599995613098,0.3450000286102295
40.00099992752075,40.25499987602234,0.2539999485015869
40.001999855041504,40.25499987602234,0.25300002098083496
40.00699996948242,40.25499987602234,0.247999906539917
40.050999879837036,40.34599995613098,0.2950000762939453
40.050999879837036,40.25499987602234,0.20399999618530273
40.05199980735779,40.25499987602234,0.20300006866455078
40.056999921798706,40.25499987602234,0.1979999542236328
40.10199999809265,40.34599995613098,0.24399995803833008
40.10199999809265,40.25499987602234,0.1529998779296875
40.10199999809265,40.25499987602234,0.1529998779296875
40.10699987411499,40.34599995613098,0.2390000820159912
40.151000022888184,40.34599995613098,0.19499993324279785
40.151000022888184,40.25499987602234,0.10399985313415527
40.151999950408936,40.34599995613098,0.1940000057220459
40.156999826431274,40.34599995613098,0.18900012969970703
40.20099997520447,40.34599995613098,0.14499998092651367
40.20099997520447,40.25499987602234,0.053999900817871094
40.20199990272522,40.34599995613098,0.14400005340576172
40.20700001716614,40.34599995613098,0.13899993896484375
40.251999855041504,40.51300001144409,0.2610001564025879
40.251999855041504,40.51300001144409,0.2610001564025879
40.251999855041504,40.34599995613098,0.09400010108947754
40.25699996948242,40.34599995613098,0.08899998664855957
40.299999952316284,40.51300001144409,0.21300005912780762
40.300999879837036,40.51300001144409,0.21200013160705566
40.30199980735779,40.34599995613098,0.04400014877319336
40.305999994277954,40.51199984550476,0.20599985122680664
40.35099983215332,40.51300001144409,0.16200017929077148
40.35099983215332,40.51199984550476,0.16100001335144043
40.35099983215332,40.645999908447266,0.2950000762939453
40.35699987411499,40.51199984550476,0.1549999713897705
40.401000022888184,40.645999908447266,0.24499988555908203
40.401999950408936,40.51300001144409,0.11100006103515625
40.401999950408936,40.645999908447266,0.24399995803833008
40.406999826431274,40.51199984550476,0.10500001907348633
40.45099997520447,40.645999908447266,0.19499993324279785
40.45099997520447,40.645999908447266,0.19499993324279785
40.45199990272522,40.645999908447266,0.1940000057220459
40.45700001716614,40.51199984550476,0.05499982833862305
40.501999855041504,40.645999908447266,0.14400005340576172
40.501999855041504,40.645999908447266,0.14400005340576172
40.501999855041504,40.645999908447266,0.14400005340576172
40.50699996948242,40.83999991416931,0.33299994468688965
40.550999879837036,40.645999908447266,0.09500002861022949
40.550999879837036,40.645999908447266,0.09500002861022949
40.55199980735779,40.83999991416931,0.28800010681152344
40.555999994277954,40.83999991416931,0.2839999198913574
40.60099983215332,40.948999881744385,0.34800004959106445
40.60099983215332,40.645999908447266,0.04500007629394531
40.60199999809265,40.83999991416931,0.23799991607666016
40.60699987411499,40.83999991416931,0.2330000400543213
40.651000022888184,40.948999881744385,0.29799985885620117
40.651000022888184,40.83999991416931,0.18899989128112793
40.651999950408936,40.83999991416931,0.18799996376037598
40.656999826431274,40.83999991416931,0.1830000877380371
40.70099997520447,40.948999881744385,0.247999906539917
40.70099997520447,40.83999991416931,0.13899993896484375
40.70199990272522,40.83999991416931,0.1380000114440918
40.70700001716614,40.948999881744385,0.24199986457824707
40.75099992752075,40.948999881744385,0.1979999542236328
40.751999855041504,40.83999991416931,0.08800005912780762
40.751999855041504,40.948999881744385,0.19700002670288086
40.75699996948242,40.948999881744385,0.1919999122619629
40.800999879837036,41.13599991798401,0.33500003814697266
40.800999879837036,40.83999991416931,0.03900003433227539
40.80199980735779,40.948999881744385,0.14700007438659668
40.806999921798706,40.948999881744385,0.1419999599456787
40.85099983215332,41.13599991798401,0.2850000858306885
40.85099983215332,41.13599991798401,0.2850000858306885
40.85199999809265,40.948999881744385,0.0969998836517334
40.85699987411499,40.948999881744385,0.09200000762939453
40.901000022888184,41.13599991798401,0.2349998950958252
40.901000022888184,41.13699984550476,0.23599982261657715
40.901999950408936,40.948999881744385,0.04699993133544922
40.906999826431274,41.13599991798401,0.22900009155273438
40.95099997520447,41.13599991798401,0.18499994277954102
40.95099997520447,41.13599991798401,0.18499994277954102
40.95199990272522,41.24300003051758,0.2910001277923584
40.95700001716614,41.13599991798401,0.1789999008178711
41.001999855041504,41.13599991798401,0.13400006294250488
41.001999855041504,41.24300003051758,0.24100017547607422
41.001999855041504,41.24300003051758,0.24100017547607422
41.00699996948242,41.13599991798401,0.12899994850158691
41.050999879837036,41.24300003051758,0.192000150680542
41.050999879837036,41.24300003051758,0.192000150680542
41.05199980735779,41.24300003051758,0.19100022315979004
41.05799984931946,41.13599991798401,0.07800006866455078
41.10099983215332,41.24300003051758,0.1420001983642578
41.10199999809265,41.24300003051758,0.14100003242492676
41.10199999809265,41.24300003051758,0.14100003242492676
41.10699987411499,41.44099998474121,0.3340001106262207
41.151000022888184,41.24300003051758,0.09200000762939453
41.151999950408936,41.24300003051758,0.09100008010864258
41.151999950408936,41.44099998474121,0.2890000343322754
41.156999826431274,41.44099998474121,0.2840001583099365
41.20099997520447,41.24300003051758,0.04200005531311035
41.20099997520447,41.24300003051758,0.04200005531311035
41.20199990272522,41.44099998474121,0.2390000820159912
41.20700001716614,41.44099998474121,0.23399996757507324
41.25099992752075,41.55299997329712,0.3020000457763672
41.25099992752075,41.44099998474121,0.19000005722045898
41.251999855041504,41.44099998474121,0.18900012969970703
41.25599980354309,41.44099998474121,0.18500018119812012
41.300999879837036,41.44099998474121,0.1400001049041748
41.30199980735779,41.55299997329712,0.25100016593933105
41.30199980735779,41.44099998474121,0.13900017738342285
41.306999921798706,41.44099998474121,0.13400006294250488
41.35099983215332,41.55299997329712,0.20200014114379883
41.35099983215332,41.44099998474121,0.09000015258789062
41.35199999809265,41.55299997329712,0.20099997520446777
41.35699987411499,41.55299997329712,0.1960000991821289
41.401000022888184,41.73099994659424,0.3299999237060547
41.401999950408936,41.55299997329712,0.1510000228881836
41.401999950408936,41.55299997329712,0.1510000228881836
41.406999826431274,41.55299997329712,0.14600014686584473
41.45099997520447,41.73099994659424,0.2799999713897705
41.45099997520447,41.73099994659424,0.2799999713897705
41.45199990272522,41.55299997329712,0.10100007057189941
41.45700001716614,41.55299997329712,0.09599995613098145
41.50099992752075,41.73099994659424,0.23000001907348633
41.50099992752075,41.73099994659424,0.23000001907348633
41.501999855041504,41.55299997329712,0.051000118255615234
41.50699996948242,41.55299997329712,0.046000003814697266
41.55199980735779,41.73099994659424,0.1790001392364502
41.55199980735779,41.73099994659424,0.1790001392364502
41.55199980735779,41.86899995803833,0.317000150680542
41.556999921798706,41.73099994659424,0.17400002479553223
41.60099983215332,41.73099994659424,0.13000011444091797
41.60099983215332,41.73099994659424,0.13000011444091797
41.60199999809265,41.86899995803833,0.2669999599456787
41.60699987411499,41.73099994659424,0.12400007247924805
41.651000022888184,41.86899995803833,0.21799993515014648
41.651999950408936,41.86899995803833,0.21700000762939453
41.651999950408936,41.86899995803833,0.21700000762939453
41.656999826431274,41.73099994659424,0.07400012016296387
41.70099997520447,41.86899995803833,0.1679999828338623
41.70099997520447,41.86899995803833,0.1679999828338623
41.70199990272522,41.86899995803833,0.16700005531311035
41.70700001716614,41.73099994659424,0.023999929428100586
41.75099992752075,41.86899995803833,0.11800003051757812
41.75099992752075,41.86899995803833,0.11800003051757812
41.751999855041504,42.04199981689453,0.28999996185302734
41.75699996948242,42.04199981689453,0.2849998474121094
41.800999879837036,41.86899995803833,0.06800007820129395
41.80199980735779,42.15499997138977,0.3530001640319824
41.80199980735779,42.04199981689453,0.24000000953674316
41.806999921798706,42.04199981689453,0.2349998950958252
41.85099983215332,42.15499997138977,0.3040001392364502
41.85099983215332,42.04199981689453,0.19099998474121094
41.85199999809265,42.04199981689453,0.18999981880187988
41.85699987411499,42.04199981689453,0.18499994277954102
41.901000022888184,42.04199981689453,0.14099979400634766
41.901999950408936,42.15499997138977,0.25300002098083496
41.901999950408936,42.04199981689453,0.1399998664855957
41.906999826431274,42.04199981689453,0.13499999046325684
41.95099997520447,42.15499997138977,0.20399999618530273
41.95099997520447,42.04199981689453,0.09099984169006348
41.95199990272522,42.15499997138977,0.20300006866455078
41.95700001716614,42.15499997138977,0.1979999542236328
42.00099992752075,42.15499997138977,0.15400004386901855
42.00099992752075,42.04199981689453,0.0409998893737793
42.003000020980835,42.15499997138977,0.15199995040893555
42.00699996948242,42.15499997138977,0.14800000190734863
42.050999879837036,42.33999991416931,0.2890000343322754
42.05199980735779,42.33999991416931,0.28800010681152344
42.05199980735779,42.15499997138977,0.10300016403198242
42.056999921798706,42.15499997138977,0.09800004959106445
42.10099983215332,42.33999991416931,0.2390000820159912
42.10199999809265,42.33999991416931,0.23799991607666016
42.1029999256134,42.15499997138977,0.05200004577636719
42.10699987411499,42.15499997138977,0.04800009727478027
42.151000022888184,42.33999991416931,0.18899989128112793
42.151000022888184,42.33999991416931,0.18899989128112793
42.151999950408936,42.448999881744385,0.2969999313354492
42.156999826431274,42.33999991416931,0.1830000877380371
42.20099997520447,42.33999991416931,0.13899993896484375
42.20099997520447,42.33999991416931,0.13899993896484375
42.20199990272522,42.448999881744385,0.24699997901916504
42.20799994468689,42.33999991416931,0.13199996948242188
42.25099992752075,42.448999881744385,0.1979999542236328
42.25099992752075,42.448999881744385,0.1979999542236328
42.251999855041504,42.448999881744385,0.19700002670288086
42.25699996948242,42.33999991416931,0.08299994468688965
42.300999879837036,42.448999881744385,0.14800000190734863
42.30199980735779,42.448999881744385,0.14700007438659668
42.30199980735779,42.448999881744385,0.14700007438659668
42.306999921798706,42.33999991416931,0.03299999237060547
42.35099983215332,42.448999881744385,0.09800004959106445
42.35099983215332,42.448999881744385,0.09800004959106445
42.35199999809265,42.64399981498718,0.29199981689453125
42.35799980163574,42.64399981498718,0.28600001335144043
42.401000022888184,42.448999881744385,0.04799985885620117
42.401000022888184,42.448999881744385,0.04799985885620117
42.40299987792969,42.64399981498718,0.24099993705749512
42.406999826431274,42.64399981498718,0.2369999885559082
42.45199990272522,42.763999938964844,0.312000036239624
42.45199990272522,42.64399981498718,0.1919999122619629
42.45199990272522,42.64399981498718,0.1919999122619629
42.45700001716614,42.64399981498718,0.18699979782104492
42.50099992752075,42.763999938964844,0.2630000114440918
42.50099992752075,42.64399981498718,0.14299988746643066
42.501999855041504,42.64399981498718,0.1419999599456787
42.50699996948242,42.64399981498718,0.13699984550476074
42.550999879837036,42.64399981498718,0.09299993515014648
42.55199980735779,42.763999938964844,0.21200013160705566
42.55199980735779,42.763999938964844,0.21200013160705566
42.556999921798706,42.763999938964844,0.2070000171661377
42.60099983215332,42.763999938964844,0.16300010681152344
42.60099983215332,42.95099997520447,0.35000014305114746
42.60199999809265,42.763999938964844,0.16199994087219238
42.60699987411499,42.763999938964844,0.15700006484985352
42.651000022888184,42.95199990272522,0.30099987983703613
42.651000022888184,42.95099997520447,0.2999999523162842
42.651999950408936,42.763999938964844,0.1119999885559082
42.656999826431274,42.763999938964844,0.10700011253356934
42.70099997520447,42.95099997520447,0.25
42.70199990272522,42.95199990272522,0.25
42.70199990272522,42.763999938964844,0.06200003623962402
42.70799994468689,42.763999938964844,0.0559999942779541
42.75099992752075,42.95199990272522,0.20099997520446777
42.75099992752075,42.95099997520447,0.20000004768371582
42.751999855041504,43.05399990081787,0.3020000457763672
42.75599980354309,42.95099997520447,0.19500017166137695
42.800999879837036,42.95099997520447,0.15000009536743164
42.80199980735779,42.95199990272522,0.15000009536743164
42.80199980735779,43.05399990081787,0.252000093460083
42.806999921798706,42.95199990272522,0.14499998092651367
42.85099983215332,43.05399990081787,0.20300006866455078
42.85199999809265,43.05399990081787,0.20199990272521973
42.85199999809265,43.05399990081787,0.20199990272521973
42.85799980163574,42.95099997520447,0.09300017356872559
42.901000022888184,43.05399990081787,0.1529998779296875
42.901000022888184,43.05399990081787,0.1529998779296875
42.901999950408936,43.05399990081787,0.15199995040893555
42.906999826431274,42.95099997520447,0.04400014877319336
42.95199990272522,43.05399990081787,0.10199999809265137
42.95199990272522,43.05399990081787,0.10199999809265137
42.95199990272522,43.246999979019165,0.2950000762939453
42.95700001716614,43.245999813079834,0.2889997959136963
43.00099992752075,43.05399990081787,0.05299997329711914
43.00099992752075,43.246999979019165,0.24600005149841309
43.001999855041504,43.246999979019165,0.24500012397766113
43.00699996948242,43.245999813079834,0.2389998435974121
43.05199980735779,43.36399984359741,0.312000036239624
43.05199980735779,43.246999979019165,0.19500017166137695
43.05299997329712,43.246999979019165,0.1940000057220459
43.055999994277954,43.245999813079834,0.18999981880187988
43.10099983215332,43.36399984359741,0.2630000114440918
43.10099983215332,43.246999979019165,0.14600014686584473
43.10199999809265,43.246999979019165,0.14499998092651367
43.10699987411499,43.245999813079834,0.13899993896484375
43.151000022888184,43.36399984359741,0.21299982070922852
43.151000022888184,43.246999979019165,0.09599995613098145
43.151999950408936,43.36399984359741,0.21199989318847656
43.156999826431274,43.36399984359741,0.2070000171661377
43.20099997520447,43.36399984359741,0.16299986839294434
43.20099997520447,43.246999979019165,0.046000003814697266
43.20199990272522,43.36399984359741,0.16199994087219238
43.20700001716614,43.36399984359741,0.15699982643127441
43.25099992752075,43.53499984741211,0.2839999198913574
43.25099992752075,43.53499984741211,0.2839999198913574
43.251999855041504,43.36399984359741,0.1119999885559082
43.25699996948242,43.36399984359741,0.10699987411499023
43.30199980735779,43.53499984741211,0.2330000400543213
43.30199980735779,43.53499984741211,0.2330000400543213
43.30199980735779,43.36399984359741,0.06200003623962402
43.30799984931946,43.36399984359741,0.0559999942779541
43.35099983215332,43.53499984741211,0.18400001525878906
43.35099983215332,43.53499984741211,0.18400001525878906
43.35199999809265,43.657999992370605,0.3059999942779541
43.35699987411499,43.53499984741211,0.17799997329711914
43.401000022888184,43.53499984741211,0.13399982452392578
43.401999950408936,43.53499984741211,0.13299989700317383
43.401999950408936,43.657999992370605,0.2560000419616699
43.406999826431274,43.53499984741211,0.12800002098083496
43.45099997520447,43.657999992370605,0.2070000171661377
43.45199990272522,43.657999992370605,0.20600008964538574
43.45199990272522,43.657999992370605,0.20600008964538574
43.45700001716614,43.53499984741211,0.07799983024597168
43.50099992752075,43.657999992370605,0.15700006484985352
43.50099992752075,43.657999992370605,0.15700006484985352
43.501999855041504,43.657999992370605,0.15600013732910156
43.50699996948242,43.53499984741211,0.0279998779296875
43.550999879837036,43.657999992370605,0.10700011253356934
43.55199980735779,43.657999992370605,0.10600018501281738
43.55199980735779,43.8529999256134,0.30100011825561523
43.55799984931946,43.8529999256134,0.2950000762939453
43.60099983215332,43.657999992370605,0.057000160217285156
43.60099983215332,43.657999992370605,0.057000160217285156
43.60199999809265,43.8529999256134,0.25099992752075195
43.60799980163574,43.8529999256134,0.24500012397766113
43.651000022888184,43.97199988365173,0.3209998607635498
43.651999950408936,43.8529999256134,0.20099997520446777
43.651999950408936,43.8529999256134,0.20099997520446777
43.656999826431274,43.8529999256134,0.1960000991821289
43.70099997520447,43.8529999256134,0.15199995040893555
43.70199990272522,43.97199988365173,0.26999998092651367
43.70299983024597,43.8529999256134,0.15000009536743164
43.70700001716614,43.8529999256134,0.14599990844726562
43.75099992752075,43.97199988365173,0.22099995613098145
43.751999855041504,43.8529999256134,0.10100007057189941
43.751999855041504,43.97199988365173,0.2200000286102295
43.75699996948242,43.97199988365173,0.21499991416931152
43.800999879837036,43.8529999256134,0.05200004577636719
43.80199980735779,43.97199988365173,0.1700000762939453
43.80199980735779,43.97199988365173,0.1700000762939453
43.806999921798706,43.97199988365173,0.16499996185302734
43.85099983215332,44.13800001144409,0.2870001792907715
43.85199999809265,44.13800001144409,0.28600001335144043
43.85199999809265,43.97199988365173,0.11999988555908203
43.85699987411499,43.97199988365173,0.11500000953674316
43.901999950408936,44.13800001144409,0.23600006103515625
43.901999950408936,44.13800001144409,0.23600006103515625
43.901999950408936,43.97199988365173,0.06999993324279785
43.907999992370605,43.97199988365173,0.06399989128112793
43.95099997520447,44.13800001144409,0.18700003623962402
43.95099997520447,44.13800001144409,0.18700003623962402
43.95199990272522,44.2739999294281,0.32200002670288086
43.95700001716614,44.13800001144409,0.1809999942779541
44.00099992752075,44.13800001144409,0.13700008392333984
44.00099992752075,44.13800001144409,0.13700008392333984
44.003000020980835,44.2739999294281,0.2709999084472656
44.00699996948242,44.13800001144409,0.13100004196166992
44.05199980735779,44.2739999294281,0.2220001220703125
44.05199980735779,44.2739999294281,0.2220001220703125
44.05199980735779,44.2739999294281,0.2220001220703125
44.056999921798706,44.13800001144409,0.08100008964538574
44.10099983215332,44.2739999294281,0.17300009727478027
44.10099983215332,44.2739999294281,0.17300009727478027
44.1029999256134,44.2739999294281,0.17100000381469727
44.10699987411499,44.13800001144409,0.031000137329101562
44.151999950408936,44.2739999294281,0.12199997901916504
44.151999950408936,44.2739999294281,0.12199997901916504
44.151999950408936,44.454999923706055,0.30299997329711914
44.156999826431274,44.454999923706055,0.2980000972747803
44.20099997520447,44.2739999294281,0.07299995422363281
44.20099997520447,44.2739999294281,0.07299995422363281
44.20299983024597,44.454999923706055,0.252000093460083
44.20700001716614,44.454999923706055,0.247999906539917
44.25099992752075,44.57200002670288,0.3210000991821289
44.251999855041504,44.454999923706055,0.20300006866455078
44.251999855041504,44.454999923706055,0.20300006866455078
44.25699996948242,44.454999923706055,0.1979999542236328
44.300999879837036,44.454999923706055,0.15400004386901855
44.30199980735779,44.57200002670288,0.2700002193450928
44.30199980735779,44.454999923706055,0.1530001163482666
44.305999994277954,44.454999923706055,0.14899992942810059
44.35099983215332,44.57200002670288,0.22100019454956055
44.35199999809265,44.454999923706055,0.10299992561340332
44.35199999809265,44.57200002670288,0.2200000286102295
44.35799980163574,44.57099986076355,0.21300005912780762
44.401000022888184,44.454999923706055,0.053999900817871094
44.401999950408936,44.57200002670288,0.1700000762939453
44.40299987792969,44.57200002670288,0.16900014877319336
44.406999826431274,44.57099986076355,0.1640000343322754
44.45099997520447,44.73799991607666,0.2869999408721924
44.45099997520447,44.73799991607666,0.2869999408721924
44.45199990272522,44.57200002670288,0.12000012397766113
44.45700001716614,44.57099986076355,0.11399984359741211
44.50099992752075,44.73799991607666,0.2369999885559082
44.50099992752075,44.73799991607666,0.2369999885559082
44.501999855041504,44.57200002670288,0.07000017166137695
44.50699996948242,44.57099986076355,0.06399989128112793
44.550999879837036,44.73799991607666,0.18700003623962402
44.55199980735779,44.73799991607666,0.18600010871887207
44.55199980735779,44.86500000953674,0.3130002021789551
44.556999921798706,44.73799991607666,0.1809999942779541
44.60099983215332,44.73799991607666,0.13700008392333984
44.60199999809265,44.73799991607666,0.1359999179840088
44.6029999256134,44.86500000953674,0.26200008392333984
44.60699987411499,44.73799991607666,0.13100004196166992
44.651000022888184,44.86500000953674,0.21399998664855957
44.651000022888184,44.86500000953674,0.21399998664855957
44.651999950408936,44.86500000953674,0.21300005912780762
44.656999826431274,44.73799991607666,0.08100008964538574
44.70199990272522,44.86500000953674,0.16300010681152344
44.70199990272522,44.86500000953674,0.16300010681152344
44.70299983024597,44.86500000953674,0.16200017929077148
44.70700001716614,44.73799991607666,0.03099989891052246
44.75099992752075,44.86500000953674,0.11400008201599121
44.75099992752075,44.86500000953674,0.11400008201599121
44.751999855041504,45.05799984931946,0.3059999942779541
44.75699996948242,45.05799984931946,0.30099987983703613
44.80199980735779,44.86500000953674,0.06300020217895508
44.80199980735779,44.86500000953674,0.06300020217895508
44.80199980735779,45.05799984931946,0.2560000419616699
44.806999921798706,45.05799984931946,0.25099992752075195
44.85099983215332,45.175999879837036,0.3250000476837158
44.85099983215332,45.05799984931946,0.2070000171661377
44.85199999809265,45.05799984931946,0.20599985122680664
44.85699987411499,45.05799984931946,0.20099997520446777
44.901000022888184,45.175999879837036,0.27499985694885254
44.901999950408936,45.05799984931946,0.15599989891052246
44.90299987792969,45.05799984931946,0.1549999713897705
44.906999826431274,45.05799984931946,0.1510000228881836
44.95099997520447,45.05799984931946,0.10699987411499023
44.95199990272522,45.175999879837036,0.2239999771118164
44.95199990272522,45.175999879837036,0.2239999771118164
44.95700001716614,45.175999879837036,0.21899986267089844
45.00099992752075,45.175999879837036,0.17499995231628418
45.001999855041504,45.05799984931946,0.0559999942779541
45.003000020980835,45.175999879837036,0.17299985885620117
45.00699996948242,45.175999879837036,0.16899991035461426
45.050999879837036,45.34299993515015,0.29200005531311035
45.05199980735779,45.34299993515015,0.2910001277923584
45.05199980735779,45.175999879837036,0.12400007247924805
45.056999921798706,45.175999879837036,0.11899995803833008
45.10099983215332,45.34299993515015,0.24200010299682617
45.10199999809265,45.34299993515015,0.24099993705749512
45.10199999809265,45.175999879837036,0.07399988174438477
45.10699987411499,45.175999879837036,0.0690000057220459
45.151000022888184,45.34299993515015,0.1919999122619629
45.151000022888184,45.34299993515015,0.1919999122619629
45.151999950408936,45.4779999256134,0.3259999752044678
45.156999826431274,45.34299993515015,0.18600010871887207
45.20099997520447,45.34299993515015,0.1419999599456787
45.20199990272522,45.34299993515015,0.14100003242492676
45.20199990272522,45.4779999256134,0.2760000228881836
45.20799994468689,45.34299993515015,0.13499999046325684
45.25099992752075,45.4779999256134,0.22699999809265137
45.251999855041504,45.4779999256134,0.22600007057189941
45.251999855041504,45.4779999256134,0.22600007057189941
45.25599980354309,45.34299993515015,0.08700013160705566
45.300999879837036,45.4779999256134,0.1770000457763672
45.30199980735779,45.4779999256134,0.17600011825561523
45.30199980735779,45.4779999256134,0.17600011825561523
45.306999921798706,45.34299993515015,0.03600001335144043
45.35099983215332,45.4779999256134,0.127000093460083
45.35199999809265,45.4779999256134,0.12599992752075195
45.35199999809265,45.66499996185303,0.312999963760376
45.35699987411499,45.66499996185303,0.3080000877380371
45.401000022888184,45.4779999256134,0.07699990272521973
45.401000022888184,45.4779999256134,0.07699990272521973
45.401999950408936,45.66499996185303,0.2630000114440918
45.40599989891052,45.66499996185303,0.2590000629425049
45.45199990272522,45.78600001335144,0.3340001106262207
45.45199990272522,45.66499996185303,0.21300005912780762
45.45199990272522,45.66499996185303,0.21300005912780762
45.45700001716614,45.66499996185303,0.20799994468688965
45.50099992752075,45.78600001335144,0.2850000858306885
45.50099992752075,45.66499996185303,0.1640000343322754
45.501999855041504,45.66499996185303,0.16300010681152344
45.50699996948242,45.66499996185303,0.15799999237060547
45.55199980735779,45.78600001335144,0.23400020599365234
45.55199980735779,45.66499996185303,0.11300015449523926
45.55199980735779,45.78600001335144,0.23400020599365234
45.556999921798706,45.78600001335144,0.22900009155273438
45.60099983215332,45.78600001335144,0.18500018119812012
45.60099983215332,45.66499996185303,0.06400012969970703
45.60199999809265,45.78600001335144,0.18400001525878906
45.60699987411499,45.78600001335144,0.1790001392364502
45.651000022888184,45.95199990272522,0.30099987983703613
45.651999950408936,45.95199990272522,0.2999999523162842
45.651999950408936,45.78600001335144,0.13400006294250488
45.656999826431274,45.78600001335144,0.12900018692016602
45.70099997520447,45.95199990272522,0.25099992752075195
45.70199990272522,45.95199990272522,0.25
45.70199990272522,45.78600001335144,0.0840001106262207
45.70700001716614,45.78600001335144,0.07899999618530273
45.75099992752075,45.95199990272522,0.20099997520446777
45.75099992752075,45.95199990272522,0.20099997520446777
45.751999855041504,46.073999881744385,0.32200002670288086
45.75699996948242,45.95199990272522,0.19499993324279785
45.80199980735779,45.95199990272522,0.15000009536743164
45.80199980735779,45.95199990272522,0.15000009536743164
45.80199980735779,46.073999881744385,0.2720000743865967
45.806999921798706,45.95199990272522,0.14499998092651367
45.85099983215332,46.073999881744385,0.22300004959106445
45.85099983215332,46.073999881744385,0.22300004959106445
45.85199999809265,46.073999881744385,0.2219998836517334
45.85699987411499,45.95199990272522,0.09500002861022949
45.901000022888184,46.073999881744385,0.17299985885620117
45.901999950408936,46.073999881744385,0.17199993133544922
45.901999950408936,46.073999881744385,0.17199993133544922
45.906999826431274,45.95199990272522,0.04500007629394531
45.95099997520447,46.073999881744385,0.12299990653991699
45.95099997520447,46.073999881744385,0.12299990653991699
45.95199990272522,46.26799988746643,0.31599998474121094
45.95700001716614,46.26799988746643,0.31099987030029297
46.00099992752075,46.073999881744385,0.07299995422363281
46.001999855041504,46.073999881744385,0.07200002670288086
46.001999855041504,46.26799988746643,0.26600003242492676
46.00699996948242,46.26799988746643,0.2609999179840088
46.05199980735779,46.38099980354309,0.32899999618530273
46.05199980735779,46.26799988746643,0.21600008010864258
46.05299997329712,46.26799988746643,0.21499991416931152
46.056999921798706,46.26799988746643,0.2109999656677246
46.10099983215332,46.38099980354309,0.2799999713897705
46.10099983215332,46.26799988746643,0.16700005531311035
46.10199999809265,46.26799988746643,0.1659998893737793
46.10699987411499,46.26799988746643,0.16100001335144043
46.151999950408936,46.38099980354309,0.22899985313415527
46.151999950408936,46.26699995994568,0.11500000953674316
46.151999950408936,46.38099980354309,0.22899985313415527
46.156999826431274,46.38099980354309,0.2239999771118164
46.20099997520447,46.38099980354309,0.17999982833862305
46.20099997520447,46.26699995994568,0.06599998474121094
46.20199990272522,46.38099980354309,0.1789999008178711
46.20700001716614,46.38099980354309,0.17399978637695312
46.25099992752075,46.555999994277954,0.30500006675720215
46.251999855041504,46.555999994277954,0.3040001392364502
46.251999855041504,46.38099980354309,0.12899994850158691
46.25699996948242,46.38099980354309,0.12399983406066895
46.300999879837036,46.555999994277954,0.25500011444091797
46.300999879837036,46.555999994277954,0.25500011444091797
46.30199980735779,46.38099980354309,0.07899999618530273
46.305999994277954,46.38099980354309,0.07499980926513672
46.35099983215332,46.555999994277954,0.2050001621246338
46.35199999809265,46.555999994277954,0.20399999618530273
46.35199999809265,46.680999994277954,0.32899999618530273
46.35699987411499,46.555999994277954,0.19900012016296387
46.401000022888184,46.555999994277954,0.1549999713897705
46.401999950408936,46.555999994277954,0.15400004386901855
46.401999950408936,46.680999994277954,0.27900004386901855
46.406999826431274,46.555999994277954,0.1490001678466797
46.45099997520447,46.680999994277954,0.23000001907348633
46.45099997520447,46.680999994277954,0.23000001907348633
46.45199990272522,46.680999994277954,0.22900009155273438
46.45700001716614,46.555999994277954,0.0989999771118164
46.501999855041504,46.680999994277954,0.1790001392364502
46.501999855041504,46.680999994277954,0.1790001392364502
46.501999855041504,46.680999994277954,0.1790001392364502
46.50699996948242,46.555999994277954,0.04900002479553223
46.550999879837036,46.680999994277954,0.13000011444091797
46.550999879837036,46.680999994277954,0.13000011444091797
46.55199980735779,46.88599991798401,0.3340001106262207
46.556999921798706,46.88599991798401,0.32899999618530273
46.60099983215332,46.680999994277954,0.08000016212463379
46.60199999809265,46.680999994277954,0.07899999618530273
46.60199999809265,46.88599991798401,0.2839999198913574
46.60699987411499,46.88599991798401,0.27900004386901855
46.651000022888184,46.88699984550476,0.23599982261657715
46.651999950408936,46.680999994277954,0.029000043869018555
46.651999950408936,46.88599991798401,0.23399996757507324
46.656999826431274,46.88599991798401,0.22900009155273438
46.70099997520447,46.98699998855591,0.28600001335144043
46.70099997520447,46.88699984550476,0.18599987030029297
46.70199990272522,46.88599991798401,0.18400001525878906
46.70700001716614,46.88599991798401,0.1789999008178711
46.75099992752075,46.98699998855591,0.23600006103515625
46.751999855041504,46.88699984550476,0.13499999046325684
46.751999855041504,46.98699998855591,0.2350001335144043
46.75699996948242,46.98699998855591,0.23000001907348633
46.800999879837036,46.88699984550476,0.08599996566772461
46.80199980735779,46.98699998855591,0.18500018119812012
46.80199980735779,46.98699998855591,0.18500018119812012
46.806999921798706,46.98699998855591,0.18000006675720215
46.85099983215332,47.15999984741211,0.30900001525878906
46.85199999809265,47.15999984741211,0.307999849319458
46.85199999809265,46.98699998855591,0.13499999046325684
46.85699987411499,46.98699998855591,0.13000011444091797
46.901000022888184,47.15999984741211,0.2589998245239258
46.901999950408936,47.15999984741211,0.25799989700317383
46.901999950408936,46.98699998855591,0.08500003814697266
46.906999826431274,46.98699998855591,0.08000016212463379
46.95099997520447,47.15999984741211,0.2089998722076416
46.95199990272522,47.15999984741211,0.20799994468688965
46.95199990272522,47.29199981689453,0.3399999141693115
46.95799994468689,47.15999984741211,0.20199990272521973
47.00099992752075,47.15999984741211,0.15899991989135742
47.00099992752075,47.15999984741211,0.15899991989135742
47.001999855041504,47.29199981689453,0.28999996185302734
47.00699996948242,47.15999984741211,0.1529998779296875
47.050999879837036,47.29199981689453,0.24099993705749512
47.05199980735779,47.15999984741211,0.10800004005432129
47.05199980735779,47.29199981689453,0.24000000953674316
47.056999921798706,47.15999984741211,0.10299992561340332
47.10099983215332,47.29199981689453,0.19099998474121094
47.10199999809265,47.29199981689453,0.18999981880187988
47.10199999809265,47.29199981689453,0.18999981880187988
47.10699987411499,47.15999984741211,0.05299997329711914
47.151000022888184,47.29199981689453,0.14099979400634766
47.151999950408936,47.29199981689453,0.1399998664855957
47.151999950408936,47.29199981689453,0.1399998664855957
47.156999826431274,47.47499990463257,0.31800007820129395
47.20099997520447,47.29199981689453,0.09099984169006348
47.20199990272522,47.29199981689453,0.08999991416931152
47.20299983024597,47.47499990463257,0.2720000743865967
47.20700001716614,47.47499990463257,0.26799988746643066
47.25099992752075,47.29199981689453,0.0409998893737793
47.251999855041504,47.47499990463257,0.22300004959106445
47.251999855041504,47.47499990463257,0.22300004959106445
47.25699996948242,47.47499990463257,0.21799993515014648
47.300999879837036,47.47499990463257,0.17400002479553223
47.30199980735779,47.58899998664856,0.2870001792907715
47.30199980735779,47.47499990463257,0.17300009727478027
47.306999921798706,47.47499990463257,0.1679999828338623
47.35099983215332,47.58899998664856,0.23800015449523926
47.35199999809265,47.47499990463257,0.12299990653991699
47.3529999256134,47.58899998664856,0.23600006103515625
47.35699987411499,47.58899998664856,0.23200011253356934
47.401000022888184,47.47499990463257,0.07399988174438477
47.401999950408936,47.58899998664856,0.18700003623962402
47.401999950408936,47.58899998664856,0.18700003623962402
47.406999826431274,47.58899998664856,0.18200016021728516
47.45199990272522,47.763999938964844,0.312000036239624
47.45199990272522,47.763999938964844,0.312000036239624
47.45299983024597,47.58899998664856,0.1360001564025879
47.45700001716614,47.58899998664856,0.13199996948242188
47.50099992752075,47.763999938964844,0.2630000114440918
47.50099992752075,47.763999938964844,0.2630000114440918
47.501999855041504,47.58899998664856,0.08700013160705566
47.50699996948242,47.58899998664856,0.0820000171661377
47.55199980735779,47.763999938964844,0.21200013160705566
47.55199980735779,47.763999938964844,0.21200013160705566
47.55299997329712,47.88599991798401,0.33299994468688965
47.556999921798706,47.763999938964844,0.2070000171661377
47.60099983215332,47.763999938964844,0.16300010681152344
47.60199999809265,47.763999938964844,0.16199994087219238
47.60199999809265,47.88599991798401,0.2839999198913574
47.60799980163574,47.763999938964844,0.15600013732910156
47.651000022888184,47.763999938964844,0.11299991607666016
47.651999950408936,47.763999938964844,0.1119999885559082
47.651999950408936,47.88599991798401,0.23399996757507324
47.656999826431274,47.763999938964844,0.10700011253356934
47.70099997520447,47.88599991798401,0.18499994277954102
47.70199990272522,47.88599991798401,0.18400001525878906
47.70199990272522,47.88599991798401,0.18400001525878906
47.70700001716614,47.763999938964844,0.056999921798706055
47.75099992752075,47.88599991798401,0.13499999046325684
47.751999855041504,47.88599991798401,0.13400006294250488
47.751999855041504,48.0789999961853,0.32700014114379883
47.75699996948242,48.0789999961853,0.32200002670288086
47.800999879837036,47.88599991798401,0.08500003814697266
47.80199980735779,47.88599991798401,0.0840001106262207
47.80299997329712,48.0789999961853,0.2760000228881836
47.806999921798706,48.0789999961853,0.2720000743865967
47.85099983215332,48.19199991226196,0.3410000801086426
47.85199999809265,48.0789999961853,0.22699999809265137
47.85199999809265,48.0789999961853,0.22699999809265137
47.85599994659424,48.0789999961853,0.22300004959106445
47.901000022888184,48.0789999961853,0.17799997329711914
47.901999950408936,48.19199991226196,0.28999996185302734
47.90299987792969,48.0789999961853,0.17600011825561523
47.906999826431274,48.0789999961853,0.17200016975402832
47.95099997520447,48.19199991226196,0.24099993705749512
47.95199990272522,48.0789999961853,0.127000093460083
47.95199990272522,48.19199991226196,0.24000000953674316
47.95700001716614,48.0789999961853,0.12199997901916504
48.001999855041504,48.19199991226196,0.19000005722045898
48.001999855041504,48.0789999961853,0.07700014114379883
48.003000020980835,48.19199991226196,0.18899989128112793
48.007999897003174,48.19199991226196,0.18400001525878906
48.050999879837036,48.19199991226196,0.14100003242492676
48.050999879837036,48.389999866485596,0.33899998664855957
48.05199980735779,48.19199991226196,0.1400001049041748
48.056999921798706,48.19199991226196,0.13499999046325684
48.10099983215332,48.389999866485596,0.2890000343322754
48.10099983215332,48.389999866485596,0.2890000343322754
48.1029999256134,48.19199991226196,0.08899998664855957
48.10699987411499,48.19199991226196,0.08500003814697266
48.151999950408936,48.389999866485596,0.23799991607666016
48.151999950408936,48.389999866485596,0.23799991607666016
48.151999950408936,48.19199991226196,0.039999961853027344
48.156999826431274,48.19199991226196,0.03500008583068848
48.20099997520447,48.389999866485596,0.18899989128112793
48.20099997520447,48.389999866485596,0.18899989128112793
48.20299983024597,48.48899984359741,0.28600001335144043
48.20799994468689,48.388999938964844,0.1809999942779541
48.251999855041504,48.389999866485596,0.1380000114440918
48.251999855041504,48.48899984359741,0.2369999885559082
48.251999855041504,48.48899984359741,0.2369999885559082
48.25699996948242,48.389999866485596,0.13299989700317383
48.30199980735779,48.48899984359741,0.18700003623962402
48.30199980735779,48.48899984359741,0.18700003623962402
48.30199980735779,48.48899984359741,0.18700003623962402
48.306999921798706,48.389999866485596,0.08299994468688965
48.35099983215332,48.48899984359741,0.1380000114440918
48.35099983215332,48.48899984359741,0.1380000114440918
48.35199999809265,48.48899984359741,0.13699984550476074
48.35699987411499,48.388999938964844,0.032000064849853516
48.401999950408936,48.48899984359741,0.08699989318847656
48.401999950408936,48.48899984359741,0.08699989318847656
48.401999950408936,48.68499994277954,0.28299999237060547
48.406999826431274,48.68499994277954,0.2780001163482666
48.45099997520447,48.48899984359741,0.037999868392944336
48.45099997520447,48.68499994277954,0.23399996757507324
48.45199990272522,48.68499994277954,0.2330000400543213
48.45700001716614,48.68499994277954,0.22799992561340332
48.501999855041504,48.799999952316284,0.2980000972747803
48.501999855041504,48.68499994277954,0.1830000877380371
48.501999855041504,48.68499994277954,0.1830000877380371
48.50699996948242,48.68499994277954,0.17799997329711914
48.55199980735779,48.799999952316284,0.2480001449584961
48.55199980735779,48.68499994277954,0.13300013542175293
48.55199980735779,48.68499994277954,0.13300013542175293
48.55799984931946,48.799999952316284,0.24200010299682617
48.60099983215332,48.799999952316284,0.19900012016296387
48.60099983215332,48.68499994277954,0.0840001106262207
48.60199999809265,48.799999952316284,0.1979999542236328
48.60699987411499,48.799999952316284,0.19300007820129395
48.651999950408936,48.799999952316284,0.14800000190734863
48.651999950408936,48.98399996757507,0.3320000171661377
48.651999950408936,48.799999952316284,0.14800000190734863
48.656999826431274,48.799999952316284,0.14300012588500977
48.70099997520447,48.98399996757507,0.28299999237060547
48.70099997520447,48.98399996757507,0.28299999237060547
48.70199990272522,48.799999952316284,0.09800004959106445
48.70700001716614,48.799999952316284,0.09299993515014648
48.751999855041504,48.98399996757507,0.23200011253356934
48.751999855041504,48.98399996757507,0.23200011253356934
48.753000020980835,48.799999952316284,0.04699993133544922
48.75599980354309,48.799999952316284,0.04400014877319336
48.800999879837036,48.98399996757507,0.1830000877380371
48.80199980735779,48.98399996757507,0.18200016021728516
48.80199980735779,49.09699988365173,0.2950000762939453
48.806999921798706,48.98399996757507,0.1770000457763672
48.85099983215332,48.98399996757507,0.13300013542175293
48.85199999809265,48.98399996757507,0.13199996948242188
48.8529999256134,49.09699988365173,0.24399995803833008
48.85699987411499,48.98399996757507,0.127000093460083
48.901000022888184,49.09699988365173,0.1959998607635498
48.901999950408936,49.09699988365173,0.19499993324279785
48.901999950408936,49.09699988365173,0.19499993324279785
48.906999826431274,48.98399996757507,0.07700014114379883
48.95099997520447,49.09699988365173,0.14599990844726562
48.95199990272522,49.09699988365173,0.14499998092651367
48.95299983024597,49.09699988365173,0.14400005340576172
48.95700001716614,48.98399996757507,0.026999950408935547
49.00099992752075,49.09699988365173,0.09599995613098145
49.001999855041504,49.09699988365173,0.09500002861022949
49.001999855041504,49.28999996185303,0.28800010681152344
49.00699996948242,49.288999795913696,0.2819998264312744
49.050999879837036,49.28999996185303,0.2390000820159912
49.05199980735779,49.09699988365173,0.04500007629394531
49.05299997329712,49.28999996185303,0.2369999885559082
49.056999921798706,49.288999795913696,0.23199987411499023
49.10099983215332,49.401999950408936,0.30100011825561523
49.10199999809265,49.28999996185303,0.18799996376037598
49.10199999809265,49.28999996185303,0.18799996376037598
49.10699987411499,49.288999795913696,0.18199992179870605
49.151999950408936,49.401999950408936,0.25
49.151999950408936,49.28999996185303,0.1380000114440918
49.15299987792969,49.28999996185303,0.13700008392333984
49.156999826431274,49.288999795913696,0.13199996948242188
49.20099997520447,49.28999996185303,0.08899998664855957
49.20199990272522,49.401999950408936,0.20000004768371582
49.20199990272522,49.401999950408936,0.20000004768371582
49.20700001716614,49.401999950408936,0.19499993324279785
49.25099992752075,49.401999950408936,0.1510000228881836
49.251999855041504,49.28999996185303,0.03800010681152344
49.253000020980835,49.401999950408936,0.14899992942810059
49.25699996948242,49.401999950408936,0.14499998092651367
49.300999879837036,49.5939998626709,0.2929999828338623
49.300999879837036,49.5939998626709,0.2929999828338623
49.30199980735779,49.401999950408936,0.10000014305114746
49.30799984931946,49.401999950408936,0.09400010108947754
49.35099983215332,49.5939998626709,0.24300003051757812
49.35099983215332,49.5939998626709,0.24300003051757812
49.35199999809265,49.401999950408936,0.04999995231628418
49.35699987411499,49.401999950408936,0.04500007629394531
49.401999950408936,49.5939998626709,0.1919999122619629
49.401999950408936,49.5939998626709,0.1919999122619629
49.401999950408936,49.69799995422363,0.29600000381469727
49.406999826431274,49.5939998626709,0.18700003623962402
49.45099997520447,49.5939998626709,0.14299988746643066
49.45199990272522,49.5939998626709,0.1419999599456787
49.45199990272522,49.69799995422363,0.24600005149841309
49.45700001716614,49.5939998626709,0.13699984550476074
49.501999855041504,49.69799995422363,0.1960000991821289
49.501999855041504,49.69799995422363,0.1960000991821289
49.501999855041504,49.69799995422363,0.1960000991821289
49.50699996948242,49.5939998626709,0.08699989318847656
49.550999879837036,49.69799995422363,0.14700007438659668
49.550999879837036,49.69799995422363,0.14700007438659668
49.55199980735779,49.69799995422363,0.14600014686584473
49.556999921798706,49.5939998626709,0.03699994087219238
49.60099983215332,49.69799995422363,0.0970001220703125
49.60199999809265,49.69799995422363,0.09599995613098145
49.60199999809265,49.89299988746643,0.2909998893737793
49.60699987411499,49.89299988746643,0.28600001335144043
49.651999950408936,49.69799995422363,0.046000003814697266
49.651999950408936,49.69799995422363,0.046000003814697266
49.651999950408936,49.89299988746643,0.24099993705749512
49.656999826431274,49.89299988746643,0.23600006103515625
49.70099997520447,49.89299988746643,0.1919999122619629
49.70199990272522,50.00699996948242,0.30500006675720215
49.70299983024597,49.89299988746643,0.19000005722045898
49.70700001716614,49.89299988746643,0.18599987030029297
49.75099992752075,50.00699996948242,0.2560000419616699
49.751999855041504,49.89299988746643,0.14100003242492676
49.751999855041504,49.89299988746643,0.14100003242492676
49.75699996948242,49.89299988746643,0.1359999179840088
49.80199980735779,50.00699996948242,0.2050001621246338
49.80199980735779,49.89299988746643,0.09100008010864258
49.80199980735779,50.00699996948242,0.2050001621246338
49.805999994277954,50.00699996948242,0.20099997520446777
49.85099983215332,50.00699996948242,0.15600013732910156
49.85099983215332,49.89299988746643,0.04200005531311035
49.85199999809265,50.00699996948242,0.1549999713897705
49.85699987411499,50.00699996948242,0.15000009536743164
49.901999950408936,50.19199991226196,0.28999996185302734
49.901999950408936,50.19199991226196,0.28999996185302734
49.90299987792969,50.00699996948242,0.10400009155273438
49.906999826431274,50.00699996948242,0.10000014305114746
49.95099997520447,50.19199991226196,0.24099993705749512
49.95199990272522,50.19199991226196,0.24000000953674316
49.95199990272522,50.00699996948242,0.05500006675720215
49.95799994468689,50.00699996948242,0.04900002479553223
50.00099992752075,50.19199991226196,0.19099998474121094
50.001999855041504,50.19199991226196,0.19000005722045898
50.001999855041504,50.30199980735779,0.2999999523162842
50.00699996948242,50.19199991226196,0.18499994277954102
50.050999879837036,50.19199991226196,0.14100003242492676
50.05199980735779,50.19199991226196,0.1400001049041748
50.05199980735779,50.30199980735779,0.25
50.05799984931946,50.19199991226196,0.13400006294250488
50.10199999809265,50.30199980735779,0.19999980926513672
50.10199999809265,50.30199980735779,0.19999980926513672
50.1029999256134,50.30199980735779,0.19899988174438477
50.10599994659424,50.19199991226196,0.08599996566772461
50.151000022888184,50.30199980735779,0.1509997844696045
50.151999950408936,50.30199980735779,0.14999985694885254
50.151999950408936,50.30199980735779,0.14999985694885254
50.156999826431274,50.19199991226196,0.03500008583068848
50.20099997520447,50.30199980735779,0.10099983215332031
50.20199990272522,50.30199980735779,0.09999990463256836
50.20299983024597,50.496999979019165,0.29400014877319336
50.20700001716614,50.496999979019165,0.28999996185302734
50.25099992752075,50.30199980735779,0.05099987983703613
50.251999855041504,50.30199980735779,0.04999995231628418
50.251999855041504,50.496999979019165,0.24500012397766113
50.25699996948242,50.496999979019165,0.24000000953674316
50.300999879837036,50.496999979019165,0.1960000991821289
50.30199980735779,50.61199998855591,0.3100001811981201
50.30299997329712,50.496999979019165,0.1940000057220459
50.306999921798706,50.496999979019165,0.19000005722045898
50.35099983215332,50.61199998855591,0.2610001564025879
50.35199999809265,50.496999979019165,0.14499998092651367
50.35199999809265,50.496999979019165,0.14499998092651367
50.35699987411499,50.61199998855591,0.25500011444091797
50.401999950408936,50.61199998855591,0.21000003814697266
50.401999950408936,50.496999979019165,0.09500002861022949
50.40299987792969,50.61199998855591,0.2090001106262207
50.407999992370605,50.61199998855591,0.20399999618530273
50.45099997520447,50.496999979019165,0.046000003814697266
50.45199990272522,50.61199998855591,0.16000008583068848
50.45199990272522,50.61199998855591,0.16000008583068848
50.45700001716614,50.61199998855591,0.1549999713897705
50.50099992752075,50.78399991989136,0.28299999237060547
50.501999855041504,50.78399991989136,0.2820000648498535
50.503000020980835,50.61199998855591,0.10899996757507324
50.50699996948242,50.61199998855591,0.10500001907348633
50.550999879837036,50.78399991989136,0.2330000400543213
50.55199980735779,50.78399991989136,0.23200011253356934
50.55199980735779,50.61199998855591,0.06000018119812012
50.556999921798706,50.61199998855591,0.05500006675720215
50.60099983215332,50.78399991989136,0.1830000877380371
50.60199999809265,50.78399991989136,0.18199992179870605
50.6029999256134,50.90399980545044,0.30099987983703613
50.60699987411499,50.78399991989136,0.1770000457763672
50.651000022888184,50.78399991989136,0.13299989700317383
50.651000022888184,50.78399991989136,0.13299989700317383
50.651999950408936,50.90399980545044,0.2519998550415039
50.657999992370605,50.78399991989136,0.12599992752075195
50.70199990272522,50.90399980545044,0.20199990272521973
50.70199990272522,50.90399980545044,0.20199990272521973
50.70299983024597,50.90399980545044,0.20099997520446777
50.70700001716614,50.78399991989136,0.07699990272521973
50.751999855041504,50.90399980545044,0.15199995040893555
50.751999855041504,50.90399980545044,0.15199995040893555
50.751999855041504,50.90399980545044,0.15199995040893555
50.757999897003174,50.78399991989136,0.026000022888183594
50.800999879837036,50.90399980545044,0.10299992561340332
50.80199980735779,50.90399980545044,0.10199999809265137
50.80299997329712,51.10099983215332,0.29799985885620117
50.806999921798706,51.10099983215332,0.29399991035461426
50.85099983215332,50.90399980545044,0.05299997329711914
50.85199999809265,50.90399980545044,0.051999807357788086
50.85199999809265,51.10099983215332,0.24899983406066895
50.85799980163574,51.10099983215332,0.24300003051757812
50.901000022888184,51.10099983215332,0.19999980926513672
50.901999950408936,51.22000002861023,0.31800007820129395
50.901999950408936,51.10099983215332,0.19899988174438477
50.90599989891052,51.10099983215332,0.19499993324279785
50.95099997520447,51.22000002861023,0.2690000534057617
50.95199990272522,51.10099983215332,0.14899992942810059
50.95199990272522,51.10099983215332,0.14899992942810059
50.95700001716614,51.10099983215332,0.14399981498718262
51.001999855041504,51.22000002861023,0.21800017356872559
51.001999855041504,51.10099983215332,0.0989999771118164
51.001999855041504,51.2189998626709,0.21700000762939453
51.00699996948242,51.2189998626709,0.21199989318847656
51.050999879837036,51.10099983215332,0.04999995231628418
51.05199980735779,51.22000002861023,0.1680002212524414
51.05299997329712,51.2189998626709,0.1659998893737793
51.056999921798706,51.2189998626709,0.16199994087219238
51.10099983215332,51.389999866485596,0.2890000343322754
51.10199999809265,51.389999866485596,0.28799986839294434
51.10199999809265,51.2189998626709,0.11699986457824707
51.10799980163574,51.2189998626709,0.11100006103515625
51.151000022888184,51.389999866485596,0.2389998435974121
51.151999950408936,51.389999866485596,0.23799991607666016
51.15299987792969,51.2189998626709,0.06599998474121094
51.156999826431274,51.2189998626709,0.06200003623962402
51.20099997520447,51.389999866485596,0.18899989128112793
51.20199990272522,51.389999866485596,0.18799996376037598
51.20199990272522,51.507999897003174,0.3059999942779541
51.20700001716614,51.389999866485596,0.182999849319458
51.25099992752075,51.389999866485596,0.13899993896484375
51.251999855041504,51.389999866485596,0.1380000114440918
51.253000020980835,51.507999897003174,0.25499987602233887
51.25699996948242,51.389999866485596,0.13299989700317383
51.30199980735779,51.507999897003174,0.20600008964538574
51.30199980735779,51.507999897003174,0.20600008964538574
51.30199980735779,51.507999897003174,0.20600008964538574
51.305999994277954,51.389999866485596,0.0839998722076416
51.35099983215332,51.507999897003174,0.15700006484985352
51.35199999809265,51.507999897003174,0.15599989891052246
51.3529999256134,51.507999897003174,0.1549999713897705
51.35699987411499,51.389999866485596,0.03299999237060547
51.401000022888184,51.507999897003174,0.10699987411499023
51.401999950408936,51.507999897003174,0.10599994659423828
51.401999950408936,51.7039999961853,0.3020000457763672
51.406999826431274,51.7039999961853,0.2970001697540283
51.45099997520447,51.507999897003174,0.056999921798706055
51.45199990272522,51.507999897003174,0.0559999942779541
51.45199990272522,51.7039999961853,0.252000093460083
51.45700001716614,51.7039999961853,0.24699997901916504
51.501999855041504,51.82200002670288,0.32000017166137695
51.501999855041504,51.7039999961853,0.20200014114379883
51.503000020980835,51.7039999961853,0.20099997520446777
51.50699996948242,51.7039999961853,0.19700002670288086
51.55199980735779,51.82200002670288,0.2700002193450928
51.55199980735779,51.7039999961853,0.15200018882751465
51.55199980735779,51.7039999961853,0.15200018882751465
51.556999921798706,51.7039999961853,0.14700007438659668
51.60099983215332,51.82200002670288,0.22100019454956055
51.60199999809265,51.7039999961853,0.10199999809265137
51.60199999809265,51.82200002670288,0.2200000286102295
51.60699987411499,51.82200002670288,0.21500015258789062
51.651000022888184,51.7039999961853,0.05299997329711914
51.651999950408936,51.82200002670288,0.1700000762939453
51.651999950408936,51.82200002670288,0.1700000762939453
51.657999992370605,51.82200002670288,0.1640000343322754
51.70099997520447,51.99300003051758,0.29200005531311035
51.70199990272522,51.99300003051758,0.2910001277923584
51.70299983024597,51.82200002670288,0.11900019645690918
51.70700001716614,51.82200002670288,0.11500000953674316
51.75099992752075,51.99300003051758,0.24200010299682617
51.751999855041504,51.99300003051758,0.24100017547607422
51.751999855041504,51.82200002670288,0.07000017166137695
51.75699996948242,51.82200002670288,0.06500005722045898
51.80199980735779,51.99300003051758,0.19100022315979004
51.80199980735779,51.99300003051758,0.19100022315979004
51.80299997329712,52.109999895095825,0.30699992179870605
51.80799984931946,51.99399995803833,0.18600010871887207
51.85199999809265,51.99300003051758,0.14100003242492676
51.85199999809265,51.99300003051758,0.14100003242492676
51.85199999809265,52.109999895095825,0.25799989700317383
51.85699987411499,51.99300003051758,0.1360001564025879
51.901000022888184,52.109999895095825,0.2089998722076416
51.901999950408936,52.109999895095825,0.20799994468688965
51.90299987792969,52.109999895095825,0.2070000171661377
51.907999992370605,51.99300003051758,0.08500003814697266
51.95099997520447,52.109999895095825,0.15899991989135742
51.95199990272522,52.109999895095825,0.15799999237060547
51.95199990272522,52.109999895095825,0.15799999237060547
51.95700001716614,51.99300003051758,0.03600001335144043
52.00099992752075,52.109999895095825,0.10899996757507324
52.001999855041504,52.109999895095825,0.10800004005432129
52.003000020980835,52.30900001525879,0.3059999942779541
52.00699996948242,52.30900001525879,0.3020000457763672
52.05199980735779,52.109999895095825,0.05800008773803711
52.05199980735779,52.109999895095825,0.05800008773803711
52.05199980735779,52.30900001525879,0.257000207901001
52.05799984931946,52.30900001525879,0.25100016593933105
52.10099983215332,52.30900001525879,0.20800018310546875
52.10199999809265,52.424999952316284,0.3229999542236328
52.1029999256134,52.30900001525879,0.20600008964538574
52.10599994659424,52.30900001525879,0.20300006866455078
52.151999950408936,52.424999952316284,0.27300000190734863
52.151999950408936,52.30900001525879,0.15700006484985352
52.151999950408936,52.30900001525879,0.15700006484985352
52.156999826431274,52.30900001525879,0.15200018882751465
52.20099997520447,52.424999952316284,0.2239999771118164
52.20199990272522,52.30900001525879,0.10700011253356934
52.20299983024597,52.424999952316284,0.2220001220703125
52.20700001716614,52.424999952316284,0.21799993515014648
52.251999855041504,52.424999952316284,0.17300009727478027
52.251999855041504,52.30900001525879,0.057000160217285156
52.251999855041504,52.424999952316284,0.17300009727478027
52.25699996948242,52.424999952316284,0.1679999828338623
52.30199980735779,52.597999811172485,0.29600000381469727
52.30199980735779,52.598999977111816,0.2970001697540283
52.30299997329712,52.424999952316284,0.12199997901916504
52.306999921798706,52.424999952316284,0.11800003051757812
52.35099983215332,52.598999977111816,0.2480001449584961
52.35199999809265,52.597999811172485,0.24599981307983398
52.35199999809265,52.424999952316284,0.07299995422363281
52.35699987411499,52.424999952316284,0.06800007820129395
52.401999950408936,52.598999977111816,0.19700002670288086
52.401999950408936,52.598999977111816,0.19700002670288086
52.40299987792969,52.71399998664856,0.31100010871887207
52.406999826431274,52.598999977111816,0.192000150680542
52.45099997520447,52.598999977111816,0.14800000190734863
52.45199990272522,52.597999811172485,0.14599990844726562
52.45199990272522,52.71399998664856,0.26200008392333984
52.45700001716614,52.598999977111816,0.1419999599456787
52.501999855041504,52.71399998664856,0.21200013160705566
52.501999855041504,52.71399998664856,0.21200013160705566
52.503000020980835,52.71399998664856,0.2109999656677246
52.50699996948242,52.598999977111816,0.09200000762939453
52.550999879837036,52.71399998664856,0.16300010681152344
52.550999879837036,52.71399998664856,0.16300010681152344
52.55199980735779,52.71399998664856,0.16200017929077148
52.556999921798706,52.598999977111816,0.04200005531311035
52.60199999809265,52.71399998664856,0.1119999885559082
52.60199999809265,52.71399998664856,0.1119999885559082
52.6029999256134,52.912999868392944,0.309999942779541
52.60699987411499,52.912999868392944,0.3059999942779541
52.651000022888184,52.71399998664856,0.06299996376037598
52.651999950408936,52.71399998664856,0.06200003623962402
52.651999950408936,52.912999868392944,0.2609999179840088
52.656999826431274,52.912999868392944,0.2560000419616699
52.70099997520447,52.912999868392944,0.21199989318847656
52.70199990272522,53.03099989891052,0.32899999618530273
52.70299983024597,52.912999868392944,0.21000003814697266
52.70700001716614,52.912999868392944,0.20599985122680664
52.75099992752075,53.03099989891052,0.2799999713897705
52.751999855041504,52.912999868392944,0.16100001335144043
52.751999855041504,52.912999868392944,0.16100001335144043
52.75699996948242,52.912999868392944,0.15599989891052246
52.800999879837036,52.912999868392944,0.1119999885559082
52.80199980735779,53.03099989891052,0.22900009155273438
52.80299997329712,53.02899980545044,0.2259998321533203
52.806999921798706,53.02899980545044,0.2219998836517334
52.85199999809265,53.03099989891052,0.1789999008178711
52.85199999809265,52.912999868392944,0.06099987030029297
52.85199999809265,53.02899980545044,0.17699980735778809
52.85799980163574,53.02899980545044,0.17100000381469727
52.901000022888184,53.198999881744385,0.29799985885620117
52.901999950408936,53.198999881744385,0.2969999313354492
52.90299987792969,53.02899980545044,0.12599992752075195
52.906999826431274,53.02899980545044,0.12199997901916504
52.95199990272522,53.198999881744385,0.24699997901916504
52.95199990272522,53.198999881744385,0.24699997901916504
52.95199990272522,53.03099989891052,0.07899999618530273
52.95799994468689,53.02899980545044,0.0709998607635498
53.00099992752075,53.198999881744385,0.1979999542236328
53.001999855041504,53.198999881744385,0.19700002670288086
53.003000020980835,53.335999965667725,0.33299994468688965
53.007999897003174,53.198999881744385,0.19099998474121094
53.050999879837036,53.198999881744385,0.14800000190734863
53.05199980735779,53.198999881744385,0.14700007438659668
53.05199980735779,53.335999965667725,0.2840001583099365
53.05799984931946,53.198999881744385,0.14100003242492676
53.10199999809265,53.335999965667725,0.23399996757507324
53.10199999809265,53.335999965667725,0.23399996757507324
53.1029999256134,53.335999965667725,0.2330000400543213
53.10699987411499,53.198999881744385,0.09200000762939453
53.151000022888184,53.335999965667725,0.18499994277954102
53.151000022888184,53.335999965667725,0.18499994277954102
53.151999950408936,53.335999965667725,0.18400001525878906
53.156999826431274,53.198999881744385,0.04200005531311035
53.20199990272522,53.335999965667725,0.13400006294250488
53.20199990272522,53.335999965667725,0.13400006294250488
53.20299983024597,53.335999965667725,0.13300013542175293
53.20700001716614,53.51799988746643,0.31099987030029297
53.25099992752075,53.335999965667725,0.08500003814697266
53.25099992752075,53.335999965667725,0.08500003814697266
53.251999855041504,53.51799988746643,0.26600003242492676
53.25699996948242,53.51799988746643,0.2609999179840088
53.30199980735779,53.633999824523926,0.3320000171661377
53.30199980735779,53.51799988746643,0.21600008010864258
53.30299997329712,53.51699995994568,0.21399998664855957
53.306999921798706,53.51799988746643,0.2109999656677246
53.35199999809265,53.633999824523926,0.2819998264312744
53.35199999809265,53.51799988746643,0.1659998893737793
53.35199999809265,53.51799988746643,0.1659998893737793
53.35699987411499,53.51799988746643,0.16100001335144043
53.401999950408936,53.633999824523926,0.23199987411499023
53.401999950408936,53.51799988746643,0.11599993705749512
53.40299987792969,53.633999824523926,0.23099994659423828
53.407999992370605,53.632999897003174,0.22499990463256836
53.45199990272522,53.633999824523926,0.18199992179870605
53.45199990272522,53.51799988746643,0.06599998474121094
53.45199990272522,53.633999824523926,0.18199992179870605
53.45700001716614,53.632999897003174,0.17599987983703613
53.50099992752075,53.80199980735779,0.30099987983703613
53.501999855041504,53.80199980735779,0.2999999523162842
53.501999855041504,53.633999824523926,0.13199996948242188
53.50699996948242,53.632999897003174,0.12599992752075195
53.55199980735779,53.80199980735779,0.25
53.55199980735779,53.80199980735779,0.25
53.55299997329712,53.633999824523926,0.08099985122680664
53.556999921798706,53.633999824523926,0.07699990272521973
53.60099983215332,53.80199980735779,0.20099997520446777
53.60199999809265,53.80199980735779,0.19999980926513672
53.60199999809265,53.9210000038147,0.3190000057220459
53.60699987411499,53.80199980735779,0.19499993324279785
53.651999950408936,53.80199980735779,0.14999985694885254
53.651999950408936,53.80199980735779,0.14999985694885254
53.65299987792969,53.9210000038147,0.26800012588500977
53.656999826431274,53.80199980735779,0.14499998092651367
53.70099997520447,53.9210000038147,0.2200000286102295
53.70199990272522,53.9210000038147,0.21900010108947754
53.70199990272522,53.9210000038147,0.21900010108947754
53.70700001716614,53.80199980735779,0.09499979019165039
53.75099992752075,53.9210000038147,0.1700000762939453
53.751999855041504,53.9210000038147,0.16900014877319336
53.753000020980835,53.9210000038147,0.1679999828338623
53.75699996948242,53.80199980735779,0.04499983787536621
53.80199980735779,53.9210000038147,0.11900019645690918
53.80199980735779,53.9210000038147,0.11900019645690918
53.80199980735779,54.156999826431274,0.35500001907348633
53.806999921798706,54.156999826431274,0.34999990463256836
53.85099983215332,53.9210000038147,0.07000017166137695
53.85199999809265,53.9210000038147,0.0690000057220459
53.8529999256134,54.156999826431274,0.3039999008178711
53.85699987411499,54.156999826431274,0.2999999523162842
53.901999950408936,54.23799991607666,0.3359999656677246
53.901999950408936,54.156999826431274,0.25499987602233887
53.90299987792969,54.156999826431274,0.2539999485015869
53.906999826431274,54.156999826431274,0.25
53.95199990272522,54.23799991607666,0.28600001335144043
53.95199990272522,54.156999826431274,0.2049999237060547
53.95199990272522,54.156999826431274,0.2049999237060547
53.95599985122681,54.156999826431274,0.20099997520446777
54.00099992752075,54.156999826431274,0.15599989891052246
54.001999855041504,54.23799991607666,0.23600006103515625
54.001999855041504,54.156999826431274,0.1549999713897705
54.00699996948242,54.23799991607666,0.23099994659423828
54.05199980735779,54.23799991607666,0.18600010871887207
54.05199980735779,54.156999826431274,0.10500001907348633
54.05299997329712,54.23799991607666,0.18499994277954102
54.056999921798706,54.23799991607666,0.1809999942779541
54.10099983215332,54.40499997138977,0.3040001392364502
54.10199999809265,54.40499997138977,0.30299997329711914
54.10199999809265,54.23799991607666,0.1359999179840088
54.10699987411499,54.23799991607666,0.13100004196166992
54.151999950408936,54.40499997138977,0.25300002098083496
54.151999950408936,54.40499997138977,0.25300002098083496
54.15299987792969,54.23799991607666,0.08500003814697266
54.156999826431274,54.23799991607666,0.08100008964538574
54.20199990272522,54.40499997138977,0.20300006866455078
54.20199990272522,54.40499997138977,0.20300006866455078
54.20199990272522,54.537999868392944,0.3359999656677246
54.20700001716614,54.40499997138977,0.1979999542236328
54.251999855041504,54.40499997138977,0.1530001163482666
54.251999855041504,54.40499997138977,0.1530001163482666
54.253000020980835,54.537999868392944,0.2849998474121094
54.25699996948242,54.40499997138977,0.14800000190734863
54.30199980735779,54.537999868392944,0.23600006103515625
54.30199980735779,54.537999868392944,0.23600006103515625
54.30299997329712,54.537999868392944,0.2349998950958252
54.306999921798706,54.40499997138977,0.09800004959106445
54.35099983215332,54.537999868392944,0.18700003623962402
54.35199999809265,54.537999868392944,0.18599987030029297
54.35199999809265,54.537999868392944,0.18599987030029297
54.35699987411499,54.40499997138977,0.04800009727478027
54.401999950408936,54.537999868392944,0.1359999179840088
54.401999950408936,54.537999868392944,0.1359999179840088
54.40299987792969,54.72499990463257,0.32200002670288086
54.406999826431274,54.72499990463257,0.31800007820129395
54.45099997520447,54.537999868392944,0.08699989318847656
54.45199990272522,54.537999868392944,0.08599996566772461
54.45199990272522,54.72499990463257,0.27300000190734863
54.45700001716614,54.72499990463257,0.26799988746643066
54.50099992752075,54.842000007629395,0.3410000801086426
54.501999855041504,54.72499990463257,0.22300004959106445
54.503000020980835,54.72499990463257,0.2219998836517334
54.50699996948242,54.72499990463257,0.21799993515014648
54.55199980735779,54.842000007629395,0.29000020027160645
54.55199980735779,54.72499990463257,0.17300009727478027
54.55199980735779,54.72499990463257,0.17300009727478027
54.556999921798706,54.72499990463257,0.1679999828338623
54.60199999809265,54.842000007629395,0.24000000953674316
54.60199999809265,54.72499990463257,0.12299990653991699
54.6029999256134,54.72499990463257,0.12199997901916504
54.60699987411499,54.842000007629395,0.2350001335144043
54.651000022888184,54.842000007629395,0.19099998474121094
54.651999950408936,54.72499990463257,0.07299995422363281
54.65299987792969,54.842000007629395,0.18900012969970703
54.656999826431274,54.842000007629395,0.18500018119812012
54.70099997520447,55.00999999046326,0.30900001525878906
54.70199990272522,55.00999999046326,0.3080000877380371
54.70199990272522,54.842000007629395,0.1400001049041748
54.70700001716614,54.842000007629395,0.13499999046325684
54.751999855041504,55.00999999046326,0.25800013542175293
54.751999855041504,55.00999999046326,0.25800013542175293
54.753000020980835,54.842000007629395,0.08899998664855957
54.75699996948242,54.842000007629395,0.08500003814697266
54.800999879837036,55.00999999046326,0.2090001106262207
54.800999879837036,55.00999999046326,0.2090001106262207
54.80199980735779,54.842000007629395,0.040000200271606445
54.806999921798706,55.00999999046326,0.20300006866455078
54.85199999809265,55.00999999046326,0.15799999237060547
54.85199999809265,55.00999999046326,0.15799999237060547
54.8529999256134,55.139999866485596,0.2869999408721924
54.85699987411499,55.00999999046326,0.1530001163482666
54.901999950408936,55.139999866485596,0.23799991607666016
54.901999950408936,55.139999866485596,0.23799991607666016
54.901999950408936,55.139999866485596,0.23799991607666016
54.906999826431274,55.00999999046326,0.10300016403198242
54.95099997520447,55.139999866485596,0.18899989128112793
54.95099997520447,55.139999866485596,0.18899989128112793
54.95299983024597,55.139999866485596,0.18700003623962402
54.95700001716614,55.00999999046326,0.05299997329711914
55.001999855041504,55.139999866485596,0.1380000114440918
55.001999855041504,55.139999866485596,0.1380000114440918
55.001999855041504,55.139999866485596,0.1380000114440918
55.00699996948242,55.329999923706055,0.3229999542236328
55.050999879837036,55.139999866485596,0.08899998664855957
55.05199980735779,55.139999866485596,0.08800005912780762
55.05199980735779,55.329999923706055,0.2780001163482666
55.056999921798706,55.329999923706055,0.27300000190734863
55.10099983215332,55.139999866485596,0.03900003433227539
55.10199999809265,55.44599986076355,0.34399986267089844
55.1029999256134,55.329999923706055,0.22699999809265137
55.10799980163574,55.329999923706055,0.2220001220703125
55.151999950408936,55.329999923706055,0.17799997329711914
55.151999950408936,55.44599986076355,0.29399991035461426
55.151999950408936,55.329999923706055,0.17799997329711914
55.157999992370605,55.329999923706055,0.17199993133544922
55.20199990272522,55.329999923706055,0.12800002098083496
55.20199990272522,55.44599986076355,0.24399995803833008
55.20299983024597,55.329999923706055,0.127000093460083
55.20700001716614,55.44599986076355,0.2389998435974121
55.25099992752075,55.329999923706055,0.07899999618530273
55.251999855041504,55.44599986076355,0.1940000057220459
55.251999855041504,55.44599986076355,0.1940000057220459
55.25699996948242,55.44599986076355,0.18899989128112793
55.30199980735779,55.61399984359741,0.312000036239624
55.30199980735779,55.61399984359741,0.312000036239624
55.30299997329712,55.44599986076355,0.14299988746643066
55.305999994277954,55.44599986076355,0.1399998664855957
55.35199999809265,55.61399984359741,0.26199984550476074
55.35199999809265,55.61399984359741,0.26199984550476074
55.35199999809265,55.44599986076355,0.09399986267089844
55.35799980163574,55.44599986076355,0.08800005912780762
55.401000022888184,55.61399984359741,0.21299982070922852
55.401999950408936,55.61399984359741,0.21199989318847656
55.40299987792969,55.75599980354309,0.3529999256134033
55.406999826431274,55.61399984359741,0.2070000171661377
55.45099997520447,55.61399984359741,0.16299986839294434
55.45199990272522,55.61399984359741,0.16199994087219238
55.45299983024597,55.75599980354309,0.30299997329711914
55.45700001716614,55.61399984359741,0.15699982643127441
55.501999855041504,55.75599980354309,0.2539999485015869
55.501999855041504,55.75599980354309,0.2539999485015869
55.503000020980835,55.75599980354309,0.25299978256225586
55.50699996948242,55.61399984359741,0.10699987411499023
55.550999879837036,55.75599980354309,0.2049999237060547
55.55199980735779,55.75599980354309,0.20399999618530273
55.55299997329712,55.75599980354309,0.20299983024597168
55.556999921798706,55.61399984359741,0.056999921798706055
55.60099983215332,55.75599980354309,0.1549999713897705
55.60199999809265,55.75599980354309,0.15399980545043945
55.60199999809265,55.75599980354309,0.15399980545043945
55.60799980163574,55.93599987030029,0.3280000686645508
55.651999950408936,55.75599980354309,0.10399985313415527
55.651999950408936,55.75599980354309,0.10399985313415527
55.65299987792969,55.93599987030029,0.28299999237060547
55.656999826431274,55.93599987030029,0.27900004386901855
55.70199990272522,55.75599980354309,0.053999900817871094
55.70199990272522,56.049999952316284,0.34800004959106445
55.70199990272522,55.93599987030029,0.23399996757507324
55.70700001716614,55.93599987030029,0.22899985313415527
55.751999855041504,55.93599987030029,0.18400001525878906
55.751999855041504,56.049999952316284,0.2980000972747803
55.753000020980835,55.93599987030029,0.182999849319458
55.75699996948242,55.93599987030029,0.1789999008178711
55.80199980735779,55.93599987030029,0.13400006294250488
55.80199980735779,56.049999952316284,0.2480001449584961
55.80199980735779,55.93599987030029,0.13400006294250488
55.806999921798706,56.049999952316284,0.24300003051757812
55.85199999809265,55.93599987030029,0.0839998722076416
55.85199999809265,56.049999952316284,0.1979999542236328
55.8529999256134,56.049999952316284,0.19700002670288086
55.85799980163574,56.049999952316284,0.192000150680542
55.901000022888184,56.240999937057495,0.3399999141693115
55.901000022888184,56.049999952316284,0.14899992942810059
55.901999950408936,56.049999952316284,0.14800000190734863
55.906999826431274,56.049999952316284,0.14300012588500977
55.95199990272522,56.240999937057495,0.2890000343322754
55.95199990272522,56.240999937057495,0.2890000343322754
55.95299983024597,56.049999952316284,0.0970001220703125
55.95799994468689,56.049999952316284,0.09200000762939453
56.00099992752075,56.240999937057495,0.24000000953674316
56.001999855041504,56.240999937057495,0.2390000820159912
56.001999855041504,56.049999952316284,0.04800009727478027
56.00699996948242,56.049999952316284,0.042999982833862305
56.05199980735779,56.240999937057495,0.18900012969970703
56.05199980735779,56.240999937057495,0.18900012969970703
56.05299997329712,56.334999799728394,0.2819998264312744
56.056999921798706,56.240999937057495,0.18400001525878906
56.10099983215332,56.240999937057495,0.1400001049041748
56.10199999809265,56.334999799728394,0.2329998016357422
56.1029999256134,56.334999799728394,0.23199987411499023
56.10799980163574,56.240999937057495,0.13300013542175293
56.151999950408936,56.334999799728394,0.182999849319458
56.151999950408936,56.334999799728394,0.182999849319458
56.15299987792969,56.334999799728394,0.18199992179870605
56.156999826431274,56.240999937057495,0.0840001106262207
56.20199990272522,56.334999799728394,0.13299989700317383
56.20199990272522,56.334999799728394,0.13299989700317383
56.20299983024597,56.334999799728394,0.13199996948242188
56.20799994468689,56.53499984741211,0.3269999027252197
56.25099992752075,56.334999799728394,0.0839998722076416
56.25099992752075,56.334999799728394,0.0839998722076416
56.251999855041504,56.53499984741211,0.28299999237060547
56.25699996948242,56.53499984741211,0.2779998779296875
56.30199980735779,56.53499984741211,0.2330000400543213
56.30199980735779,56.65299987792969,0.3510000705718994
56.30299997329712,56.53499984741211,0.23199987411499023
56.305999994277954,56.53499984741211,0.22899985313415527
56.35099983215332,56.53499984741211,0.18400001525878906
56.35199999809265,56.65299987792969,0.30099987983703613
56.35199999809265,56.53499984741211,0.182999849319458
56.35699987411499,56.53499984741211,0.17799997329711914
56.401999950408936,56.53499984741211,0.13299989700317383
56.401999950408936,56.65299987792969,0.25099992752075195
56.40299987792969,56.53499984741211,0.13199996948242188
56.406999826431274,56.53499984741211,0.12800002098083496
56.45199990272522,56.53499984741211,0.08299994468688965
56.45199990272522,56.65299987792969,0.20099997520446777
56.45199990272522,56.65299987792969,0.20099997520446777
56.45700001716614,56.65299987792969,0.1959998607635498
56.501999855041504,56.83399987220764,0.3320000171661377
56.501999855041504,56.83399987220764,0.3320000171661377
56.503000020980835,56.65299987792969,0.14999985694885254
56.50699996948242,56.65299987792969,0.14599990844726562
56.550999879837036,56.83399987220764,0.28299999237060547
56.55199980735779,56.83399987220764,0.2820000648498535
56.55199980735779,56.65299987792969,0.10100007057189941
56.556999921798706,56.65299987792969,0.09599995613098145
56.60099983215332,56.83399987220764,0.2330000400543213
56.60199999809265,56.83399987220764,0.23199987411499023
56.6029999256134,56.65299987792969,0.04999995231628418
56.60699987411499,56.83399987220764,0.22699999809265137
56.651999950408936,56.83399987220764,0.18199992179870605
56.651999950408936,56.83399987220764,0.18199992179870605
56.651999950408936,56.936999797821045,0.2849998474121094
56.656999826431274,56.83399987220764,0.1770000457763672
56.70099997520447,56.936999797821045,0.23599982261657715
56.70199990272522,56.83399987220764,0.13199996948242188
56.70299983024597,56.936999797821045,0.23399996757507324
56.70799994468689,56.83399987220764,0.12599992752075195
56.75099992752075,56.936999797821045,0.18599987030029297
56.751999855041504,56.936999797821045,0.18499994277954102
56.751999855041504,56.936999797821045,0.18499994277954102
56.75699996948242,56.83399987220764,0.07699990272521973
56.80199980735779,56.936999797821045,0.13499999046325684
56.80199980735779,56.936999797821045,0.13499999046325684
56.80299997329712,56.936999797821045,0.13399982452392578
56.806999921798706,56.83399987220764,0.026999950408935547
56.85099983215332,56.936999797821045,0.08599996566772461
56.85199999809265,56.936999797821045,0.08499979972839355
56.85199999809265,57.13800001144409,0.28600001335144043
56.85799980163574,57.13800001144409,0.2800002098083496
56.901000022888184,56.936999797821045,0.03599977493286133
56.901999950408936,57.276999950408936,0.375
56.90299987792969,57.13800001144409,0.2350001335144043
56.90599989891052,57.13800001144409,0.23200011253356934
56.95199990272522,57.13800001144409,0.18600010871887207
56.95199990272522,57.276999950408936,0.3250000476837158
56.95199990272522,57.13800001144409,0.18600010871887207
56.95799994468689,57.13800001144409,0.18000006675720215
57.001999855041504,57.13800001144409,0.1360001564025879
57.001999855041504,57.276999950408936,0.27500009536743164
57.003000020980835,57.13800001144409,0.13499999046325684
57.00699996948242,57.13800001144409,0.13100004196166992
57.05199980735779,57.13800001144409,0.08600020408630371
57.05199980735779,57.276999950408936,0.22500014305114746
57.05199980735779,57.276999950408936,0.22500014305114746
57.056999921798706,57.276999950408936,0.2200000286102295
57.10199999809265,57.13800001144409,0.03600001335144043
57.10199999809265,57.276999950408936,0.17499995231628418
57.1029999256134,57.276999950408936,0.17400002479553223
57.10699987411499,57.276999950408936,0.1700000762939453
57.14999985694885,57.45199990272522,0.3020000457763672
57.151999950408936,57.45299983024597,0.30099987983703613
57.151999950408936,57.276999950408936,0.125
57.157999992370605,57.276999950408936,0.11899995803833008
57.20099997520447,57.45199990272522,0.25099992752075195
57.20199990272522,57.45199990272522,0.25
57.20299983024597,57.276999950408936,0.07400012016296387
57.20700001716614,57.276999950408936,0.06999993324279785
57.251999855041504,57.45199990272522,0.20000004768371582
57.251999855041504,57.45299983024597,0.20099997520446777
57.251999855041504,57.54099988937378,0.2890000343322754
57.25699996948242,57.45199990272522,0.19499993324279785
57.30199980735779,57.45199990272522,0.15000009536743164
57.30199980735779,57.54099988937378,0.2390000820159912
57.30299997329712,57.54099988937378,0.23799991607666016
57.306999921798706,57.45199990272522,0.14499998092651367
57.35099983215332,57.54099988937378,0.19000005722045898
57.35199999809265,57.54099988937378,0.18899989128112793
57.35199999809265,57.54099988937378,0.18899989128112793
57.35699987411499,57.45199990272522,0.09500002861022949
57.401999950408936,57.54099988937378,0.13899993896484375
57.401999950408936,57.54099988937378,0.13899993896484375
57.40299987792969,57.54099988937378,0.1380000114440918
57.406999826431274,57.45199990272522,0.04500007629394531
57.45199990272522,57.54099988937378,0.08899998664855957
57.45199990272522,57.54099988937378,0.08899998664855957
57.45199990272522,57.75499987602234,0.30299997329711914
57.45700001716614,57.75499987602234,0.29799985885620117
57.50099992752075,57.75499987602234,0.2539999485015869
57.50099992752075,57.54099988937378,0.039999961853027344
57.503000020980835,57.75499987602234,0.2519998550415039
57.50699996948242,57.75499987602234,0.247999906539917
57.55199980735779,57.75499987602234,0.20300006866455078
57.55199980735779,57.90299987792969,0.3510000705718994
57.55199980735779,57.75499987602234,0.20300006866455078
57.556999921798706,57.75499987602234,0.1979999542236328
57.60199999809265,57.75499987602234,0.1529998779296875
57.60199999809265,57.90299987792969,0.30099987983703613
57.6029999256134,57.75499987602234,0.15199995040893555
57.60699987411499,57.75499987602234,0.14800000190734863
57.651999950408936,57.75499987602234,0.10299992561340332
57.651999950408936,57.90299987792969,0.25099992752075195
57.651999950408936,57.90299987792969,0.25099992752075195
57.657999992370605,57.90299987792969,0.24499988555908203
57.70099997520447,58.038999795913696,0.3379998207092285
57.70199990272522,58.038999795913696,0.33699989318847656
57.70299983024597,57.90299987792969,0.20000004768371582
57.70799994468689,57.90299987792969,0.19499993324279785
57.751999855041504,58.038999795913696,0.2869999408721924
57.751999855041504,58.038999795913696,0.2869999408721924
57.753000020980835,57.90299987792969,0.14999985694885254
57.75699996948242,57.90299987792969,0.14599990844726562
57.80199980735779,58.038999795913696,0.2369999885559082
57.80199980735779,58.038999795913696,0.2369999885559082
57.80299997329712,57.90299987792969,0.09999990463256836
57.806999921798706,57.90299987792969,0.09599995613098145
57.85199999809265,58.038999795913696,0.18699979782104492
57.85199999809265,58.038999795913696,0.18699979782104492
57.8529999256134,58.163999795913696,0.31099987030029297
57.85799980163574,58.038999795913696,0.1809999942779541
57.901999950408936,58.163999795913696,0.26199984550476074
57.901999950408936,58.163999795913696,0.26199984550476074
57.901999950408936,58.163999795913696,0.26199984550476074
57.907999992370605,58.038999795913696,0.13099980354309082
57.95199990272522,58.163999795913696,0.21199989318847656
57.95199990272522,58.163999795913696,0.21199989318847656
57.95299983024597,58.163999795913696,0.2109999656677246
57.95700001716614,58.038999795913696,0.0819997787475586
58.001999855041504,58.163999795913696,0.16199994087219238
58.001999855041504,58.163999795913696,0.16199994087219238
58.001999855041504,58.163999795913696,0.16199994087219238
58.00699996948242,58.038999795913696,0.031999826431274414
58.05199980735779,58.163999795913696,0.1119999885559082
58.05199980735779,58.163999795913696,0.1119999885559082
58.05299997329712,58.34599995613098,0.2929999828338623
58.056999921798706,58.34599995613098,0.2890000343322754
58.10199999809265,58.34599995613098,0.24399995803833008
58.10199999809265,58.163999795913696,0.06199979782104492
58.1029999256134,58.34599995613098,0.24300003051757812
58.10799980163574,58.34599995613098,0.23800015449523926
58.151999950408936,58.34599995613098,0.1940000057220459
58.151999950408936,58.46499991416931,0.312999963760376
58.151999950408936,58.34599995613098,0.1940000057220459
58.156999826431274,58.34599995613098,0.18900012969970703
58.20199990272522,58.34599995613098,0.14400005340576172
58.20199990272522,58.46499991416931,0.2630000114440918
58.20299983024597,58.34599995613098,0.14300012588500977
58.20700001716614,58.34599995613098,0.13899993896484375
58.251999855041504,58.34599995613098,0.09400010108947754
58.251999855041504,58.46499991416931,0.21300005912780762
58.253000020980835,58.46499991416931,0.21199989318847656
58.25699996948242,58.46499991416931,0.20799994468688965
58.30199980735779,58.34599995613098,0.04400014877319336
58.30199980735779,58.46499991416931,0.16300010681152344
58.30299997329712,58.46499991416931,0.16199994087219238
58.306999921798706,58.46499991416931,0.15799999237060547
58.35199999809265,58.64099979400635,0.2889997959136963
58.35199999809265,58.64099979400635,0.2889997959136963
58.35199999809265,58.46499991416931,0.11299991607666016
58.35699987411499,58.46499991416931,0.10800004005432129
58.401999950408936,58.64099979400635,0.2389998435974121
58.401999950408936,58.64099979400635,0.2389998435974121
58.40299987792969,58.46499991416931,0.06200003623962402
58.407999992370605,58.46499991416931,0.056999921798706055
58.45199990272522,58.64099979400635,0.18899989128112793
58.45199990272522,58.64099979400635,0.18899989128112793
58.45199990272522,58.74899983406067,0.2969999313354492
58.45700001716614,58.64099979400635,0.18399977684020996
58.501999855041504,58.74899983406067,0.24699997901916504
58.501999855041504,58.64099979400635,0.13899993896484375
58.503000020980835,58.74899983406067,0.24599981307983398
58.50699996948242,58.64099979400635,0.13399982452392578
58.55199980735779,58.74899983406067,0.19700002670288086
58.55199980735779,58.74899983406067,0.19700002670288086
58.55199980735779,58.74899983406067,0.19700002670288086
58.556999921798706,58.64099979400635,0.0839998722076416
58.60099983215332,58.74899983406067,0.14800000190734863
58.60199999809265,58.74899983406067,0.14699983596801758
58.6029999256134,58.74899983406067,0.14599990844726562
58.60699987411499,58.64099979400635,0.03399991989135742
58.651000022888184,58.74899983406067,0.09799981117248535
58.651999950408936,58.74899983406067,0.0969998836517334
58.65299987792969,58.94999980926514,0.2969999313354492
58.656999826431274,58.94999980926514,0.2929999828338623
58.70199990272522,58.74899983406067,0.04699993133544922
58.70199990272522,58.74899983406067,0.04699993133544922
58.70299983024597,58.94999980926514,0.24699997901916504
58.70799994468689,58.94999980926514,0.24199986457824707
58.751999855041504,59.098999977111816,0.3470001220703125
58.751999855041504,58.94999980926514,0.1979999542236328
58.753000020980835,58.94999980926514,0.19699978828430176
58.757999897003174,58.94999980926514,0.1919999122619629
58.80199980735779,59.098999977111816,0.2970001697540283
58.80199980735779,58.94999980926514,0.14800000190734863
58.80299997329712,58.94999980926514,0.14699983596801758
58.806999921798706,58.94999980926514,0.14299988746643066
58.85199999809265,59.098999977111816,0.24699997901916504
58.85199999809265,58.94999980926514,0.09799981117248535
58.8529999256134,59.098999977111816,0.24600005149841309
58.85699987411499,59.098999977111816,0.24200010299682617
58.901999950408936,59.098999977111816,0.19700002670288086
58.901999950408936,58.94999980926514,0.04799985885620117
58.901999950408936,59.098999977111816,0.19700002670288086
58.907999992370605,59.098999977111816,0.19099998474121094
58.95199990272522,59.246999979019165,0.2950000762939453
58.95199990272522,59.246999979019165,0.2950000762939453
58.95299983024597,59.098999977111816,0.14600014686584473
58.95799994468689,59.098999977111816,0.14100003242492676
59.001999855041504,59.246999979019165,0.24500012397766113
59.001999855041504,59.245999813079834,0.24399995803833008
59.003000020980835,59.098999977111816,0.09599995613098145
59.00699996948242,59.098999977111816,0.09200000762939453
59.05199980735779,59.246999979019165,0.19500017166137695
59.05199980735779,59.245999813079834,0.1940000057220459
59.05299997329712,59.45700001716614,0.40400004386901855
59.056999921798706,59.246999979019165,0.19000005722045898
59.10199999809265,59.246999979019165,0.14499998092651367
59.10199999809265,59.245999813079834,0.14399981498718262
59.1029999256134,59.45700001716614,0.3540000915527344
59.10699987411499,59.246999979019165,0.1400001049041748
59.151999950408936,59.45700001716614,0.30500006675720215
59.151999950408936,59.45700001716614,0.30500006675720215
59.15299987792969,59.45700001716614,0.3040001392364502
59.157999992370605,59.246999979019165,0.08899998664855957
59.20199990272522,59.45700001716614,0.25500011444091797
59.20199990272522,59.45700001716614,0.25500011444091797
59.20299983024597,59.45700001716614,0.254000186920166
59.20700001716614,59.246999979019165,0.039999961853027344
59.25099992752075,59.45700001716614,0.20600008964538574
59.251999855041504,59.45700001716614,0.2050001621246338
59.251999855041504,59.555999994277954,0.3040001392364502
59.25699996948242,59.45700001716614,0.20000004768371582
59.30199980735779,59.45700001716614,0.1550002098083496
59.30199980735779,59.555999994277954,0.254000186920166
59.30299997329712,59.555999994277954,0.25300002098083496
59.30799984931946,59.45700001716614,0.1490001678466797
59.35099983215332,59.555999994277954,0.2050001621246338
59.35199999809265,59.555999994277954,0.20399999618530273
59.3529999256134,59.555999994277954,0.20300006866455078
59.35699987411499,59.45700001716614,0.10000014305114746
59.401999950408936,59.555999994277954,0.15400004386901855
59.401999950408936,59.555999994277954,0.15400004386901855
59.40299987792969,59.555999994277954,0.1530001163482666
59.406999826431274,59.45700001716614,0.05000019073486328
59.45199990272522,59.555999994277954,0.10400009155273438
59.45199990272522,59.555999994277954,0.10400009155273438
59.45199990272522,59.751999855041504,0.2999999523162842
59.45700001716614,59.751999855041504,0.2949998378753662
59.501999855041504,59.555999994277954,0.054000139236450195
59.501999855041504,59.555999994277954,0.054000139236450195
59.503000020980835,59.751999855041504,0.24899983406066895
59.50699996948242,59.751999855041504,0.24499988555908203
59.55199980735779,59.751999855041504,0.20000004768371582
59.55199980735779,59.875,0.3230001926422119
59.55299997329712,59.751999855041504,0.19899988174438477
59.556999921798706,59.751999855041504,0.19499993324279785
59.60199999809265,59.875,0.27300000190734863
59.6029999256134,59.751999855041504,0.14899992942810059
59.6029999256134,59.751999855041504,0.14899992942810059
59.60799980163574,59.751999855041504,0.14400005340576172
59.651999950408936,59.751999855041504,0.09999990463256836
59.651999950408936,59.875,0.22300004959106445
59.651999950408936,59.751999855041504,0.09999990463256836
59.657999992370605,59.875,0.21700000762939453
59.70199990272522,59.751999855041504,0.04999995231628418
59.70199990272522,59.875,0.17300009727478027
59.70299983024597,59.875,0.17200016975402832
59.70700001716614,59.875,0.1679999828338623
59.751999855041504,60.04199981689453,0.28999996185302734
59.751999855041504,60.04199981689453,0.28999996185302734
59.751999855041504,59.875,0.1230001449584961
59.75699996948242,59.875,0.11800003051757812
59.80199980735779,60.04199981689453,0.24000000953674316
59.80199980735779,60.04199981689453,0.24000000953674316
59.80299997329712,59.875,0.07200002670288086
59.806999921798706,59.875,0.06800007820129395
59.85199999809265,60.04199981689453,0.18999981880187988
59.85199999809265,60.04199981689453,0.18999981880187988
59.85199999809265,60.16100001335144,0.30900001525878906
59.85699987411499,60.04199981689453,0.18499994277954102
59.901999950408936,60.04199981689453,0.1399998664855957
59.901999950408936,60.04199981689453,0.1399998664855957
59.90299987792969,60.16100001335144,0.25800013542175293
59.907999992370605,60.04199981689453,0.13399982452392578
59.95099997520447,60.16100001335144,0.21000003814697266
59.95099997520447,60.16100001335144,0.21000003814697266
59.95199990272522,60.16100001335144,0.2090001106262207
59.95700001716614,60.04199981689453,0.08499979972839355
60.001999855041504,60.16100001335144,0.15900015830993652
60.001999855041504,60.16100001335144,0.15900015830993652
60.003000020980835,60.16100001335144,0.15799999237060547
60.00699996948242,60.04199981689453,0.034999847412109375
60.05199980735779,60.16100001335144,0.10900020599365234
60.05199980735779,60.16100001335144,0.10900020599365234
60.05299997329712,60.35699987411499,0.3039999008178711
60.056999921798706,60.35699987411499,0.2999999523162842
60.10199999809265,60.16100001335144,0.05900001525878906
60.10199999809265,60.16100001335144,0.05900001525878906
60.1029999256134,60.35699987411499,0.2539999485015869
60.10699987411499,60.35699987411499,0.25
60.151999950408936,60.35699987411499,0.2049999237060547
60.151999950408936,60.478999853134155,0.3269999027252197
60.15299987792969,60.35699987411499,0.20399999618530273
60.157999992370605,60.35699987411499,0.19899988174438477
60.20199990272522,60.35699987411499,0.1549999713897705
60.20199990272522,60.478999853134155,0.27699995040893555
60.20299983024597,60.35699987411499,0.15400004386901855
60.20599985122681,60.35699987411499,0.1510000228881836
60.251999855041504,60.35699987411499,0.10500001907348633
60.251999855041504,60.478999853134155,0.22699999809265137
60.253000020980835,60.478999853134155,0.2259998321533203
60.25699996948242,60.478999853134155,0.2219998836517334
60.30199980735779,60.35699987411499,0.05500006675720215
60.30199980735779,60.478999853134155,0.1770000457763672
60.30299997329712,60.478999853134155,0.17599987983703613
60.306999921798706,60.478999853134155,0.17199993133544922
60.35199999809265,60.64800000190735,0.29600000381469727
60.35199999809265,60.64800000190735,0.29600000381469727
60.3529999256134,60.478999853134155,0.12599992752075195
60.35699987411499,60.478999853134155,0.12199997901916504
60.401999950408936,60.64800000190735,0.24600005149841309
60.401999950408936,60.64800000190735,0.24600005149841309
60.40299987792969,60.478999853134155,0.07599997520446777
60.406999826431274,60.478999853134155,0.07200002670288086
60.45199990272522,60.64800000190735,0.1960000991821289
60.45199990272522,60.64800000190735,0.1960000991821289
60.45199990272522,60.763999938964844,0.312000036239624
60.45700001716614,60.64800000190735,0.19099998474121094
60.501999855041504,60.64800000190735,0.14600014686584473
60.501999855041504,60.64800000190735,0.14600014686584473
60.503000020980835,60.763999938964844,0.2609999179840088
60.50699996948242,60.64800000190735,0.14100003242492676
60.550999879837036,60.763999938964844,0.21300005912780762
60.55199980735779,60.763999938964844,0.21200013160705566
60.55199980735779,60.763999938964844,0.21200013160705566
60.556999921798706,60.64800000190735,0.09100008010864258
60.60199999809265,60.763999938964844,0.16199994087219238
60.60199999809265,60.763999938964844,0.16199994087219238
60.6029999256134,60.959999799728394,0.35699987411499023
60.60699987411499,60.64800000190735,0.0410001277923584
60.651999950408936,60.763999938964844,0.1119999885559082
60.651999950408936,60.763999938964844,0.1119999885559082
60.651999950408936,60.959999799728394,0.307999849319458
60.656999826431274,60.959999799728394,0.30299997329711914
60.70199990272522,60.763999938964844,0.06200003623962402
60.70199990272522,60.763999938964844,0.06200003623962402
60.70299983024597,60.959999799728394,0.2569999694824219
60.70700001716614,60.959999799728394,0.25299978256225586
60.751999855041504,60.960999965667725,0.2090001106262207
60.751999855041504,61.09099984169006,0.33899998664855957
60.751999855041504,60.959999799728394,0.20799994468688965
60.75699996948242,60.959999799728394,0.20299983024597168
60.80199980735779,60.960999965667725,0.15900015830993652
60.80199980735779,61.09099984169006,0.2890000343322754
60.80299997329712,60.959999799728394,0.15699982643127441
60.80799984931946,60.959999799728394,0.15199995040893555
60.85199999809265,61.09099984169006,0.2389998435974121
60.8529999256134,60.960999965667725,0.10800004005432129
60.8529999256134,61.09099984169006,0.23799991607666016
60.85699987411499,61.09099984169006,0.23399996757507324
60.901999950408936,60.960999965667725,0.05900001525878906
60.901999950408936,61.09099984169006,0.18899989128112793
60.90299987792969,61.09099984169006,0.18799996376037598
60.906999826431274,61.09099984169006,0.18400001525878906
60.95199990272522,61.24899983406067,0.2969999313354492
60.95199990272522,61.24899983406067,0.2969999313354492
60.95299983024597,61.08999991416931,0.13700008392333984
60.95700001716614,61.09099984169006,0.13399982452392578
61.001999855041504,61.24899983406067,0.24699997901916504
61.001999855041504,61.24899983406067,0.24699997901916504
61.003000020980835,61.08999991416931,0.08699989318847656
61.00699996948242,61.09099984169006,0.0839998722076416
61.05199980735779,61.24899983406067,0.19700002670288086
61.05199980735779,61.24899983406067,0.19700002670288086
61.05299997329712,61.08999991416931,0.03699994087219238
61.056999921798706,61.24899983406067,0.1919999122619629
61.10199999809265,61.24899983406067,0.14699983596801758
61.10199999809265,61.24899983406067,0.14699983596801758
61.10199999809265,61.37599992752075,0.2739999294281006
61.10699987411499,61.24899983406067,0.1419999599456787
61.151999950408936,61.37599992752075,0.2239999771118164
61.151999950408936,61.37599992752075,0.2239999771118164
61.15299987792969,61.37599992752075,0.22300004959106445
61.156999826431274,61.24899983406067,0.09200000762939453
61.20199990272522,61.37599992752075,0.17400002479553223
61.20199990272522,61.37599992752075,0.17400002479553223
61.20299983024597,61.376999855041504,0.17400002479553223
61.20799994468689,61.24899983406067,0.0409998893737793
61.251999855041504,61.37599992752075,0.12400007247924805
61.251999855041504,61.37599992752075,0.12400007247924805
61.253000020980835,61.562999963760376,0.309999942779541
61.25699996948242,61.562999963760376,0.3059999942779541
61.30199980735779,61.37599992752075,0.07400012016296387
61.30199980735779,61.37599992752075,0.07400012016296387
61.30199980735779,61.562999963760376,0.2610001564025879
61.306999921798706,61.562999963760376,0.2560000419616699
61.35199999809265,61.562999963760376,0.2109999656677246
61.35199999809265,61.686999797821045,0.33499979972839355
61.3529999256134,61.562999963760376,0.21000003814697266
61.35799980163574,61.562999963760376,0.2050001621246338
61.401999950408936,61.686999797821045,0.2849998474121094
61.401999950408936,61.562999963760376,0.16100001335144043
61.40299987792969,61.562999963760376,0.16000008583068848
61.406999826431274,61.562999963760376,0.15600013732910156
61.45199990272522,61.562999963760376,0.11100006103515625
61.45199990272522,61.686999797821045,0.2349998950958252
61.45299983024597,61.686999797821045,0.23399996757507324
61.45700001716614,61.686999797821045,0.22999978065490723
61.501999855041504,61.562999963760376,0.06100010871887207
61.501999855041504,61.686999797821045,0.18499994277954102
61.503000020980835,61.686999797821045,0.18399977684020996
61.50699996948242,61.686999797821045,0.17999982833862305
61.55199980735779,61.85199999809265,0.3000001907348633
61.55199980735779,61.85199999809265,0.3000001907348633
61.55299997329712,61.686999797821045,0.13399982452392578
61.556999921798706,61.686999797821045,0.12999987602233887
61.60199999809265,61.85199999809265,0.25
61.60199999809265,61.85199999809265,0.25
61.6029999256134,61.686999797821045,0.0839998722076416
61.60799980163574,61.686999797821045,0.07899999618530273
61.651999950408936,61.85199999809265,0.20000004768371582
61.651999950408936,61.85199999809265,0.20000004768371582
61.65299987792969,61.98699998855591,0.3340001106262207
61.656999826431274,61.85199999809265,0.19500017166137695
61.70199990272522,61.85199999809265,0.15000009536743164
61.70199990272522,61.85199999809265,0.15000009536743164
61.70299983024597,61.98699998855591,0.2840001583099365
61.70700001716614,61.85199999809265,0.14499998092651367
61.751999855041504,61.98699998855591,0.2350001335144043
61.751999855041504,61.98799991607666,0.23600006103515625
61.753000020980835,61.98699998855591,0.23399996757507324
61.75699996948242,61.85199999809265,0.09500002861022949
61.80199980735779,61.98699998855591,0.18500018119812012
61.80199980735779,61.98799991607666,0.18600010871887207
61.80299997329712,61.98699998855591,0.18400001525878906
61.806999921798706,61.85199999809265,0.04500007629394531
61.85199999809265,61.98699998855591,0.13499999046325684
61.85199999809265,61.98799991607666,0.1359999179840088
61.85199999809265,62.17400002479553,0.32200002670288086
61.85799980163574,62.17400002479553,0.31600022315979004
61.901999950408936,61.98699998855591,0.08500003814697266
61.901999950408936,61.98799991607666,0.08599996566772461
61.90299987792969,62.17400002479553,0.2710001468658447
61.906999826431274,62.17400002479553,0.2670001983642578
61.95199990272522,62.17400002479553,0.2220001220703125
61.95199990272522,62.28999996185303,0.3380000591278076
61.95299983024597,62.17400002479553,0.22100019454956055
61.95700001716614,62.17400002479553,0.21700000762939453
62.001999855041504,62.17400002479553,0.17200016975402832
62.001999855041504,62.28999996185303,0.28800010681152344
62.003000020980835,62.17400002479553,0.17100000381469727
62.00699996948242,62.17400002479553,0.16700005531311035
62.05199980735779,62.17400002479553,0.12200021743774414
62.05199980735779,62.28999996185303,0.23800015449523926
62.05299997329712,62.17400002479553,0.12100005149841309
62.05799984931946,62.28999996185303,0.23200011253356934
62.10199999809265,62.17400002479553,0.07200002670288086
62.10199999809265,62.28999996185303,0.18799996376037598
62.1029999256134,62.28999996185303,0.18700003623962402
62.10699987411499,62.28999996185303,0.1830000877380371
62.151999950408936,62.454999923706055,0.30299997329711914
62.15299987792969,62.454999923706055,0.3020000457763672
62.15299987792969,62.28999996185303,0.13700008392333984
62.157999992370605,62.28999996185303,0.13199996948242188
62.20199990272522,62.454999923706055,0.25300002098083496
62.20199990272522,62.454999923706055,0.25300002098083496
62.20299983024597,62.28999996185303,0.08700013160705566
62.20700001716614,62.28999996185303,0.08299994468688965
62.251999855041504,62.454999923706055,0.20300006866455078
62.251999855041504,62.454999923706055,0.20300006866455078
62.253000020980835,62.58799982070923,0.33499979972839355
62.25699996948242,62.454999923706055,0.1979999542236328
62.30199980735779,62.454999923706055,0.1530001163482666
62.30199980735779,62.454999923706055,0.1530001163482666
62.30199980735779,62.58799982070923,0.28600001335144043
62.30799984931946,62.454999923706055,0.14700007438659668
62.35199999809265,62.58799982070923,0.23599982261657715
62.35199999809265,62.58799982070923,0.23599982261657715
62.3529999256134,62.58799982070923,0.2349998950958252
62.35799980163574,62.454999923706055,0.0970001220703125
62.401999950408936,62.58799982070923,0.18599987030029297
62.401999950408936,62.58799982070923,0.18599987030029297
62.40299987792969,62.58799982070923,0.18499994277954102
62.406999826431274,62.454999923706055,0.04800009727478027
62.45199990272522,62.58799982070923,0.1359999179840088
62.45199990272522,62.58799982070923,0.1359999179840088
62.45299983024597,62.58799982070923,0.13499999046325684
62.45700001716614,62.782999992370605,0.3259999752044678
62.501999855041504,62.58799982070923,0.08599996566772461
62.503000020980835,62.58799982070923,0.08499979972839355
62.503000020980835,62.782999992370605,0.2799999713897705
62.50699996948242,62.782999992370605,0.2760000228881836
62.55199980735779,62.782999992370605,0.23100018501281738
62.55199980735779,62.894999980926514,0.3430001735687256
62.55299997329712,62.782999992370605,0.23000001907348633
62.556999921798706,62.782999992370605,0.22600007057189941
62.60199999809265,62.782999992370605,0.1809999942779541
62.60199999809265,62.894999980926514,0.2929999828338623
62.6029999256134,62.782999992370605,0.18000006675720215
62.60699987411499,62.782999992370605,0.17600011825561523
62.651999950408936,62.782999992370605,0.13100004196166992
62.651999950408936,62.894999980926514,0.24300003051757812
62.65299987792969,62.782999992370605,0.13000011444091797
62.656999826431274,62.894999980926514,0.23800015449523926
62.70199990272522,62.782999992370605,0.08100008964538574
62.70199990272522,62.894999980926514,0.19300007820129395
62.70299983024597,62.894999980926514,0.192000150680542
62.70700001716614,62.894999980926514,0.18799996376037598
62.751999855041504,63.0939998626709,0.34200000762939453
62.751999855041504,63.0939998626709,0.34200000762939453
62.751999855041504,62.894999980926514,0.14300012588500977
62.75699996948242,62.894999980926514,0.1380000114440918
62.80199980735779,63.0939998626709,0.29200005531311035
62.80199980735779,63.0939998626709,0.29200005531311035
62.80299997329712,62.894999980926514,0.09200000762939453
62.806999921798706,62.894999980926514,0.08800005912780762
62.85199999809265,63.0939998626709,0.24199986457824707
62.85199999809265,62.894999980926514,0.042999982833862305
62.8529999256134,63.0939998626709,0.24099993705749512
62.85699987411499,63.0939998626709,0.2369999885559082
62.901999950408936,63.0939998626709,0.1919999122619629
62.901999950408936,63.0939998626709,0.1919999122619629
62.90299987792969,63.17799997329712,0.27500009536743164
62.906999826431274,63.0939998626709,0.18700003623962402
62.95199990272522,63.17799997329712,0.22600007057189941
62.95199990272522,63.17799997329712,0.22600007057189941
62.95299983024597,63.17799997329712,0.22500014305114746
62.95700001716614,63.0939998626709,0.13699984550476074
63.001999855041504,63.17799997329712,0.17600011825561523
63.001999855041504,63.17799997329712,0.17600011825561523
63.003000020980835,63.17799997329712,0.17499995231628418
63.007999897003174,63.0939998626709,0.08599996566772461
63.05199980735779,63.17799997329712,0.12600016593933105
63.05199980735779,63.17799997329712,0.12600016593933105
63.05199980735779,63.17799997329712,0.12600016593933105
63.056999921798706,63.37299990653992,0.31599998474121094
63.10199999809265,63.17799997329712,0.07599997520446777
63.1029999256134,63.17799997329712,0.07500004768371582
63.1029999256134,63.37299990653992,0.26999998092651367
63.10799980163574,63.37299990653992,0.2650001049041748
63.151999950408936,63.37399983406067,0.2219998836517334
63.151999950408936,63.503000020980835,0.3510000705718994
63.15299987792969,63.37299990653992,0.2200000286102295
63.156999826431274,63.37299990653992,0.21600008010864258
63.20199990272522,63.37399983406067,0.17199993133544922
63.20199990272522,63.503000020980835,0.30100011825561523
63.20299983024597,63.37299990653992,0.1700000762939453
63.20700001716614,63.37299990653992,0.1659998893737793
63.251999855041504,63.37399983406067,0.12199997901916504
63.251999855041504,63.503000020980835,0.25100016593933105
63.251999855041504,63.503000020980835,0.25100016593933105
63.25699996948242,63.503000020980835,0.24600005149841309
63.30199980735779,63.37399983406067,0.07200002670288086
63.30199980735779,63.503000020980835,0.20100021362304688
63.30299997329712,63.503000020980835,0.20000004768371582
63.306999921798706,63.503000020980835,0.1960000991821289
63.35199999809265,63.680999994277954,0.32899999618530273
63.35199999809265,63.503000020980835,0.1510000228881836
63.3529999256134,63.67999982833862,0.3269999027252197
63.35799980163574,63.503000020980835,0.14500021934509277
63.401999950408936,63.67999982833862,0.2779998779296875
63.401999950408936,63.67999982833862,0.2779998779296875
63.40299987792969,63.503000020980835,0.10000014305114746
63.406999826431274,63.503000020980835,0.09600019454956055
63.45199990272522,63.67999982833862,0.22799992561340332
63.45199990272522,63.67999982833862,0.22799992561340332
63.45299983024597,63.503000020980835,0.05000019073486328
63.45700001716614,63.67999982833862,0.22299981117248535
63.501999855041504,63.67999982833862,0.17799997329711914
63.501999855041504,63.67999982833862,0.17799997329711914
63.503000020980835,63.77899980545044,0.2759997844696045
63.507999897003174,63.67999982833862,0.17199993133544922
63.55199980735779,63.77899980545044,0.22699999809265137
63.55299997329712,63.77899980545044,0.2259998321533203
63.55299997329712,63.77899980545044,0.2259998321533203
63.556999921798706,63.67999982833862,0.12299990653991699
63.60199999809265,63.77899980545044,0.17699980735778809
63.60199999809265,63.77899980545044,0.17699980735778809
63.6029999256134,63.77899980545044,0.17599987983703613
63.60699987411499,63.67999982833862,0.07299995422363281
63.651999950408936,63.77899980545044,0.1269998550415039
63.65299987792969,63.77899980545044,0.12599992752075195
63.65299987792969,63.77899980545044,0.12599992752075195
63.656999826431274,63.98399996757507,0.32700014114379883
63.70199990272522,63.77899980545044,0.07699990272521973
63.70299983024597,63.77899980545044,0.07599997520446777
63.70299983024597,63.984999895095825,0.2820000648498535
63.70700001716614,63.98399996757507,0.27699995040893555
63.751999855041504,63.984999895095825,0.2330000400543213
63.751999855041504,64.10099983215332,0.3489999771118164
63.753000020980835,63.984999895095825,0.23199987411499023
63.75699996948242,63.98399996757507,0.22699999809265137
63.80199980735779,63.984999895095825,0.1830000877380371
63.80199980735779,64.10099983215332,0.2990000247955322
63.80199980735779,63.984999895095825,0.1830000877380371
63.806999921798706,63.98399996757507,0.1770000457763672
63.85199999809265,63.984999895095825,0.13299989700317383
63.8529999256134,64.10099983215332,0.247999906539917
63.8529999256134,64.10099983215332,0.247999906539917
63.85699987411499,63.98399996757507,0.127000093460083
63.901999950408936,63.984999895095825,0.08299994468688965
63.901999950408936,64.10099983215332,0.19899988174438477
63.90299987792969,64.10099983215332,0.1979999542236328
63.906999826431274,64.10099983215332,0.1940000057220459
63.95199990272522,64.30499982833862,0.3529999256134033
63.95199990272522,64.30499982833862,0.3529999256134033
63.95299983024597,64.10099983215332,0.14800000190734863
63.95700001716614,64.10099983215332,0.14399981498718262
64.0019998550415,64.30499982833862,0.30299997329711914
64.00300002098083,64.30499982833862,0.3019998073577881
64.00300002098083,64.10099983215332,0.09799981117248535
64.00699996948242,64.10099983215332,0.09399986267089844
64.05199980735779,64.30499982833862,0.25300002098083496
64.05199980735779,64.30499982833862,0.25300002098083496
64.05299997329712,64.10099983215332,0.04799985885620117
64.05799984931946,64.10099983215332,0.042999982833862305
64.10199999809265,64.30499982833862,0.20299983024597168
64.10199999809265,64.30499982833862,0.20299983024597168
64.1029999256134,64.60099983215332,0.497999906539917
64.10699987411499,64.30499982833862,0.1979999542236328
64.15199995040894,64.60099983215332,0.44899988174438477
64.15199995040894,64.60099983215332,0.44899988174438477
64.15299987792969,64.60099983215332,0.4479999542236328
64.15699982643127,64.30499982833862,0.14800000190734863
64.20199990272522,64.60099983215332,0.3989999294281006
64.20199990272522,64.60099983215332,0.3989999294281006
64.20299983024597,64.60099983215332,0.39800000190734863
64.20700001716614,64.30499982833862,0.09799981117248535
64.2519998550415,64.60099983215332,0.3489999771118164
64.2519998550415,64.60099983215332,0.3489999771118164
64.25300002098083,64.60099983215332,0.34799981117248535
64.25699996948242,65.02199983596802,0.7649998664855957
64.30199980735779,64.60099983215332,0.2990000247955322
64.30199980735779,64.60099983215332,0.2990000247955322
64.30299997329712,65.02199983596802,0.7189998626708984
64.30799984931946,65.02199983596802,0.7139999866485596
64.35199999809265,65.02199983596802,0.6699998378753662
64.35199999809265,65.12399983406067,0.7719998359680176
64.3529999256134,65.02199983596802,0.6689999103546143
64.35699987411499,65.02199983596802,0.6649999618530273
64.40199995040894,65.12399983406067,0.7219998836517334
64.40199995040894,65.12399983406067,0.7219998836517334
64.40299987792969,65.02199983596802,0.6189999580383301
64.40699982643127,65.02199983596802,0.6150000095367432
64.45199990272522,65.12399983406067,0.6719999313354492
64.45199990272522,65.12399983406067,0.6719999313354492
64.45299983024597,65.02199983596802,0.5690000057220459
64.45799994468689,65.02199983596802,0.5639998912811279
64.5019998550415,65.12399983406067,0.621999979019165
64.5019998550415,65.12399983406067,0.621999979019165
64.50300002098083,65.12399983406067,0.620999813079834
64.50799989700317,65.22899985313416,0.7209999561309814
64.55299997329712,65.12399983406067,0.5709998607635498
64.55299997329712,65.12399983406067,0.5709998607635498
64.55299997329712,65.12399983406067,0.5709998607635498
64.5569999217987,65.22899985313416,0.6719999313354492
64.60199999809265,65.12399983406067,0.5219998359680176
64.60199999809265,65.12399983406067,0.5219998359680176
64.6029999256134,65.12399983406067,0.5209999084472656
64.60699987411499,65.22899985313416,0.621999979019165
64.65299987792969,65.12399983406067,0.47099995613098145
64.65299987792969,65.12399983406067,0.47099995613098145
64.65299987792969,65.12399983406067,0.47099995613098145
64.65699982643127,65.22899985313416,0.5720000267028809
64.70199990272522,65.12399983406067,0.4219999313354492
64.70199990272522,65.12399983406067,0.4219999313354492
64.70299983024597,65.22899985313416,0.5260000228881836
64.70700001716614,65.22899985313416,0.5219998359680176
64.7519998550415,65.22899985313416,0.47699999809265137
64.75300002098083,65.12399983406067,0.370999813079834
64.75300002098083,65.22899985313416,0.4759998321533203
64.75699996948242,65.22899985313416,0.4719998836517334
64.80199980735779,65.12399983406067,0.32200002670288086
64.80199980735779,65.22899985313416,0.4270000457763672
64.80299997329712,65.22899985313416,0.42599987983703613
64.8069999217987,65.22899985313416,0.4219999313354492
64.85199999809265,65.22899985313416,0.3769998550415039
64.8529999256134,65.12399983406067,0.2709999084472656
64.8529999256134,65.22899985313416,0.37599992752075195
64.85699987411499,65.22899985313416,0.37199997901916504
64.90199995040894,65.12399983406067,0.2219998836517334
64.90199995040894,65.22899985313416,0.3269999027252197
64.90299987792969,65.22899985313416,0.3259999752044678
64.90699982643127,65.22899985313416,0.32200002670288086
64.95199990272522,65.12399983406067,0.17199993133544922
64.95199990272522,65.3069999217987,0.35500001907348633
64.95299983024597,65.22899985313416,0.2760000228881836
64.95700001716614,65.22899985313416,0.2719998359680176
65.0019998550415,65.3069999217987,0.30500006675720215
65.0019998550415,65.3069999217987,0.30500006675720215
65.00300002098083,65.22899985313416,0.2259998321533203
65.00699996948242,65.22899985313416,0.2219998836517334
65.05199980735779,65.3069999217987,0.25500011444091797
65.05199980735779,65.3069999217987,0.25500011444091797
65.05299997329712,65.22899985313416,0.17599987983703613
65.0569999217987,65.22899985313416,0.17199993133544922
65.10199999809265,65.3069999217987,0.2049999237060547
65.10199999809265,65.3069999217987,0.2049999237060547
65.1029999256134,65.50799989700317,0.4049999713897705
65.10799980163574,65.3069999217987,0.19900012016296387
65.15199995040894,65.3069999217987,0.1549999713897705
65.15299987792969,65.3069999217987,0.15400004386901855
65.15299987792969,65.50799989700317,0.35500001907348633
65.15699982643127,65.3069999217987,0.15000009536743164
65.20199990272522,65.50799989700317,0.3059999942779541
65.20299983024597,65.3069999217987,0.10400009155273438
65.20299983024597,65.50799989700317,0.30500006675720215
65.20799994468689,65.3069999217987,0.0989999771118164
65.2519998550415,65.3069999217987,0.05500006675720215
65.2519998550415,65.50799989700317,0.2560000419616699
65.25300002098083,65.50799989700317,0.25499987602233887
65.25699996948242,65.3069999217987,0.04999995231628418
65.30199980735779,65.50799989700317,0.20600008964538574
65.30299997329712,65.50799989700317,0.2049999237060547
65.30299997329712,65.69400000572205,0.39100003242492676
65.30799984931946,65.50799989700317,0.20000004768371582
65.35199999809265,65.50799989700317,0.15599989891052246
65.35199999809265,65.50799989700317,0.15599989891052246
65.3529999256134,65.69400000572205,0.3410000801086426
65.35699987411499,65.50799989700317,0.1510000228881836
65.40299987792969,65.50799989700317,0.10500001907348633
65.40299987792969,65.69400000572205,0.2910001277923584
65.40299987792969,65.69400000572205,0.2910001277923584
65.40699982643127,65.50799989700317,0.10100007057189941
65.45199990272522,65.50799989700317,0.0559999942779541
65.45199990272522,65.69400000572205,0.24200010299682617
65.45299983024597,65.69400000572205,0.24100017547607422
65.45799994468689,65.50799989700317,0.04999995231628418
65.5019998550415,65.69400000572205,0.192000150680542
65.50300002098083,65.98299980163574,0.4799997806549072
65.50300002098083,65.98299980163574,0.4799997806549072
65.50799989700317,65.69400000572205,0.18600010871887207
65.55199980735779,65.98299980163574,0.4309999942779541
65.55199980735779,65.98299980163574,0.4309999942779541
65.55299997329712,65.98299980163574,0.42999982833862305
65.5569999217987,65.69400000572205,0.13700008392333984
65.60199999809265,65.98299980163574,0.3809998035430908
65.60199999809265,65.98299980163574,0.3809998035430908
65.6029999256134,65.98299980163574,0.37999987602233887
65.60699987411499,65.69400000572205,0.08700013160705566
65.65199995040894,65.98299980163574,0.33099985122680664
65.65199995040894,65.98299980163574,0.33099985122680664
65.65299987792969,65.98299980163574,0.3299999237060547
65.65699982643127,65.69400000572205,0.037000179290771484
65.70199990272522,66.02999997138977,0.3280000686645508
65.70199990272522,65.98299980163574,0.28099989891052246
65.70299983024597,66.02999997138977,0.32700014114379883
65.70799994468689,65.98299980163574,0.27499985694885254
65.7519998550415,66.02999997138977,0.2780001163482666
65.7519998550415,65.98299980163574,0.23099994659423828
65.75300002098083,66.02999997138977,0.27699995040893555
65.75599980354309,65.98299980163574,0.22699999809265137
65.80199980735779,66.02999997138977,0.22800016403198242
65.80299997329712,66.02999997138977,0.22699999809265137
65.80299997329712,66.02999997138977,0.22699999809265137
65.8069999217987,65.98299980163574,0.17599987983703613
65.85199999809265,66.02999997138977,0.17799997329711914
65.8529999256134,66.02999997138977,0.1770000457763672
65.8529999256134,66.11299991607666,0.25999999046325684
65.85699987411499,65.98299980163574,0.12599992752075195
65.90199995040894,66.11299991607666,0.2109999656677246
65.90199995040894,66.02999997138977,0.12800002098083496
65.90299987792969,66.11299991607666,0.21000003814697266
65.9079999923706,66.11299991607666,0.2049999237060547
65.95199990272522,66.31499981880188,0.36299991607666016
65.95299983024597,66.11299991607666,0.16000008583068848
65.95299983024597,66.11299991607666,0.16000008583068848
65.95799994468689,66.11299991607666,0.1549999713897705
66.0019998550415,66.11299991607666,0.11100006103515625
66.0019998550415,66.51599979400635,0.5139999389648438
66.00300002098083,66.11299991607666,0.1099998950958252
66.00699996948242,66.11299991607666,0.10599994659423828
66.05199980735779,66.51599979400635,0.46399998664855957
66.05299997329712,66.11299991607666,0.059999942779541016
66.05299997329712,66.11299991607666,0.059999942779541016
66.0569999217987,66.11299991607666,0.0559999942779541
66.10199999809265,66.31499981880188,0.21299982070922852
66.10199999809265,66.51599979400635,0.4139997959136963
66.1029999256134,66.31399989128113,0.2109999656677246
66.10699987411499,66.31499981880188,0.20799994468688965
66.15299987792969,66.31499981880188,0.16199994087219238
66.15299987792969,66.51599979400635,0.36299991607666016
66.15299987792969,66.31399989128113,0.16100001335144043
66.15699982643127,66.31499981880188,0.15799999237060547
66.20199990272522,66.31499981880188,0.11299991607666016
66.20199990272522,66.51599979400635,0.31399989128112793
66.20299983024597,66.31399989128113,0.11100006103515625
66.20700001716614,66.31499981880188,0.10799980163574219
66.25300002098083,66.31499981880188,0.06199979782104492
66.25300002098083,66.51599979400635,0.2629997730255127
66.25300002098083,66.31399989128113,0.06099987030029297
66.25799989700317,66.31499981880188,0.056999921798706055
66.30199980735779,66.51599979400635,0.21399998664855957
66.30199980735779,66.70899987220764,0.4070000648498535
66.30299997329712,66.70899987220764,0.40599989891052246
66.3069999217987,66.51599979400635,0.2089998722076416
66.35199999809265,66.51599979400635,0.1639997959136963
66.35199999809265,66.70899987220764,0.35699987411499023
66.3529999256134,66.70899987220764,0.3559999465942383
66.35699987411499,66.51599979400635,0.15899991989135742
66.40199995040894,66.51599979400635,0.11399984359741211
66.40199995040894,66.70899987220764,0.30699992179870605
66.40299987792969,66.70899987220764,0.3059999942779541
66.40699982643127,66.51599979400635,0.10899996757507324
66.45199990272522,66.51599979400635,0.06399989128112793
66.45199990272522,66.70899987220764,0.2569999694824219
66.45299983024597,66.70899987220764,0.2560000419616699
66.45799994468689,66.51599979400635,0.05799984931945801
66.50300002098083,66.80099987983704,0.29799985885620117
66.50300002098083,66.80099987983704,0.29799985885620117
66.50300002098083,66.80099987983704,0.29799985885620117
66.50699996948242,66.70899987220764,0.20199990272521973
66.55199980735779,66.80099987983704,0.24900007247924805
66.55199980735779,66.80099987983704,0.24900007247924805
66.55299997329712,66.80099987983704,0.247999906539917
66.5569999217987,66.70899987220764,0.15199995040893555
66.6029999256134,66.80099987983704,0.1979999542236328
66.6029999256134,66.80099987983704,0.1979999542236328
66.6029999256134,66.80099987983704,0.1979999542236328
66.60799980163574,66.70899987220764,0.10100007057189941
66.65199995040894,66.80099987983704,0.14899992942810059
66.65199995040894,66.80099987983704,0.14899992942810059
66.65299987792969,66.80099987983704,0.14800000190734863
66.65699982643127,66.70899987220764,0.05200004577636719
66.70199990272522,66.9359998703003,0.23399996757507324
66.70199990272522,66.80099987983704,0.0989999771118164
66.70299983024597,66.9359998703003,0.2330000400543213
66.70700001716614,66.9359998703003,0.22899985313415527
66.7519998550415,66.9359998703003,0.18400001525878906
66.7519998550415,66.80099987983704,0.04900002479553223
66.75300002098083,66.9359998703003,0.182999849319458
66.75799989700317,66.9359998703003,0.17799997329711914
66.80199980735779,66.9359998703003,0.13400006294250488
66.80199980735779,67.12399983406067,0.32200002670288086
66.80299997329712,66.9359998703003,0.13299989700317383
66.80799984931946,66.9359998703003,0.12800002098083496
66.85199999809265,66.9359998703003,0.0839998722076416
66.8529999256134,67.12399983406067,0.2709999084472656
66.8529999256134,66.9359998703003,0.08299994468688965
66.85699987411499,66.9359998703003,0.07899999618530273
66.90199995040894,67.31299996376038,0.41100001335144043
66.90199995040894,67.12399983406067,0.2219998836517334
66.90299987792969,67.12399983406067,0.22099995613098145
66.90699982643127,67.12399983406067,0.21700000762939453
66.95199990272522,67.31299996376038,0.36100006103515625
66.95199990272522,67.12399983406067,0.17199993133544922
66.95299983024597,67.12399983406067,0.17100000381469727
66.95700001716614,67.12399983406067,0.16699981689453125
67.0019998550415,67.31299996376038,0.31100010871887207
67.0019998550415,67.31299996376038,0.31100010871887207
67.00300002098083,67.12399983406067,0.12099981307983398
67.00799989700317,67.12399983406067,0.11599993705749512
67.05199980735779,67.31299996376038,0.2610001564025879
67.05299997329712,67.31299996376038,0.25999999046325684
67.05299997329712,67.40399980545044,0.3509998321533203
67.0569999217987,67.12399983406067,0.06699991226196289
67.10199999809265,67.40399980545044,0.3019998073577881
67.1029999256134,67.31299996376038,0.21000003814697266
67.1029999256134,67.40399980545044,0.30099987983703613
67.10799980163574,67.31299996376038,0.2050001621246338
67.15199995040894,67.40399980545044,0.2519998550415039
67.15199995040894,67.31299996376038,0.16100001335144043
67.15299987792969,67.40399980545044,0.25099992752075195
67.15699982643127,67.31299996376038,0.15600013732910156
67.20199990272522,67.40399980545044,0.20199990272521973
67.20199990272522,67.40399980545044,0.20199990272521973
67.20299983024597,67.40399980545044,0.20099997520446777
67.20799994468689,67.31299996376038,0.10500001907348633
67.2519998550415,67.40399980545044,0.15199995040893555
67.25300002098083,67.60699987411499,0.3539998531341553
67.25300002098083,67.40399980545044,0.1509997844696045
67.25799989700317,67.31299996376038,0.05500006675720215
67.30199980735779,67.60699987411499,0.30500006675720215
67.30199980735779,67.40399980545044,0.10199999809265137
67.30299997329712,67.60699987411499,0.3039999008178711
67.3069999217987,67.60699987411499,0.2999999523162842
67.3529999256134,67.60699987411499,0.2539999485015869
67.3529999256134,67.40399980545044,0.05099987983703613
67.3529999256134,67.60699987411499,0.2539999485015869
67.35699987411499,67.60699987411499,0.25
67.40199995040894,67.60699987411499,0.2049999237060547
67.40199995040894,67.60699987411499,0.2049999237060547
67.40299987792969,67.60699987411499,0.20399999618530273
67.40699982643127,67.60699987411499,0.20000004768371582
67.45199990272522,67.60699987411499,0.1549999713897705
67.45199990272522,67.60699987411499,0.1549999713897705
67.45299983024597,67.60699987411499,0.15400004386901855
67.45799994468689,67.60699987411499,0.14899992942810059
67.5019998550415,67.73000001907349,0.22800016403198242
67.50300002098083,67.60699987411499,0.10399985313415527
67.50300002098083,67.73000001907349,0.22699999809265137
67.50699996948242,67.73000001907349,0.22300004959106445
67.55199980735779,67.73000001907349,0.17800021171569824
67.55199980735779,67.60699987411499,0.05500006675720215
67.55299997329712,67.73000001907349,0.1770000457763672
67.55799984931946,67.73000001907349,0.17200016975402832
67.60199999809265,67.73000001907349,0.12800002098083496
67.6029999256134,67.93999981880188,0.33699989318847656
67.6029999256134,67.73000001907349,0.127000093460083
67.60699987411499,67.73000001907349,0.1230001449584961
67.65199995040894,67.73000001907349,0.07800006866455078
67.65199995040894,67.93999981880188,0.28799986839294434
67.65299987792969,67.73000001907349,0.07700014114379883
67.6579999923706,67.73000001907349,0.07200002670288086
67.70199990272522,67.93999981880188,0.23799991607666016
67.70299983024597,67.93999981880188,0.2369999885559082
67.70299983024597,67.93999981880188,0.2369999885559082
67.70799994468689,67.93999981880188,0.23199987411499023
67.7519998550415,67.93999981880188,0.18799996376037598
67.75300002098083,67.93999981880188,0.18699979782104492
67.75300002098083,67.93999981880188,0.18699979782104492
67.75699996948242,67.93999981880188,0.182999849319458
67.80199980735779,67.93999981880188,0.1380000114440918
67.80199980735779,68.14599990844727,0.34400010108947754
67.80299997329712,67.93999981880188,0.13699984550476074
67.8069999217987,67.93999981880188,0.13299989700317383
67.85199999809265,67.93999981880188,0.08799982070922852
67.8529999256134,68.14699983596802,0.29399991035461426
67.8529999256134,67.93999981880188,0.08699989318847656
67.85699987411499,67.93999981880188,0.08299994468688965
67.90199995040894,68.3289999961853,0.4270000457763672
67.90199995040894,68.14699983596802,0.24499988555908203
67.90299987792969,68.14699983596802,0.24399995803833008
67.90699982643127,68.14699983596802,0.24000000953674316
67.95199990272522,68.3289999961853,0.377000093460083
67.95199990272522,68.14699983596802,0.19499993324279785
67.95299983024597,68.14699983596802,0.1940000057220459
67.95799994468689,68.14699983596802,0.18899989128112793
68.0019998550415,68.3289999961853,0.32700014114379883
68.0019998550415,68.3289999961853,0.32700014114379883
68.00399994850159,68.14699983596802,0.14299988746643066
68.00799989700317,68.14699983596802,0.13899993896484375
68.05199980735779,68.3289999961853,0.27700018882751465
68.05299997329712,68.3289999961853,0.2760000228881836
68.05299997329712,68.14699983596802,0.09399986267089844
68.0569999217987,68.14699983596802,0.08999991416931152
68.10199999809265,68.3289999961853,0.22699999809265137
68.1029999256134,68.3289999961853,0.22600007057189941
68.1029999256134,68.53699994087219,0.43400001525878906
68.10699987411499,68.3289999961853,0.2220001220703125
68.15199995040894,68.3289999961853,0.1770000457763672
68.15299987792969,68.3289999961853,0.17600011825561523
68.15299987792969,68.53699994087219,0.3840000629425049
68.15699982643127,68.3289999961853,0.17200016975402832
68.20199990272522,68.3289999961853,0.127000093460083
68.20199990272522,68.53699994087219,0.33500003814697266
68.20299983024597,68.53699994087219,0.3340001106262207
68.20799994468689,68.3289999961853,0.12100005149841309
68.25300002098083,68.3289999961853,0.07599997520446777
68.25300002098083,68.53699994087219,0.2839999198913574
68.25300002098083,68.53699994087219,0.2839999198913574
68.25699996948242,68.3289999961853,0.07200002670288086
68.30199980735779,68.53699994087219,0.2350001335144043
68.30199980735779,68.53699994087219,0.2350001335144043
68.30299997329712,68.61399984359741,0.31099987030029297
68.3069999217987,68.61399984359741,0.30699992179870605
68.35199999809265,68.53699994087219,0.18499994277954102
68.3529999256134,68.53699994087219,0.18400001525878906
68.3529999256134,68.61399984359741,0.2609999179840088
68.35799980163574,68.61399984359741,0.2560000419616699
68.40199995040894,68.53699994087219,0.13499999046325684
68.40199995040894,68.61399984359741,0.21199989318847656
68.40299987792969,68.61399984359741,0.2109999656677246
68.40699982643127,68.61399984359741,0.2070000171661377
68.45199990272522,68.61399984359741,0.16199994087219238
68.45299983024597,68.53699994087219,0.0840001106262207
68.45299983024597,68.61399984359741,0.16100001335144043
68.45799994468689,68.61399984359741,0.15599989891052246
68.5019998550415,68.73299980163574,0.23099994659423828
68.50300002098083,68.61399984359741,0.11099982261657715
68.50300002098083,68.73299980163574,0.22999978065490723
68.50699996948242,68.61399984359741,0.10699987411499023
68.55199980735779,68.61399984359741,0.06200003623962402
68.55299997329712,68.73299980163574,0.17999982833862305
68.55299997329712,68.73299980163574,0.17999982833862305
68.5569999217987,68.73299980163574,0.17599987983703613
68.60199999809265,68.73299980163574,0.13099980354309082
68.60199999809265,68.93499994277954,0.33299994468688965
68.6029999256134,68.73299980163574,0.12999987602233887
68.60699987411499,68.73299980163574,0.12599992752075195
68.65199995040894,68.73299980163574,0.08099985122680664
68.65299987792969,68.93499994277954,0.2820000648498535
68.65299987792969,68.73299980163574,0.07999992370605469
68.65699982643127,68.73299980163574,0.07599997520446777
68.70199990272522,68.93499994277954,0.2330000400543213
68.70199990272522,68.93499994277954,0.2330000400543213
68.70299983024597,68.93499994277954,0.23200011253356934
68.70700001716614,68.73299980163574,0.025999784469604492
68.7519998550415,68.93499994277954,0.1830000877380371
68.75300002098083,68.93499994277954,0.18199992179870605
68.75300002098083,68.93499994277954,0.18199992179870605
68.75799989700317,69.13399982452393,0.37599992752075195
68.80199980735779,69.13399982452393,0.3320000171661377
68.80299997329712,68.93499994277954,0.13199996948242188
68.80299997329712,68.93499994277954,0.13199996948242188
68.80799984931946,69.13399982452393,0.3259999752044678
68.85199999809265,68.93499994277954,0.08299994468688965
68.8529999256134,69.13399982452393,0.28099989891052246
68.8529999256134,68.93499994277954,0.0820000171661377
68.85699987411499,69.13399982452393,0.27699995040893555
68.90199995040894,69.13399982452393,0.23199987411499023
68.90299987792969,69.2170000076294,0.31400012969970703
68.90299987792969,69.13399982452393,0.23099994659423828
68.9079999923706,69.13399982452393,0.2259998321533203
68.95199990272522,69.2170000076294,0.2650001049041748
68.95199990272522,69.13399982452393,0.18199992179870605
68.9539999961853,69.13399982452393,0.17999982833862305
68.95799994468689,69.2170000076294,0.2590000629425049
69.00300002098083,69.2170000076294,0.21399998664855957
69.00300002098083,69.2170000076294,0.21399998664855957
69.00300002098083,69.13399982452393,0.13099980354309082
69.00699996948242,69.2170000076294,0.21000003814697266
69.05199980735779,69.2170000076294,0.16500020027160645
69.05199980735779,69.2170000076294,0.16500020027160645
69.05299997329712,69.13399982452393,0.08099985122680664
69.0569999217987,69.2170000076294,0.16000008583068848
69.1029999256134,69.33799982070923,0.2349998950958252
69.1029999256134,69.2170000076294,0.11400008201599121
69.1029999256134,69.33799982070923,0.2349998950958252
69.10799980163574,69.2170000076294,0.10900020599365234
69.15199995040894,69.33799982070923,0.18599987030029297
69.15199995040894,69.2170000076294,0.06500005722045898
69.15299987792969,69.33799982070923,0.18499994277954102
69.15699982643127,69.33799982070923,0.1809999942779541
69.20199990272522,69.5389997959137,0.33699989318847656
69.20299983024597,69.33799982070923,0.13499999046325684
69.20299983024597,69.33799982070923,0.13499999046325684
69.20700001716614,69.33799982070923,0.13099980354309082
69.2519998550415,69.33799982070923,0.08599996566772461
69.25300002098083,69.5389997959137,0.28599977493286133
69.25300002098083,69.33799982070923,0.08499979972839355
69.25699996948242,69.33799982070923,0.08099985122680664
69.30199980735779,69.5389997959137,0.2369999885559082
69.30199980735779,69.5389997959137,0.2369999885559082
69.30299997329712,69.5389997959137,0.23599982261657715
69.3069999217987,69.33799982070923,0.03099989891052246
69.3529999256134,69.5389997959137,0.18599987030029297
69.3529999256134,69.5389997959137,0.18599987030029297
69.3529999256134,69.5389997959137,0.18599987030029297
69.35699987411499,70.12399983406067,0.7669999599456787
69.40199995040894,69.5389997959137,0.13699984550476074
69.40199995040894,70.12399983406067,0.7219998836517334
69.40299987792969,69.5389997959137,0.1359999179840088
69.40699982643127,70.12399983406067,0.7170000076293945
69.45199990272522,70.12399983406067,0.6719999313354492
69.45299983024597,69.5389997959137,0.08599996566772461
69.45299983024597,69.5389997959137,0.08599996566772461
69.45700001716614,70.12399983406067,0.6669998168945312
69.5019998550415,70.12399983406067,0.621999979019165
69.50300002098083,70.12399983406067,0.620999813079834
69.50300002098083,69.5389997959137,0.03599977493286133
69.50799989700317,70.12399983406067,0.6159999370574951
69.55199980735779,70.12399983406067,0.5720000267028809
69.55299997329712,70.12399983406067,0.5709998607635498
69.55299997329712,71.55599999427795,2.003000020980835
69.5569999217987,70.12399983406067,0.5669999122619629
69.60199999809265,70.12399983406067,0.5219998359680176
69.60199999809265,71.55599999427795,1.9539999961853027
69.6029999256134,71.55599999427795,1.9530000686645508
69.60699987411499,70.12399983406067,0.5169999599456787
69.65199995040894,71.55599999427795,1.9040000438690186
69.65299987792969,70.12399983406067,0.47099995613098145
69.65299987792969,71.55599999427795,1.9030001163482666
69.65699982643127,70.12399983406067,0.46700000762939453
69.70199990272522,71.55599999427795,1.8540000915527344
69.70199990272522,71.55599999427795,1.8540000915527344
69.7039999961853,71.55599999427795,1.8519999980926514
69.70700001716614,70.12399983406067,0.41699981689453125
69.7519998550415,71.6489999294281,1.8970000743865967
69.75300002098083,71.55599999427795,1.8029999732971191
69.75300002098083,71.55599999427795,1.8029999732971191
69.75699996948242,71.6489999294281,1.8919999599456787
69.80199980735779,72.72599983215332,2.9240000247955322
69.80199980735779,71.6489999294281,1.8470001220703125
69.80299997329712,71.55599999427795,1.753000020980835
69.80799984931946,71.6489999294281,1.8410000801086426
69.85199999809265,72.72599983215332,2.873999834060669
69.85199999809265,71.6489999294281,1.7969999313354492
69.8529999256134,71.55599999427795,1.7030000686645508
69.85699987411499,71.6489999294281,1.7920000553131104
69.90199995040894,72.72599983215332,2.8239998817443848
69.90199995040894,71.6489999294281,1.746999979019165
69.90299987792969,72.72499990463257,2.822000026702881
69.9079999923706,71.6489999294281,1.7409999370574951
69.95199990272522,72.72599983215332,2.7739999294281006
69.95199990272522,71.6489999294281,1.6970000267028809
69.95299983024597,72.72499990463257,2.7720000743865967
69.95700001716614,71.6489999294281,1.691999912261963
70.00300002098083,72.72599983215332,2.7229998111724854
70.00300002098083,72.72499990463257,2.7219998836517334
70.00300002098083,72.72499990463257,2.7219998836517334
70.00799989700317,71.6489999294281,1.6410000324249268
70.05199980735779,72.72599983215332,2.6740000247955322
70.05199980735779,72.72499990463257,2.6730000972747803
70.05299997329712,72.72499990463257,2.671999931335449
70.0569999217987,71.6489999294281,1.5920000076293945
70.10199999809265,72.72499990463257,2.622999906539917
70.1029999256134,72.72599983215332,2.622999906539917
70.1029999256134,72.79099988937378,2.687999963760376
70.10699987411499,71.6489999294281,1.5420000553131104
70.15199995040894,72.72599983215332,2.5739998817443848
70.15299987792969,72.72499990463257,2.572000026702881
70.15399980545044,72.79099988937378,2.63700008392334
70.15699982643127,72.79199981689453,2.634999990463257
70.20199990272522,72.79199981689453,2.5899999141693115
70.20299983024597,72.72499990463257,2.5220000743865967
70.20299983024597,72.79099988937378,2.5880000591278076
70.20799994468689,72.79199981689453,2.5839998722076416
70.2519998550415,72.72599983215332,2.4739999771118164
70.25300002098083,72.79199981689453,2.5389997959136963
70.25300002098083,72.79099988937378,2.5379998683929443
70.25699996948242,72.79199981689453,2.5349998474121094
70.30199980735779,72.79199981689453,2.490000009536743
70.30299997329712,72.72599983215332,2.422999858856201
70.30299997329712,72.79099988937378,2.48799991607666
70.3069999217987,72.79199981689453,2.484999895095825
70.35199999809265,72.72599983215332,2.373999834060669
70.3529999256134,72.79199981689453,2.438999891281128
70.3529999256134,72.79099988937378,2.437999963760376
70.35799980163574,72.79199981689453,2.434000015258789
70.40199995040894,72.72599983215332,2.3239998817443848
70.40199995040894,72.79199981689453,2.3899998664855957
70.40299987792969,72.79099988937378,2.388000011444092
70.4079999923706,72.79199981689453,2.383999824523926
70.45199990272522,72.79199981689453,2.3399999141693115
70.45299983024597,72.72599983215332,2.2730000019073486
70.45299983024597,72.79099988937378,2.3380000591278076
70.45700001716614,72.79199981689453,2.3349997997283936
70.5019998550415,72.72499990463257,2.2230000495910645
70.50300002098083,72.79199981689453,2.2889997959136963
70.50399994850159,72.79099988937378,2.2869999408721924
70.50699996948242,72.79199981689453,2.2849998474121094
70.55199980735779,72.79199981689453,2.240000009536743
70.55299997329712,72.72599983215332,2.172999858856201
70.55299997329712,72.79099988937378,2.23799991607666
70.5569999217987,72.79199981689453,2.234999895095825
70.60199999809265,72.72499990463257,2.122999906539917
70.6029999256134,72.79199981689453,2.188999891281128
70.60399985313416,72.79099988937378,2.187000036239624
70.60799980163574,72.79199981689453,2.184000015258789
70.65199995040894,72.79199981689453,2.1399998664855957
70.65299987792969,72.72499990463257,2.072000026702881
70.65299987792969,72.79099988937378,2.138000011444092
70.6579999923706,72.79199981689453,2.133999824523926
70.70199990272522,72.72499990463257,2.0230000019073486
70.70299983024597,72.79199981689453,2.0889999866485596
70.70299983024597,72.79099988937378,2.0880000591278076
70.70700001716614,72.79199981689453,2.0849997997283936
70.7519998550415,72.79199981689453,2.0399999618530273
70.75300002098083,72.72499990463257,1.9719998836517334
70.75300002098083,72.79099988937378,2.0379998683929443
70.75699996948242,72.79199981689453,2.0349998474121094
70.80199980735779,72.72499990463257,1.9230000972747803
70.80199980735779,72.79199981689453,1.9900000095367432
70.80299997329712,72.79099988937378,1.9879999160766602
70.80799984931946,72.79199981689453,1.9839999675750732
70.85199999809265,72.79199981689453,1.9399998188018799
70.8529999256134,72.72499990463257,1.871999979019165
70.8529999256134,72.79099988937378,1.937999963760376
70.85699987411499,72.79199981689453,1.934999942779541
70.90199995040894,72.72499990463257,1.8229999542236328
70.90199995040894,72.79199981689453,1.8899998664855957
70.90399980545044,72.79099988937378,1.8870000839233398
70.9079999923706,72.79199981689453,1.8839998245239258
70.95199990272522,72.72499990463257,1.7730000019073486
70.95299983024597,72.79199981689453,1.8389999866485596
70.95299983024597,72.79099988937378,1.8380000591278076
70.95799994468689,72.79199981689453,1.8339998722076416
71.0019998550415,72.72499990463257,1.7230000495910645
71.0019998550415,72.79199981689453,1.7899999618530273
71.00300002098083,72.79099988937378,1.7879998683929443
71.00699996948242,72.79199981689453,1.7849998474121094
71.05199980735779,72.72499990463257,1.6730000972747803
71.05199980735779,72.79199981689453,1.7400000095367432
71.05299997329712,72.79099988937378,1.7379999160766602
71.0569999217987,72.79199981689453,1.7349998950958252
71.10199999809265,72.79199981689453,1.6899998188018799
71.1029999256134,72.72499990463257,1.621999979019165
71.1029999256134,72.79099988937378,1.687999963760376
71.10699987411499,72.79199981689453,1.684999942779541
71.15199995040894,72.72499990463257,1.5729999542236328
71.15299987792969,72.79199981689453,1.6389999389648438
71.15299987792969,72.79099988937378,1.6380000114440918
71.15699982643127,72.79199981689453,1.6349999904632568
71.20199990272522,72.79199981689453,1.5899999141693115
71.20299983024597,72.72499990463257,1.5220000743865967
71.20299983024597,72.79099988937378,1.5880000591278076
71.20700001716614,72.79199981689453,1.5849997997283936
71.2519998550415,72.72499990463257,1.4730000495910645
71.2519998550415,72.79199981689453,1.5399999618530273
71.25300002098083,72.79099988937378,1.5379998683929443
71.25699996948242,72.79199981689453,1.5349998474121094
71.30299997329712,72.72499990463257,1.4219999313354492
71.30299997329712,72.79199981689453,1.488999843597412
71.30299997329712,72.79099988937378,1.4879999160766602
71.30799984931946,72.79199981689453,1.4839999675750732
71.35199999809265,72.72499990463257,1.372999906539917
71.35199999809265,72.79199981689453,1.4399998188018799
71.35399985313416,72.79099988937378,1.437000036239624
71.35799980163574,73.04900002479553,1.69100022315979
71.40299987792969,72.72499990463257,1.3220000267028809
71.40299987792969,72.79199981689453,1.3889999389648438
71.40299987792969,72.79099988937378,1.3880000114440918
71.40699982643127,73.04900002479553,1.6420001983642578
71.45199990272522,72.72499990463257,1.2730000019073486
71.45199990272522,72.79199981689453,1.3399999141693115
71.45299983024597,72.79099988937378,1.3380000591278076
71.45799994468689,73.04900002479553,1.5910000801086426
71.5019998550415,72.79099988937378,1.2890000343322754
71.50300002098083,72.72499990463257,1.2219998836517334
71.50300002098083,72.79099988937378,1.2879998683929443
71.50699996948242,73.04900002479553,1.5420000553131104
71.55199980735779,72.79199981689453,1.2400000095367432
71.55299997329712,72.79099988937378,1.2379999160766602
71.55299997329712,72.79099988937378,1.2379999160766602
71.5569999217987,73.04900002479553,1.4920001029968262
71.60199999809265,72.79099988937378,1.188999891281128
71.6029999256134,72.79199981689453,1.188999891281128
71.6029999256134,72.79099988937378,1.187999963760376
71.60699987411499,73.04900002479553,1.442000150680542
71.65199995040894,72.79199981689453,1.1399998664855957
71.65299987792969,72.79099988937378,1.1380000114440918
71.65399980545044,72.79099988937378,1.1370000839233398
71.65699982643127,73.04900002479553,1.3920001983642578
71.70199990272522,72.79099988937378,1.0889999866485596
71.70299983024597,73.04900002479553,1.3460001945495605
71.70299983024597,73.04900002479553,1.3460001945495605
71.70799994468689,73.04900002479553,1.3410000801086426
71.75300002098083,73.04900002479553,1.2960000038146973
71.75300002098083,72.79099988937378,1.0379998683929443
71.75399994850159,73.04900002479553,1.2950000762939453
71.75699996948242,73.04900002479553,1.2920000553131104
71.80199980735779,73.04900002479553,1.2470002174377441
71.80199980735779,72.79099988937378,0.9890000820159912
71.80299997329712,73.04900002479553,1.246000051498413
71.80799984931946,73.04900002479553,1.2410001754760742
71.85199999809265,73.09299993515015,1.2409999370574951
71.85199999809265,72.79199981689453,0.9399998188018799
71.85399985313416,73.04900002479553,1.195000171661377
71.85699987411499,73.0920000076294,1.2350001335144043
71.90299987792969,73.09299993515015,1.190000057220459
71.90299987792969,72.79099988937378,0.8880000114440918
71.90299987792969,73.04900002479553,1.1460001468658447
71.90699982643127,73.0920000076294,1.1850001811981201
71.95199990272522,72.79099988937378,0.8389999866485596
71.95299983024597,73.09299993515015,1.1400001049041748
71.95299983024597,73.04900002479553,1.0960001945495605
71.95700001716614,73.0920000076294,1.1349999904632568
72.00300002098083,73.09299993515015,1.0899999141693115
72.00300002098083,72.79099988937378,0.7879998683929443
72.00300002098083,73.04900002479553,1.0460000038146973
72.00799989700317,73.0920000076294,1.0840001106262207
72.05199980735779,73.09299993515015,1.0410001277923584
72.05299997329712,72.79099988937378,0.7379999160766602
72.05299997329712,73.04900002479553,0.9960000514984131
72.0569999217987,73.0920000076294,1.0350000858306885
72.10199999809265,73.09299993515015,0.9909999370574951
72.10199999809265,72.79099988937378,0.6889998912811279
72.10399985313416,73.04900002479553,0.945000171661377
72.10799980163574,73.0920000076294,0.9840002059936523
72.15299987792969,73.09299993515015,0.940000057220459
72.15299987792969,72.79099988937378,0.6380000114440918
72.15299987792969,73.04900002479553,0.8960001468658447
72.1579999923706,73.0920000076294,0.9340000152587891
72.20199990272522,73.09299993515015,0.8910000324249268
72.20199990272522,73.0920000076294,0.8900001049041748
72.2039999961853,73.04900002479553,0.8450000286102295
72.20799994468689,73.0920000076294,0.8840000629425049
72.2519998550415,73.0920000076294,0.8400001525878906
72.25300002098083,73.09299993515015,0.8399999141693115
72.25300002098083,73.04900002479553,0.7960000038146973
72.25699996948242,73.0920000076294,0.8350000381469727
72.30299997329712,73.09299993515015,0.7899999618530273
72.30299997329712,73.0920000076294,0.7890000343322754
72.30299997329712,73.04900002479553,0.7460000514984131
72.3069999217987,73.0920000076294,0.7850000858306885
72.35199999809265,73.09299993515015,0.7409999370574951
72.35199999809265,73.0920000076294,0.7400000095367432
72.3529999256134,73.04900002479553,0.6960000991821289
72.35699987411499,73.0920000076294,0.7350001335144043
72.40299987792969,73.09299993515015,0.690000057220459
72.40299987792969,73.0920000076294,0.689000129699707
72.40299987792969,73.04900002479553,0.6460001468658447
72.40699982643127,73.0920000076294,0.6850001811981201
72.45199990272522,73.09299993515015,0.6410000324249268
72.45199990272522,73.0920000076294,0.6400001049041748
72.45299983024597,73.04900002479553,0.5960001945495605
72.45700001716614,73.0920000076294,0.6349999904632568
72.50300002098083,73.09299993515015,0.5899999141693115
72.50300002098083,73.0920000076294,0.5889999866485596
72.50300002098083,73.04900002479553,0.5460000038146973
72.50799989700317,73.0920000076294,0.5840001106262207
72.55199980735779,73.0920000076294,0.5400002002716064
72.55299997329712,73.09299993515015,0.5399999618530273
72.55399990081787,73.04900002479553,0.49500012397766113
72.5569999217987,73.0920000076294,0.5350000858306885
72.60199999809265,73.09299993515015,0.4909999370574951
72.6029999256134,73.0920000076294,0.4890000820159912
72.6029999256134,73.12899994850159,0.5260000228881836
72.60699987411499,73.0920000076294,0.4850001335144043
72.65199995040894,73.0920000076294,0.440000057220459
72.65299987792969,73.12899994850159,0.4760000705718994
72.65399980545044,73.12899994850159,0.47500014305114746
72.65699982643127,73.12899994850159,0.4720001220703125
72.70299983024597,73.12899994850159,0.42600011825561523
72.70299983024597,73.15299987792969,0.4500000476837158
72.70299983024597,73.12899994850159,0.42600011825561523
72.70799994468689,73.12899994850159,0.42100000381469727
72.7519998550415,73.12899994850159,0.377000093460083
72.75300002098083,73.15299987792969,0.39999985694885254
72.75300002098083,73.12899994850159,0.37599992752075195
72.75699996948242,73.12899994850159,0.37199997901916504
72.80199980735779,73.42799997329712,0.626000165939331
72.80299997329712,73.12899994850159,0.3259999752044678
72.80299997329712,73.15299987792969,0.34999990463256836
72.80799984931946,73.12899994850159,0.3210000991821289
72.85199999809265,73.15299987792969,0.30099987983703613
72.8529999256134,73.42799997329712,0.5750000476837158
72.8529999256134,73.15299987792969,0.2999999523162842
72.85799980163574,73.12899994850159,0.2710001468658447
72.90199995040894,73.42799997329712,0.5260000228881836
72.90299987792969,73.15299987792969,0.25
72.90399980545044,73.15299987792969,0.24900007247924805
72.9079999923706,73.25399994850159,0.34599995613098145
72.95199990272522,73.42799997329712,0.4760000705718994
72.95299983024597,73.15299987792969,0.20000004768371582
72.95299983024597,73.15299987792969,0.20000004768371582
72.95700001716614,73.25300002098083,0.29600000381469727
73.0019998550415,73.15299987792969,0.1510000228881836
73.0019998550415,73.42799997329712,0.42600011825561523
73.00399994850159,73.25399994850159,0.25
73.00699996948242,73.25300002098083,0.24600005149841309
73.05299997329712,73.25300002098083,0.20000004768371582
73.05299997329712,73.25399994850159,0.20099997520446777
73.05799984931946,73.25399994850159,0.1960000991821289
73.07200002670288,73.42799997329712,0.3559999465942383
73.10199999809265,73.25300002098083,0.1510000228881836
73.10199999809265,73.42799997329712,0.3259999752044678
73.10399985313416,73.25399994850159,0.15000009536743164
73.10799980163574,73.42799997329712,0.32000017166137695
73.15299987792969,73.25300002098083,0.10000014305114746
73.15299987792969,73.25399994850159,0.10100007057189941
73.1579999923706,73.42799997329712,0.26999998092651367
73.20199990272522,73.25300002098083,0.051000118255615234
73.2039999961853,73.42799997329712,0.2239999771118164
73.2059998512268,73.42799997329712,0.2220001220703125
73.20700001716614,73.42799997329712,0.22099995613098145
73.24000000953674,73.58699989318848,0.3469998836517334
73.2519998550415,73.58699989318848,0.33500003814697266
73.2519998550415,73.58699989318848,0.33500003814697266
73.25300002098083,73.42799997329712,0.17499995231628418
73.25699996948242,73.42799997329712,0.17100000381469727
73.30199980735779,73.58699989318848,0.2850000858306885
73.30299997329712,73.58699989318848,0.2839999198913574
73.30399990081787,73.42799997329712,0.12400007247924805
73.3069999217987,73.58699989318848,0.2799999713897705
73.35199999809265,73.58699989318848,0.2349998950958252
73.35199999809265,73.58699989318848,0.2349998950958252
73.3529999256134,73.42799997329712,0.07500004768371582
73.35799980163574,73.58699989318848,0.22900009155273438
73.40199995040894,73.58699989318848,0.18499994277954102
73.40299987792969,73.58699989318848,0.18400001525878906
73.40399980545044,73.69799995422363,0.29400014877319336
73.4079999923706,73.58699989318848,0.1789999008178711
73.45199990272522,73.69799995422363,0.24600005149841309
73.45299983024597,73.85799980163574,0.4049999713897705
73.45299983024597,73.69799995422363,0.24500012397766113
73.45700001716614,73.58699989318848,0.12999987602233887
73.5019998550415,73.85799980163574,0.3559999465942383
73.50300002098083,73.69799995422363,0.19499993324279785
73.50300002098083,73.69799995422363,0.19499993324279785
73.50699996948242,73.69799995422363,0.19099998474121094
73.55199980735779,73.69799995422363,0.14600014686584473
73.55299997329712,73.85799980163574,0.30499982833862305
73.55299997329712,73.69799995422363,0.14499998092651367
73.55799984931946,73.69799995422363,0.1400001049041748
73.6029999256134,73.69799995422363,0.09500002861022949
73.6029999256134,73.85799980163574,0.25499987602233887
73.6029999256134,73.85799980163574,0.25499987602233887
73.60699987411499,73.69799995422363,0.09100008010864258
73.65199995040894,73.85799980163574,0.20599985122680664
73.65199995040894,73.85799980163574,0.20599985122680664
73.65299987792969,73.85799980163574,0.2049999237060547
73.65699982643127,73.69799995422363,0.0410001277923584
73.70299983024597,73.85799980163574,0.1549999713897705
73.70299983024597,73.85799980163574,0.1549999713897705
73.70299983024597,73.85799980163574,0.1549999713897705
73.70700001716614,74.03099989891052,0.32399988174438477
73.7519998550415,73.85799980163574,0.10599994659423828
73.75300002098083,73.85799980163574,0.10499978065490723
73.75300002098083,73.85799980163574,0.10499978065490723
73.75799989700317,74.03099989891052,0.27300000190734863
73.80199980735779,73.85799980163574,0.0559999942779541
73.80299997329712,74.03099989891052,0.22799992561340332
73.80299997329712,74.03099989891052,0.22799992561340332
73.80599999427795,74.03099989891052,0.22499990463256836
73.8529999256134,74.18899989128113,0.3359999656677246
73.8529999256134,74.03099989891052,0.17799997329711914
73.8529999256134,74.03099989891052,0.17799997329711914
73.85799980163574,74.03099989891052,0.17300009727478027
73.90199995040894,74.18899989128113,0.2869999408721924
73.90199995040894,74.03099989891052,0.12899994850158691
73.90299987792969,74.03099989891052,0.12800002098083496
73.90699982643127,74.18899989128113,0.2820000648498535
73.95299983024597,74.18899989128113,0.23600006103515625
73.95299983024597,74.03099989891052,0.07800006866455078
73.95299983024597,74.03099989891052,0.07800006866455078
73.95799994468689,74.18899989128113,0.23099994659423828
74.0019998550415,74.28999996185303,0.28800010681152344
74.0019998550415,74.18899989128113,0.18700003623962402
74.00300002098083,74.28999996185303,0.2869999408721924
74.00699996948242,74.18899989128113,0.18199992179870605
74.05199980735779,74.18899989128113,0.13700008392333984
74.05299997329712,74.28999996185303,0.2369999885559082
74.05299997329712,74.28999996185303,0.2369999885559082
74.0569999217987,74.18899989128113,0.13199996948242188
74.10199999809265,74.28999996185303,0.18799996376037598
74.1029999256134,74.18899989128113,0.08599996566772461
74.1029999256134,74.28999996185303,0.18700003623962402
74.10799980163574,74.28999996185303,0.18200016021728516
74.15199995040894,74.18899989128113,0.03699994087219238
74.15299987792969,74.28999996185303,0.13700008392333984
74.15399980545044,74.28999996185303,0.1360001564025879
74.15699982643127,74.28999996185303,0.13300013542175293
74.20299983024597,74.28999996185303,0.08700013160705566
74.20299983024597,74.46199989318848,0.2590000629425049
74.20299983024597,74.46199989318848,0.2590000629425049
74.20799994468689,74.28999996185303,0.0820000171661377
74.2519998550415,74.46199989318848,0.21000003814697266
74.2519998550415,74.46199989318848,0.21000003814697266
74.25399994850159,74.46199989318848,0.20799994468688965
74.25699996948242,74.28999996185303,0.03299999237060547
74.30299997329712,74.46199989318848,0.15899991989135742
74.30299997329712,74.46199989318848,0.15899991989135742
74.30299997329712,74.46199989318848,0.15899991989135742
74.30799984931946,74.63899993896484,0.33100008964538574
74.35199999809265,74.46199989318848,0.1099998950958252
74.3529999256134,74.46199989318848,0.10899996757507324
74.3529999256134,74.46199989318848,0.10899996757507324
74.35799980163574,74.63899993896484,0.28100013732910156
74.40199995040894,74.63899993896484,0.2369999885559082
74.40299987792969,74.46199989318848,0.05900001525878906
74.40299987792969,74.63899993896484,0.23600006103515625
74.40699982643127,74.63899993896484,0.23200011253356934
74.45199990272522,74.79299998283386,0.3410000801086426
74.45299983024597,74.63899993896484,0.18600010871887207
74.45299983024597,74.63899993896484,0.18600010871887207
74.45700001716614,74.63899993896484,0.18199992179870605
74.5019998550415,74.63899993896484,0.13700008392333984
74.50300002098083,74.79299998283386,0.28999996185302734
74.50300002098083,74.63899993896484,0.1359999179840088
74.50699996948242,74.79299998283386,0.28600001335144043
74.55299997329712,74.79299998283386,0.24000000953674316
74.55299997329712,74.63899993896484,0.08599996566772461
74.55299997329712,74.63899993896484,0.08599996566772461
74.55799984931946,74.79299998283386,0.2350001335144043
74.6029999256134,74.79299998283386,0.19000005722045898
74.6029999256134,74.79299998283386,0.19000005722045898
74.60399985313416,74.63899993896484,0.03500008583068848
74.60699987411499,74.79299998283386,0.18600010871887207
74.65199995040894,74.89599990844727,0.24399995803833008
74.65299987792969,74.79299998283386,0.1400001049041748
74.65299987792969,74.89599990844727,0.24300003051757812
74.65699982643127,74.79299998283386,0.1360001564025879
74.70199990272522,74.79299998283386,0.09100008010864258
74.70299983024597,74.89599990844727,0.19300007820129395
74.70299983024597,74.89599990844727,0.19300007820129395
74.70700001716614,74.89599990844727,0.18899989128112793
74.7519998550415,74.89599990844727,0.14400005340576172
74.75300002098083,74.79299998283386,0.039999961853027344
74.75300002098083,74.89599990844727,0.14299988746643066
74.75799989700317,74.89599990844727,0.1380000114440918
74.80299997329712,74.89599990844727,0.09299993515014648
74.80299997329712,75.06699991226196,0.26399993896484375
74.80299997329712,74.89599990844727,0.09299993515014648
74.8069999217987,74.89599990844727,0.08899998664855957
74.85199999809265,75.06699991226196,0.21499991416931152
74.85199999809265,75.06699991226196,0.21499991416931152
74.8529999256134,75.06699991226196,0.21399998664855957
74.85799980163574,74.89599990844727,0.03800010681152344
74.90299987792969,75.06699991226196,0.1640000343322754
74.90299987792969,75.06699991226196,0.1640000343322754
74.90399980545044,75.06699991226196,0.16300010681152344
74.90699982643127,77.26199984550476,2.3550000190734863
74.95199990272522,75.06699991226196,0.11500000953674316
74.95199990272522,77.26199984550476,2.309999942779541
74.95299983024597,75.06699991226196,0.11400008201599121
74.95700001716614,77.26199984550476,2.304999828338623
75.00300002098083,75.06699991226196,0.06399989128112793
75.00300002098083,77.26199984550476,2.258999824523926
75.00399994850159,77.26199984550476,2.257999897003174
75.00699996948242,77.26199984550476,2.254999876022339
75.05199980735779,78.02499985694885,2.9730000495910645
75.05199980735779,77.26199984550476,2.2100000381469727
75.05299997329712,77.26199984550476,2.2089998722076416
75.0569999217987,77.26199984550476,2.2049999237060547
75.1029999256134,78.02499985694885,2.921999931335449
75.1029999256134,77.26199984550476,2.1589999198913574
75.10399985313416,77.26199984550476,2.1579999923706055
75.10799980163574,78.02499985694885,2.9170000553131104
75.15199995040894,77.26199984550476,2.109999895095825
75.15299987792969,78.02499985694885,2.871999979019165
75.15299987792969,77.26199984550476,2.1089999675750732
75.1579999923706,78.02499985694885,2.866999864578247
75.20299983024597,78.02499985694885,2.822000026702881
75.20299983024597,79.31599998474121,4.113000154495239
75.20299983024597,78.02499985694885,2.822000026702881
75.20700001716614,78.02499985694885,2.817999839782715
75.25300002098083,78.02499985694885,2.7719998359680176
75.25300002098083,79.31599998474121,4.062999963760376
75.25399994850159,78.02499985694885,2.7709999084472656
75.25799989700317,78.02499985694885,2.7669999599456787
75.30199980735779,78.02499985694885,2.7230000495910645
75.30199980735779,79.31599998474121,4.014000177383423
75.30299997329712,78.02499985694885,2.7219998836517334
75.3069999217987,79.31699991226196,4.009999990463257
75.3529999256134,78.02499985694885,2.671999931335449
75.3529999256134,79.31599998474121,3.9630000591278076
75.35399985313416,78.02499985694885,2.6710000038146973
75.35799980163574,79.31699991226196,3.9590001106262207
75.40199995040894,79.31599998474121,3.9140000343322754
75.40299987792969,78.02499985694885,2.621999979019165
75.40299987792969,78.02499985694885,2.621999979019165
75.4079999923706,79.31699991226196,3.9089999198913574
75.45199990272522,78.02499985694885,2.572999954223633
75.45299983024597,79.31599998474121,3.8630001544952393
75.45299983024597,79.31699991226196,3.864000082015991
75.45700001716614,79.31699991226196,3.859999895095825
75.50300002098083,78.02499985694885,2.5219998359680176
75.50300002098083,79.31599998474121,3.812999963760376
75.50300002098083,79.31699991226196,3.813999891281128
75.50699996948242,79.31699991226196,3.809999942779541
75.55199980735779,78.02499985694885,2.4730000495910645
75.55299997329712,79.31599998474121,3.763000011444092
75.55299997329712,79.31699991226196,3.7639999389648438
75.5569999217987,79.31699991226196,3.759999990463257
75.6029999256134,78.02499985694885,2.421999931335449
75.6029999256134,79.31599998474121,3.7130000591278076
75.6029999256134,79.31699991226196,3.7139999866485596
75.60699987411499,79.31699991226196,3.7100000381469727
75.65199995040894,79.31599998474121,3.6640000343322754
75.65299987792969,78.02499985694885,2.371999979019165
75.65299987792969,79.31699991226196,3.6640000343322754
75.6579999923706,79.31699991226196,3.6589999198913574
75.70199990272522,78.02499985694885,2.322999954223633
75.70299983024597,79.31599998474121,3.6130001544952393
75.7039999961853,79.31699991226196,3.61299991607666
75.70700001716614,79.31699991226196,3.609999895095825
75.7519998550415,79.31599998474121,3.564000129699707
75.75300002098083,78.02499985694885,2.2719998359680176
75.75300002098083,79.31699991226196,3.563999891281128
75.75699996948242,79.31699991226196,3.559999942779541
75.80199980735779,79.76699995994568,3.9650001525878906
75.80299997329712,79.31599998474121,3.513000011444092
75.80399990081787,79.31699991226196,3.513000011444092
75.8069999217987,79.31699991226196,3.509999990463257
75.85199999809265,79.31599998474121,3.4639999866485596
75.8529999256134,79.76699995994568,3.9140000343322754
75.8529999256134,79.31699991226196,3.4639999866485596
75.85699987411499,79.31699991226196,3.4600000381469727
75.90299987792969,79.76699995994568,3.864000082015991
75.90299987792969,79.31599998474121,3.4130001068115234
75.90399980545044,79.31699991226196,3.4130001068115234
75.90699982643127,79.31699991226196,3.4100000858306885
75.95199990272522,79.76699995994568,3.815000057220459
75.95299983024597,79.31599998474121,3.3630001544952393
75.95299983024597,79.31699991226196,3.364000082015991
75.95799994468689,79.31699991226196,3.3589999675750732
76.0019998550415,79.31599998474121,3.314000129699707
76.00300002098083,79.76699995994568,3.7639999389648438
76.00399994850159,79.31699991226196,3.312999963760376
76.00699996948242,79.31699991226196,3.309999942779541
76.05299997329712,79.76699995994568,3.7139999866485596
76.05299997329712,79.31599998474121,3.263000011444092
76.05299997329712,79.31699991226196,3.2639999389648438
76.0569999217987,79.31699991226196,3.259999990463257
76.10199999809265,79.76699995994568,3.6649999618530273
76.10199999809265,79.31599998474121,3.2139999866485596
76.10399985313416,79.31699991226196,3.2130000591278076
76.10799980163574,79.31699991226196,3.2090001106262207
76.15199995040894,79.31599998474121,3.1640000343322754
76.15299987792969,79.76699995994568,3.614000082015991
76.15299987792969,79.76699995994568,3.614000082015991
76.1579999923706,79.31699991226196,3.1589999198913574
76.20199990272522,79.76699995994568,3.565000057220459
76.20299983024597,79.31599998474121,3.1130001544952393
76.20299983024597,79.76699995994568,3.564000129699707
76.20700001716614,79.31699991226196,3.109999895095825
76.2519998550415,79.31599998474121,3.064000129699707
76.25300002098083,79.76699995994568,3.5139999389648438
76.25300002098083,79.76699995994568,3.5139999389648438
76.25699996948242,79.31699991226196,3.059999942779541
76.30299997329712,79.76699995994568,3.4639999866485596
76.30299997329712,79.31599998474121,3.013000011444092
76.30399990081787,79.84699988365173,3.5429999828338623
76.30799984931946,79.31699991226196,3.009000062942505
76.35199999809265,79.76699995994568,3.4149999618530273
76.35199999809265,79.31599998474121,2.9639999866485596
76.3529999256134,79.84699988365173,3.49399995803833
76.35799980163574,79.31699991226196,2.9590001106262207
76.40299987792969,79.76699995994568,3.364000082015991
76.40299987792969,79.31599998474121,2.9130001068115234
76.40299987792969,79.84699988365173,3.444000005722046
76.4079999923706,79.31699991226196,2.9089999198913574
76.45299983024597,79.76699995994568,3.314000129699707
76.45299983024597,79.31599998474121,2.8630001544952393
76.4539999961853,79.84699988365173,3.3929998874664307
76.45799994468689,79.31699991226196,2.8589999675750732
76.5019998550415,79.76699995994568,3.265000104904175
76.5019998550415,79.31599998474121,2.814000129699707
76.50799989700317,79.31699991226196,2.809000015258789
76.55299997329712,79.76699995994568,3.2139999866485596
76.55299997329712,79.31599998474121,2.763000011444092
76.5569999217987,79.31699991226196,2.759999990463257
76.60199999809265,79.76699995994568,3.1649999618530273
76.60199999809265,79.31599998474121,2.7139999866485596
76.60699987411499,79.31699991226196,2.7100000381469727
76.65299987792969,79.76699995994568,3.114000082015991
76.65299987792969,79.31599998474121,2.6630001068115234
76.65699982643127,79.31699991226196,2.6600000858306885
76.70299983024597,79.76699995994568,3.064000129699707
76.70299983024597,79.31599998474121,2.6130001544952393
76.70700001716614,79.9139997959137,3.2069997787475586
76.7519998550415,79.76699995994568,3.015000104904175
76.7519998550415,79.31599998474121,2.564000129699707
76.75699996948242,79.9139997959137,3.1569998264312744
76.80299997329712,79.76699995994568,2.9639999866485596
76.80299997329712,79.31599998474121,2.513000011444092
76.8069999217987,79.9139997959137,3.1069998741149902
76.85199999809265,79.31599998474121,2.4639999866485596
76.8529999256134,79.76699995994568,2.9140000343322754
76.85699987411499,79.9139997959137,3.056999921798706
76.90199995040894,79.76699995994568,2.865000009536743
76.90299987792969,79.31599998474121,2.4130001068115234
76.90699982643127,79.9139997959137,3.006999969482422
76.95299983024597,79.76699995994568,2.814000129699707
76.95299983024597,79.31599998474121,2.3630001544952393
76.95700001716614,79.9139997959137,2.9569997787475586
77.0019998550415,79.31599998474121,2.314000129699707
77.00300002098083,79.76699995994568,2.7639999389648438
77.00699996948242,79.9139997959137,2.9069998264312744
77.05199980735779,79.76699995994568,2.7150001525878906
77.05299997329712,79.31599998474121,2.263000011444092
77.10199999809265,79.31599998474121,2.2139999866485596
77.1029999256134,79.76699995994568,2.6640000343322754
77.15199995040894,79.76699995994568,2.615000009536743
77.15299987792969,79.31599998474121,2.1630001068115234
77.20299983024597,79.76699995994568,2.564000129699707
77.20299983024597,79.31599998474121,2.1130001544952393
77.25300002098083,79.76699995994568,2.5139999389648438
77.25300002098083,79.31599998474121,2.062999963760376
77.30299997329712,79.76699995994568,2.4639999866485596
77.30299997329712,79.31599998474121,2.013000011444092
77.3529999256134,79.76699995994568,2.4140000343322754
77.3529999256134,79.31599998474121,1.9630000591278076
77.40199995040894,79.76599979400635,2.363999843597412
77.40299987792969,79.31599998474121,1.9130001068115234
77.45299983024597,79.76599979400635,2.312999963760376
77.45299983024597,79.31599998474121,1.8630001544952393
77.5019998550415,79.76699995994568,2.265000104904175
77.5019998550415,79.31599998474121,1.814000129699707
77.55299997329712,79.76699995994568,2.2139999866485596
77.55299997329712,79.31599998474121,1.7630000114440918
77.60199999809265,79.31599998474121,1.7139999866485596
77.6029999256134,79.76699995994568,2.1640000343322754
77.65199995040894,79.76699995994568,2.115000009536743
77.65299987792969,79.31599998474121,1.6630001068115234
77.70299983024597,79.76699995994568,2.064000129699707
77.70299983024597,79.76699995994568,2.064000129699707
77.7519998550415,79.76699995994568,2.015000104904175
77.75300002098083,79.76699995994568,2.0139999389648438
77.80199980735779,79.76699995994568,1.9650001525878906
77.80299997329712,79.76699995994568,1.9639999866485596
77.85199999809265,79.76699995994568,1.9149999618530273
77.8529999256134,79.76699995994568,1.9140000343322754
77.90199995040894,79.76699995994568,1.8650000095367432
77.90299987792969,79.76699995994568,1.8640000820159912
77.95299983024597,79.76699995994568,1.814000129699707
77.95299983024597,79.76699995994568,1.814000129699707
78.0019998550415,79.76699995994568,1.7650001049041748
78.00300002098083,79.76699995994568,1.7639999389648438
78.05299997329712,79.76699995994568,1.7139999866485596
78.05299997329712,79.76699995994568,1.7139999866485596
78.10199999809265,79.84699988365173,1.744999885559082
78.1029999256134,79.76699995994568,1.6640000343322754
78.15199995040894,79.76699995994568,1.6150000095367432
78.15299987792969,79.84699988365173,1.694000005722046
78.20299983024597,79.76699995994568,1.564000129699707
78.20299983024597,79.84699988365173,1.6440000534057617
78.2519998550415,79.76699995994568,1.5150001049041748
78.2519998550415,79.84699988365173,1.5950000286102295
78.30299997329712,79.76699995994568,1.4639999866485596
78.30299997329712,79.84699988365173,1.5439999103546143
78.35199999809265,79.84699988365173,1.494999885559082
78.3529999256134,79.76699995994568,1.4140000343322754
78.40299987792969,79.76699995994568,1.3640000820159912
78.40299987792969,79.84699988365173,1.444000005722046
78.45199990272522,79.76699995994568,1.315000057220459
78.45299983024597,79.84699988365173,1.3940000534057617
78.5019998550415,79.84699988365173,1.3450000286102295
78.50300002098083,79.76699995994568,1.2639999389648438
78.55299997329712,79.76699995994568,1.2139999866485596
78.55299997329712,79.84699988365173,1.2939999103546143
78.60199999809265,79.76699995994568,1.1649999618530273
78.60199999809265,79.84699988365173,1.244999885559082
78.65299987792969,79.76699995994568,1.1140000820159912
78.65299987792969,79.84699988365173,1.194000005722046
78.70199990272522,79.76699995994568,1.065000057220459
78.70299983024597,79.84699988365173,1.1440000534057617
78.75300002098083,79.76699995994568,1.0139999389648438
78.75300002098083,79.84699988365173,1.0939998626708984
78.80299997329712,79.76699995994568,0.9639999866485596
78.80299997329712,79.84699988365173,1.0439999103546143
78.8529999256134,79.76699995994568,0.9140000343322754
78.8529999256134,79.84699988365173,0.9939999580383301
78.90299987792969,79.76699995994568,0.8640000820159912
78.90299987792969,79.84599995613098,0.943000078201294
78.93999981880188,79.9139997959137,0.9739999771118164
78.95199990272522,79.84699988365173,0.8949999809265137
78.95299983024597,79.76699995994568,0.814000129699707
78.9559998512268,79.9139997959137,0.9579999446868896
78.98000001907349,79.9139997959137,0.93399977684021
78.99199986457825,79.9139997959137,0.9219999313354492
79.00300002098083,79.76699995994568,0.7639999389648438
79.00300002098083,79.9139997959137,0.9109997749328613
79.00300002098083,79.84699988365173,0.8439998626708984
79.0149998664856,79.9139997959137,0.8989999294281006
79.01799988746643,79.9139997959137,0.8959999084472656
79.02999997138977,79.9139997959137,0.8839998245239258
79.04199981689453,79.9139997959137,0.871999979019165
79.05099987983704,79.9139997959137,0.8629999160766602
79.05199980735779,79.84699988365173,0.7950000762939453
79.05299997329712,79.84699988365173,0.7939999103546143
79.06399989128113,79.9139997959137,0.8499999046325684
79.07200002670288,79.9139997959137,0.8419997692108154
79.08399987220764,79.9139997959137,0.8299999237060547
79.08699989318848,79.9139997959137,0.8269999027252197
79.09799981117249,79.9139997959137,0.8159999847412109
79.1029999256134,79.84699988365173,0.7439999580383301
79.1029999256134,79.91299986839294,0.809999942779541
79.10999989509583,79.9139997959137,0.8039999008178711
79.12199997901917,79.9139997959137,0.7919998168945312
79.12299990653992,79.9139997959137,0.7909998893737793
79.13899993896484,79.9139997959137,0.7749998569488525
79.15199995040894,79.84699988365173,0.6949999332427979
79.15199995040894,79.9139997959137,0.7619998455047607
79.15199995040894,79.91299986839294,0.7609999179840088
79.16299986839294,79.9139997959137,0.750999927520752
79.1729998588562,79.84699988365173,0.6740000247955322
79.17599987983704,79.9139997959137,0.7379999160766602
79.1859998703003,79.9139997959137,0.7279999256134033
79.18899989128113,79.9139997959137,0.7249999046325684
79.20299983024597,79.84699988365173,0.6440000534057617
79.20299983024597,79.9139997959137,0.7109999656677246
79.20299983024597,79.91299986839294,0.7100000381469727
79.22000002861023,79.9139997959137,0.6939997673034668
79.22199988365173,79.84699988365173,0.625
79.24199986457825,79.9139997959137,0.6719999313354492
79.2519998550415,79.9139997959137,0.6619999408721924
79.2519998550415,79.91299986839294,0.6610000133514404
79.2519998550415,79.84699988365173,0.5950000286102295
79.25300002098083,79.84699988365173,0.5939998626708984
79.25499987602234,79.9139997959137,0.6589999198913574
79.27099990844727,79.9139997959137,0.6429998874664307
79.27999997138977,80.11699986457825,0.8369998931884766
79.28399991989136,79.9139997959137,0.6299998760223389
79.2960000038147,79.9139997959137,0.617999792098999
79.30199980735779,79.84699988365173,0.5450000762939453
79.30299997329712,79.91299986839294,0.6099998950958252
79.30399990081787,80.11699986457825,0.812999963760376
79.30900001525879,79.9139997959137,0.6049997806549072
79.3109998703003,79.9139997959137,0.6029999256134033
79.32399988174438,80.11699986457825,0.7929999828338623
79.32999992370605,80.11699986457825,0.7869999408721924
79.33200001716614,79.9139997959137,0.5819997787475586
79.34799981117249,79.9139997959137,0.5659999847412109
79.35199999809265,79.91299986839294,0.560999870300293
79.35199999809265,80.11699986457825,0.7649998664855957
79.3529999256134,79.91299986839294,0.559999942779541
79.36399984359741,79.9139997959137,0.5499999523162842
79.3659999370575,79.9139997959137,0.5479998588562012
79.37399983406067,80.11699986457825,0.7430000305175781
79.37800002098083,79.9139997959137,0.5359997749328613
79.38800001144409,79.9139997959137,0.5259997844696045
79.40100002288818,80.11699986457825,0.7159998416900635
79.40199995040894,79.91299986839294,0.5109999179840088
79.40299987792969,79.91299986839294,0.5099999904632568
79.41299986839294,80.11699986457825,0.7039999961853027
79.41499996185303,80.11699986457825,0.7019999027252197
79.42400002479553,80.11699986457825,0.6929998397827148
79.43699979782104,80.11699986457825,0.6800000667572021
79.44299983978271,80.11699986457825,0.6740000247955322
79.45099997520447,80.11699986457825,0.6659998893737793
79.45199990272522,79.91299986839294,0.4609999656677246
79.45299983024597,79.9139997959137,0.4609999656677246
79.45299983024597,80.11699986457825,0.6640000343322754
79.4670000076294,80.11699986457825,0.6499998569488525
79.47899985313416,80.11699986457825,0.6380000114440918
79.48599982261658,80.11699986457825,0.6310000419616699
79.49799990653992,80.11699986457825,0.6189999580383301
79.50300002098083,79.91299986839294,0.4099998474121094
79.50300002098083,79.91299986839294,0.4099998474121094
79.50899982452393,80.11699986457825,0.6080000400543213
79.5329999923706,80.11699986457825,0.5839998722076416
79.5389997959137,80.11699986457825,0.5780000686645508
79.55199980735779,79.91199994087219,0.3600001335144043
79.55299997329712,79.91299986839294,0.3599998950958252
79.55799984931946,80.11699986457825,0.5590000152587891
79.56900000572205,80.11699986457825,0.5479998588562012
79.59599995613098,80.11699986457825,0.5209999084472656
79.6029999256134,80.11699986457825,0.5139999389648438
79.6029999256134,79.91299986839294,0.309999942779541
79.60799980163574,80.11699986457825,0.5090000629425049
79.63099980354309,80.11699986457825,0.48600006103515625
79.63699984550476,80.3420000076294,0.7050001621246338
79.65299987792969,80.11699986457825,0.46399998664855957
79.65299987792969,79.91199994087219,0.2590000629425049
79.6579999923706,80.11699986457825,0.4589998722076416
79.66100001335144,80.3420000076294,0.6809999942779541
79.69099998474121,80.3420000076294,0.6510000228881836
79.70199990272522,80.16799998283386,0.4660000801086426
79.70299983024597,80.11699986457825,0.4140000343322754
79.70799994468689,80.16799998283386,0.46000003814697266
79.75300002098083,80.11699986457825,0.3639998435974121
79.75300002098083,80.16799998283386,0.41499996185302734
79.75699996948242,80.16799998283386,0.41100001335144043
79.76199984550476,80.3420000076294,0.5800001621246338
79.79999995231628,80.3420000076294,0.5420000553131104
79.80299997329712,80.16799998283386,0.36500000953674316
79.80299997329712,80.16799998283386,0.36500000953674316
79.80799984931946,80.16799998283386,0.3600001335144043
79.82999992370605,80.5389997959137,0.7089998722076416
79.85199999809265,80.16799998283386,0.31599998474121094
79.8529999256134,80.16799998283386,0.315000057220459
79.85799980163574,80.16799998283386,0.3100001811981201
79.90299987792969,80.16799998283386,0.2650001049041748
79.90299987792969,80.16799998283386,0.2650001049041748
79.90699982643127,80.1710000038147,0.26400017738342285
79.95199990272522,80.1710000038147,0.21900010108947754
79.95299983024597,80.16799998283386,0.21500015258789062
79.95700001716614,80.1710000038147,0.21399998664855957
80.00300002098083,80.3420000076294,0.33899998664855957
80.00300002098083,80.1710000038147,0.1679999828338623
80.00699996948242,80.1710000038147,0.1640000343322754
80.05199980735779,80.1710000038147,0.11900019645690918
80.05299997329712,80.3420000076294,0.2890000343322754
80.0569999217987,80.1710000038147,0.11400008201599121
80.08899998664856,80.5389997959137,0.4499998092651367
80.1029999256134,80.3420000076294,0.2390000820159912
80.1029999256134,80.5389997959137,0.43599987030029297
80.10799980163574,80.3420000076294,0.23400020599365234
80.14099979400635,80.5389997959137,0.39800000190734863
80.14699983596802,80.5389997959137,0.3919999599456787
80.15299987792969,80.5389997959137,0.3859999179840088
80.15299987792969,80.5389997959137,0.3859999179840088
80.15699982643127,80.3420000076294,0.18500018119812012
80.18299984931946,80.5389997959137,0.3559999465942383
80.20199990272522,80.5389997959137,0.33699989318847656
80.20199990272522,80.5389997959137,0.33699989318847656
80.20700001716614,80.3420000076294,0.13499999046325684
80.22099995613098,80.5389997959137,0.31799983978271484
80.25300002098083,80.5389997959137,0.28599977493286133
80.25300002098083,80.5389997959137,0.28599977493286133
80.25699996948242,80.3420000076294,0.08500003814697266
80.25899982452393,80.67199993133545,0.41300010681152344
80.28999996185303,80.67199993133545,0.3819999694824219
80.30299997329712,80.5389997959137,0.23599982261657715
80.30299997329712,80.5389997959137,0.23599982261657715
80.3069999217987,80.5389997959137,0.23199987411499023
80.32200002670288,80.67199993133545,0.34999990463256836
80.32699990272522,80.67199993133545,0.3450000286102295
80.3529999256134,80.5389997959137,0.18599987030029297
80.3529999256134,80.67199993133545,0.3190000057220459
80.35699987411499,80.5389997959137,0.18199992179870605
80.40299987792969,80.67199993133545,0.2690000534057617
80.40299987792969,80.67199993133545,0.2690000534057617
80.40399980545044,80.67199993133545,0.26800012588500977
80.4079999923706,80.5389997959137,0.13099980354309082
80.43899989128113,80.89399981498718,0.4549999237060547
80.45199990272522,80.67199993133545,0.2200000286102295
80.45199990272522,80.67199993133545,0.2200000286102295
80.45700001716614,80.5389997959137,0.0819997787475586
80.50300002098083,80.67199993133545,0.16899991035461426
80.50300002098083,80.67199993133545,0.16899991035461426
80.50699996948242,80.89399981498718,0.38699984550476074
80.50699996948242,80.89399981498718,0.38699984550476074
80.55299997329712,80.67199993133545,0.11899995803833008
80.55299997329712,80.89399981498718,0.3409998416900635
80.5569999217987,80.89399981498718,0.33699989318847656
80.55900001525879,80.89399981498718,0.33499979972839355
80.59899997711182,83.02199983596802,2.422999858856201
80.6029999256134,80.89399981498718,0.2909998893737793
80.6029999256134,80.89399981498718,0.2909998893737793
80.60699987411499,80.89399981498718,0.2869999408721924
80.63299989700317,83.02199983596802,2.3889999389648438
80.63899993896484,83.02199983596802,2.382999897003174
80.65199995040894,80.89399981498718,0.24199986457824707
80.65299987792969,80.89399981498718,0.24099993705749512
80.65699982643127,80.89399981498718,0.2369999885559082
80.69400000572205,83.02199983596802,2.3279998302459717
80.70199990272522,80.89399981498718,0.1919999122619629
80.70299983024597,80.89399981498718,0.19099998474121094
80.70799994468689,80.89399981498718,0.18599987030029297
80.75300002098083,80.89399981498718,0.14099979400634766
80.75300002098083,81.03999996185303,0.2869999408721924
80.75799989700317,81.03999996185303,0.2820000648498535
80.75899982452393,83.02199983596802,2.263000011444092
80.80299997329712,81.03999996185303,0.2369999885559082
80.80299997329712,81.03999996185303,0.2369999885559082
80.8069999217987,81.03999996185303,0.2330000400543213
80.83399987220764,84.70099997520447,3.867000102996826
80.8529999256134,81.03999996185303,0.18700003623962402
80.85500001907349,81.03999996185303,0.18499994277954102
80.85799980163574,81.03999996185303,0.18200016021728516
80.87899994850159,84.70099997520447,3.822000026702881
80.88399982452393,84.70099997520447,3.817000150680542
80.90199995040894,81.03999996185303,0.1380000114440918
80.90199995040894,81.03999996185303,0.1380000114440918
80.9079999923706,83.02199983596802,2.113999843597412
80.92599987983704,84.70099997520447,3.7750000953674316
80.95299983024597,81.03999996185303,0.08700013160705566
80.95299983024597,83.02199983596802,2.069000005722046
80.95799994468689,83.02199983596802,2.063999891281128
80.95899987220764,84.70099997520447,3.742000102996826
81.00300002098083,84.70099997520447,3.697999954223633
81.00300002098083,83.02199983596802,2.0189998149871826
81.00799989700317,83.02199983596802,2.0139999389648438
81.01399993896484,86.52600002288818,5.51200008392334
81.05199980735779,84.76899981498718,3.7170000076293945
81.05299997329712,83.02199983596802,1.9689998626708984
81.05799984931946,83.02199983596802,1.9639999866485596
81.0699999332428,86.52600002288818,5.456000089645386
81.09599995613098,86.52600002288818,5.430000066757202
81.1029999256134,84.76899981498718,3.6659998893737793
81.1029999256134,83.02199983596802,1.9189999103546143
81.10799980163574,83.02199983596802,1.9140000343322754
81.13800001144409,86.52600002288818,5.388000011444092
81.15299987792969,84.76899981498718,3.615999937057495
81.15299987792969,84.70099997520447,3.5480000972747803
81.1579999923706,84.70099997520447,3.5429999828338623
81.18799996376038,86.52600002288818,5.338000059127808
81.20299983024597,84.76899981498718,3.565999984741211
81.20299983024597,84.70099997520447,3.498000144958496
81.20799994468689,84.70099997520447,3.493000030517578
81.25300002098083,84.76899981498718,3.5159997940063477
81.25300002098083,84.70099997520447,3.447999954223633
81.25300002098083,86.52600002288818,5.273000001907349
81.25799989700317,84.70099997520447,3.443000078201294
81.25899982452393,86.52600002288818,5.267000198364258
81.28699994087219,86.52600002288818,5.239000082015991
81.30199980735779,84.76899981498718,3.4670000076293945
81.30299997329712,84.70099997520447,3.3980000019073486
81.3069999217987,84.70099997520447,3.3940000534057617
81.31399989128113,86.52600002288818,5.212000131607056
81.34799981117249,86.52600002288818,5.178000211715698
81.3529999256134,84.76899981498718,3.4159998893737793
81.3529999256134,84.76799988746643,3.4149999618530273
81.35699987411499,84.76799988746643,3.4110000133514404
81.40199995040894,84.76799988746643,3.365999937057495
81.40299987792969,84.76799988746643,3.365000009536743
81.40699982643127,84.76799988746643,3.3610000610351562
81.40899991989136,86.52600002288818,5.117000102996826
81.45299983024597,84.76799988746643,3.315000057220459
81.45299983024597,84.76799988746643,3.315000057220459
81.45499992370605,86.52600002288818,5.071000099182129
81.45799994468689,84.76799988746643,3.309999942779541
81.50300002098083,84.76799988746643,3.2649998664855957
81.50300002098083,84.76799988746643,3.2649998664855957
81.50699996948242,84.76799988746643,3.260999917984009
81.50999999046326,86.52600002288818,5.016000032424927
81.55199980735779,84.76799988746643,3.2160000801086426
81.55299997329712,86.52600002288818,4.9730000495910645
81.55499982833862,86.52600002288818,4.9710001945495605
81.5569999217987,86.52600002288818,4.9690001010894775
81.5609998703003,86.52600002288818,4.965000152587891
81.6029999256134,84.76799988746643,3.1649999618530273
81.6029999256134,86.52600002288818,4.92300009727478
81.60799980163574,86.52600002288818,4.918000221252441
81.61500000953674,86.52600002288818,4.91100001335144
81.65299987792969,84.76799988746643,3.115000009536743
81.65299987792969,86.52600002288818,4.873000144958496
81.65599989891052,86.52600002288818,4.870000123977661
81.65899991989136,86.52600002288818,4.867000102996826
81.70299983024597,84.76799988746643,3.065000057220459
81.70299983024597,86.52600002288818,4.823000192642212
81.70799994468689,86.52600002288818,4.818000078201294
81.7099997997284,86.52600002288818,4.81600022315979
81.7519998550415,86.52600002288818,4.77400016784668
81.75300002098083,84.76799988746643,3.0149998664855957
81.75300002098083,86.52600002288818,4.773000001907349
81.75699996948242,86.52600002288818,4.769000053405762
81.78999996185303,86.52600002288818,4.736000061035156
81.80299997329712,84.76799988746643,2.9649999141693115
81.80299997329712,86.52600002288818,4.7230000495910645
81.8069999217987,86.52600002288818,4.7190001010894775
81.84899997711182,86.52600002288818,4.677000045776367
81.8529999256134,87.3309998512268,5.477999925613403
81.8529999256134,86.52600002288818,4.67300009727478
81.85500001907349,86.52600002288818,4.671000003814697
81.85799980163574,86.52600002288818,4.668000221252441
81.90299987792969,87.3309998512268,5.427999973297119
81.90299987792969,86.52600002288818,4.623000144958496
81.9079999923706,86.52600002288818,4.618000030517578
81.91100001335144,86.52600002288818,4.615000009536743
81.94700002670288,86.52600002288818,4.578999996185303
81.95299983024597,87.3309998512268,5.378000020980835
81.95299983024597,86.52600002288818,4.573000192642212
81.95799994468689,86.52600002288818,4.568000078201294
81.97599983215332,86.52600002288818,4.550000190734863
82.0019998550415,86.52600002288818,4.52400016784668
82.00300002098083,87.3309998512268,5.327999830245972
82.00300002098083,86.52600002288818,4.523000001907349
82.00799989700317,86.52600002288818,4.51800012588501
82.00799989700317,86.52600002288818,4.51800012588501
82.05199980735779,87.3309998512268,5.2790000438690186
82.05299997329712,86.52600002288818,4.4730000495910645
82.0569999217987,86.52600002288818,4.4690001010894775
82.0699999332428,86.52600002288818,4.456000089645386
82.1029999256134,87.3309998512268,5.227999925613403
82.1029999256134,86.52600002288818,4.42300009727478
82.10699987411499,86.52600002288818,4.419000148773193
82.11099982261658,86.52600002288818,4.4150002002716064
82.14099979400635,86.52600002288818,4.385000228881836
82.15199995040894,86.52600002288818,4.374000072479248
82.15299987792969,87.3309998512268,5.177999973297119
82.1579999923706,86.52600002288818,4.368000030517578
82.17499995231628,86.52600002288818,4.351000070571899
82.20299983024597,87.3309998512268,5.128000020980835
82.20299983024597,86.52600002288818,4.323000192642212
82.20799994468689,86.52600002288818,4.318000078201294
82.21599984169006,86.52600002288818,4.31000018119812
82.22199988365173,86.52600002288818,4.30400013923645
82.24799990653992,86.52600002288818,4.278000116348267
82.2519998550415,86.52600002288818,4.27400016784668
82.25300002098083,87.3309998512268,5.077999830245972
82.25799989700317,86.52600002288818,4.26800012588501
82.27300000190735,86.52600002288818,4.253000020980835
82.2979998588562,87.3309998512268,5.0329999923706055
82.30199980735779,87.3309998512268,5.0290000438690186
82.30299997329712,86.52600002288818,4.2230000495910645
82.3069999217987,86.52600002288818,4.2190001010894775
82.3199999332428,87.3309998512268,5.010999917984009
82.32599997520447,87.3309998512268,5.004999876022339
82.34899997711182,87.3309998512268,4.98199987411499
82.3529999256134,87.3309998512268,4.977999925613403
82.3529999256134,86.52600002288818,4.17300009727478
82.35699987411499,87.3309998512268,4.973999977111816
82.37599992752075,87.3309998512268,4.954999923706055
82.40299987792969,87.3309998512268,4.927999973297119
82.40299987792969,86.52600002288818,4.123000144958496
82.40299987792969,87.3309998512268,4.927999973297119
82.4079999923706,87.3309998512268,4.922999858856201
82.4359998703003,87.3309998512268,4.894999980926514
82.44099998474121,87.3309998512268,4.889999866485596
82.45299983024597,87.3309998512268,4.878000020980835
82.45299983024597,86.52600002288818,4.073000192642212
82.45700001716614,87.3309998512268,4.873999834060669
82.46499991416931,87.3309998512268,4.865999937057495
82.49799990653992,87.3309998512268,4.83299994468689
82.50300002098083,87.3309998512268,4.827999830245972
82.50300002098083,86.52600002288818,4.023000001907349
82.50799989700317,87.3309998512268,4.822999954223633
82.52499985694885,87.3309998512268,4.805999994277954
82.54900002479553,87.3309998512268,4.781999826431274
82.55199980735779,87.3309998512268,4.7790000438690186
82.55299997329712,86.52600002288818,3.9730000495910645
82.5569999217987,88.47899985313416,5.921999931335449
82.58200001716614,87.3309998512268,4.748999834060669
82.58799982070923,87.3309998512268,4.743000030517578
82.6029999256134,87.3309998512268,4.727999925613403
82.6029999256134,86.52600002288818,3.9230000972747803
82.60699987411499,88.47899985313416,5.871999979019165
82.61699986457825,87.3309998512268,4.71399998664856
82.64999985694885,87.3309998512268,4.680999994277954
82.65299987792969,87.3309998512268,4.677999973297119
82.65299987792969,86.52600002288818,3.873000144958496
82.65599989891052,87.3309998512268,4.674999952316284
82.65699982643127,88.48000001907349,5.823000192642212
82.68299984931946,87.3309998512268,4.648000001907349
82.70299983024597,87.3309998512268,4.628000020980835
82.70299983024597,86.52600002288818,3.823000192642212
82.70700001716614,88.48000001907349,5.773000001907349
82.70799994468689,87.3309998512268,4.622999906539917
82.73499989509583,87.3309998512268,4.5959999561309814
82.7409999370575,87.3309998512268,4.5899999141693115
82.7519998550415,86.52600002288818,3.7740001678466797
82.75300002098083,88.48000001907349,5.726999998092651
82.75699996948242,88.48000001907349,5.7230000495910645
82.76199984550476,87.3309998512268,4.569000005722046
82.78199982643127,87.3309998512268,4.549000024795532
82.80299997329712,88.48000001907349,5.677000045776367
82.80299997329712,86.52600002288818,3.7230000495910645
82.8069999217987,88.47899985313416,5.671999931335449
82.81799983978271,87.3309998512268,4.513000011444092
82.84299993515015,87.3309998512268,4.48799991607666
82.84899997711182,87.3309998512268,4.48199987411499
82.8529999256134,88.48000001907349,5.627000093460083
82.8529999256134,86.52600002288818,3.6730000972747803
82.85699987411499,88.47899985313416,5.621999979019165
82.8659999370575,87.3309998512268,4.4649999141693115
82.88599991798401,87.3309998512268,4.444999933242798
82.89099979400635,87.3309998512268,4.440000057220459
82.90299987792969,88.48000001907349,5.577000141143799
82.90299987792969,86.52600002288818,3.623000144958496
82.90699982643127,88.47899985313416,5.572000026702881
82.9079999923706,87.3309998512268,4.422999858856201
82.93299984931946,87.3309998512268,4.398000001907349
82.95299983024597,88.48000001907349,5.527000188827515
82.95299983024597,88.47899985313416,5.526000022888184
82.95700001716614,88.47899985313416,5.521999835968018
82.96299982070923,87.3309998512268,4.368000030517578
82.98799991607666,87.3309998512268,4.3429999351501465
82.99300003051758,87.3309998512268,4.3379998207092285
83.00300002098083,88.48000001907349,5.476999998092651
83.00300002098083,88.47899985313416,5.47599983215332
83.00699996948242,88.51799988746643,5.510999917984009
83.02499985694885,87.3309998512268,4.305999994277954
83.05299997329712,88.48000001907349,5.427000045776367
83.05299997329712,88.47899985313416,5.425999879837036
83.0569999217987,88.51799988746643,5.460999965667725
83.06399989128113,87.3309998512268,4.266999959945679
83.0699999332428,87.3309998512268,4.260999917984009
83.09500002861023,87.3309998512268,4.235999822616577
83.1029999256134,88.48000001907349,5.377000093460083
83.1029999256134,88.47899985313416,5.375999927520752
83.10699987411499,88.51799988746643,5.41100001335144
83.12399983406067,87.3309998512268,4.207000017166138
83.15199995040894,88.48000001907349,5.328000068664551
83.15299987792969,88.47899985313416,5.325999975204468
83.15499997138977,87.3309998512268,4.175999879837036
83.15699982643127,88.51799988746643,5.361000061035156
83.16100001335144,87.3309998512268,4.169999837875366
83.18999981880188,87.3309998512268,4.141000032424927
83.20299983024597,88.48000001907349,5.277000188827515
83.20299983024597,88.47899985313416,5.276000022888184
83.20799994468689,88.51799988746643,5.309999942779541
83.21299982070923,87.3309998512268,4.118000030517578
83.23599982261658,87.3309998512268,4.0950000286102295
83.24199986457825,87.3309998512268,4.08899998664856
83.25300002098083,88.48000001907349,5.226999998092651
83.25300002098083,88.47899985313416,5.22599983215332
83.25799989700317,88.51799988746643,5.259999990463257
83.27600002288818,87.3309998512268,4.054999828338623
83.30099987983704,87.3309998512268,4.0299999713897705
83.30299997329712,88.48000001907349,5.177000045776367
83.30299997329712,88.51799988746643,5.2149999141693115
83.3069999217987,88.51799988746643,5.210999965667725
83.32999992370605,87.3309998512268,4.000999927520752
83.3349997997284,87.3309998512268,3.996000051498413
83.3529999256134,88.48000001907349,5.127000093460083
83.3529999256134,92.85899996757507,9.50600004196167
83.35799980163574,88.51799988746643,5.1600000858306885
83.36199998855591,87.3309998512268,3.9689998626708984
83.3899998664856,88.51799988746643,5.128000020980835
83.40299987792969,88.48000001907349,5.077000141143799
83.40299987792969,92.85899996757507,9.456000089645386
83.40699982643127,88.51799988746643,5.111000061035156
83.41499996185303,88.51799988746643,5.102999925613403
83.4210000038147,88.51799988746643,5.096999883651733
83.44799995422363,88.51799988746643,5.069999933242798
83.45299983024597,88.48000001907349,5.027000188827515
83.45299983024597,92.85899996757507,9.406000137329102
83.45299983024597,88.51799988746643,5.065000057220459
83.45700001716614,88.51799988746643,5.060999870300293
83.47299981117249,88.51799988746643,5.045000076293945
83.5019998550415,88.48000001907349,4.978000164031982
83.50300002098083,92.85899996757507,9.355999946594238
83.50699996948242,88.51799988746643,5.010999917984009
83.50799989700317,88.51799988746643,5.009999990463257
83.53600001335144,88.51799988746643,4.98199987411499
83.54199981689453,88.51799988746643,4.976000070571899
83.55299997329712,88.48000001907349,4.927000045776367
83.55299997329712,92.85899996757507,9.305999994277954
83.5569999217987,88.51799988746643,4.960999965667725
83.55999994277954,88.51799988746643,4.95799994468689
83.58799982070923,92.85899996757507,9.271000146865845
83.6029999256134,88.48000001907349,4.877000093460083
83.6029999256134,92.85899996757507,9.25600004196167
83.6029999256134,92.85899996757507,9.25600004196167
83.60799980163574,88.51799988746643,4.9100000858306885
83.65299987792969,88.48000001907349,4.827000141143799
83.65299987792969,92.85899996757507,9.206000089645386
83.65299987792969,92.85899996757507,9.206000089645386
83.65699982643127,88.51799988746643,4.861000061035156
83.70299983024597,88.48000001907349,4.777000188827515
83.70299983024597,92.85899996757507,9.156000137329102
83.7039999961853,92.85899996757507,9.15499997138977
83.70799994468689,88.51799988746643,4.809999942779541
83.75300002098083,88.48000001907349,4.726999998092651
83.75300002098083,92.85899996757507,9.105999946594238
83.75300002098083,92.85899996757507,9.105999946594238
83.75799989700317,88.51799988746643,4.759999990463257
83.80299997329712,88.48000001907349,4.677000045776367
83.80299997329712,92.85899996757507,9.055999994277954
83.80399990081787,92.85899996757507,9.055000066757202
83.80900001525879,88.51799988746643,4.708999872207642
83.8529999256134,92.85899996757507,9.00600004196167
83.8529999256134,92.85899996757507,9.00600004196167
83.85399985313416,88.48000001907349,4.626000165939331
83.85899996757507,88.51799988746643,4.658999919891357
83.90299987792969,88.48000001907349,4.577000141143799
83.90299987792969,92.85899996757507,8.956000089645386
83.90399980545044,92.85899996757507,8.955000162124634
83.9079999923706,88.51799988746643,4.609999895095825
83.95299983024597,88.48000001907349,4.527000188827515
83.95299983024597,92.85899996757507,8.906000137329102
83.95299983024597,92.85899996757507,8.906000137329102
83.95799994468689,88.51799988746643,4.559999942779541
84.00300002098083,88.48000001907349,4.476999998092651
84.00300002098083,92.85899996757507,8.855999946594238
84.00399994850159,92.85899996757507,8.855000019073486
84.00699996948242,88.51799988746643,4.510999917984009
84.05299997329712,88.48000001907349,4.427000045776367
84.05299997329712,92.85899996757507,8.805999994277954
84.05299997329712,92.85899996757507,8.805999994277954
84.05799984931946,88.51799988746643,4.460000038146973
84.1029999256134,88.48000001907349,4.377000093460083
84.1029999256134,92.85899996757507,8.75600004196167
84.10399985313416,92.85899996757507,8.755000114440918
84.10799980163574,88.51799988746643,4.4100000858306885
84.15299987792969,88.48000001907349,4.327000141143799
84.15299987792969,92.85899996757507,8.706000089645386
84.15399980545044,92.85899996757507,8.705000162124634
84.1579999923706,88.51799988746643,4.359999895095825
84.20299983024597,88.48000001907349,4.277000188827515
84.20299983024597,92.85899996757507,8.656000137329102
84.20299983024597,92.85899996757507,8.656000137329102
84.20799994468689,88.51799988746643,4.309999942779541
84.25300002098083,88.48000001907349,4.226999998092651
84.25300002098083,92.85899996757507,8.605999946594238
84.25399994850159,92.85899996757507,8.605000019073486
84.25799989700317,88.51799988746643,4.259999990463257
84.30299997329712,92.85899996757507,8.555999994277954
84.30299997329712,92.85899996757507,8.555999994277954
84.30499982833862,88.48000001907349,4.175000190734863
84.30799984931946,88.51799988746643,4.210000038146973
84.3529999256134,92.85899996757507,8.50600004196167
84.35399985313416,92.85899996757507,8.505000114440918
84.35500001907349,88.48000001907349,4.125
84.35699987411499,88.51799988746643,4.16100001335144
84.40299987792969,92.85899996757507,8.456000089645386
84.40399980545044,88.48000001907349,4.076000213623047
84.40399980545044,92.85899996757507,8.455000162124634
84.40699982643127,88.51799988746643,4.111000061035156
84.45299983024597,92.85899996757507,8.406000137329102
84.4539999961853,92.85899996757507,8.40499997138977
84.45499992370605,88.48000001907349,4.025000095367432
84.45899987220764,88.51799988746643,4.059000015258789
84.50300002098083,92.85899996757507,8.355999946594238
84.50399994850159,88.48000001907349,3.9760000705718994
84.50399994850159,92.85899996757507,8.355000019073486
84.50799989700317,88.51799988746643,4.009999990463257
84.55299997329712,88.48000001907349,3.927000045776367
84.55299997329712,92.85899996757507,8.305999994277954
84.55399990081787,92.85899996757507,8.305000066757202
84.55799984931946,88.51799988746643,3.9600000381469727
84.6029999256134,92.85899996757507,8.25600004196167
84.60399985313416,92.85899996757507,8.255000114440918
84.60500001907349,88.48000001907349,3.875
84.60799980163574,88.51799988746643,3.9100000858306885
84.65299987792969,92.85899996757507,8.206000089645386
84.65299987792969,92.85899996757507,8.206000089645386
84.65399980545044,88.48000001907349,3.826000213623047
84.65699982643127,88.51799988746643,3.8610000610351562
84.70199990272522,88.48000001907349,3.7780001163482666
84.70299983024597,92.85899996757507,8.156000137329102
84.7039999961853,92.85899996757507,8.15499997138977
84.70700001716614,88.51799988746643,3.810999870300293
84.75099992752075,88.48000001907349,3.7290000915527344
84.75300002098083,92.85899996757507,8.105999946594238
84.75300002098083,92.85899996757507,8.105999946594238
84.75699996948242,88.51799988746643,3.760999917984009
84.80099987983704,88.48000001907349,3.67900013923645
84.80299997329712,92.85899996757507,8.055999994277954
84.80399990081787,92.85899996757507,8.055000066757202
84.8069999217987,88.51799988746643,3.7109999656677246
84.85099983215332,88.48000001907349,3.629000186920166
84.8529999256134,92.85899996757507,8.00600004196167
84.8529999256134,92.85899996757507,8.00600004196167
84.85799980163574,88.51799988746643,3.6600000858306885
84.90299987792969,92.85899996757507,7.956000089645386
84.90399980545044,92.85899996757507,7.955000162124634
84.90499997138977,88.48000001907349,3.575000047683716
84.9079999923706,88.51799988746643,3.609999895095825
84.95299983024597,88.48000001907349,3.5270001888275146
84.95299983024597,92.85899996757507,7.906000137329102
84.95299983024597,92.85899996757507,7.906000137329102
84.95700001716614,88.51799988746643,3.560999870300293
85.00300002098083,92.85899996757507,7.855999946594238
85.00399994850159,88.48000001907349,3.4760000705718994
85.00399994850159,92.85899996757507,7.855000019073486
85.00699996948242,88.51799988746643,3.510999917984009
85.05299997329712,88.48000001907349,3.427000045776367
85.05299997329712,92.85899996757507,7.805999994277954
85.05299997329712,92.85899996757507,7.805999994277954
85.0569999217987,88.51799988746643,3.4609999656677246
85.1029999256134,92.85899996757507,7.75600004196167
85.10399985313416,88.48000001907349,3.376000165939331
85.10399985313416,92.85899996757507,7.755000114440918
85.10699987411499,92.85999989509583,7.753000020980835
85.15299987792969,92.85899996757507,7.706000089645386
85.15399980545044,88.48000001907349,3.326000213623047
85.15399980545044,92.85899996757507,7.705000162124634
85.15699982643127,92.85999989509583,7.703000068664551
85.20299983024597,92.85899996757507,7.656000137329102
85.2039999961853,88.48000001907349,3.2760000228881836
85.2039999961853,92.85899996757507,7.6549999713897705
85.20799994468689,92.86099982261658,7.6529998779296875
85.25300002098083,88.48000001907349,3.2269999980926514
85.25300002098083,92.85899996757507,7.605999946594238
85.25399994850159,92.85899996757507,7.605000019073486
85.25799989700317,92.85999989509583,7.601999998092651
85.30299997329712,88.48000001907349,3.177000045776367
85.30299997329712,92.85899996757507,7.555999994277954
85.30399990081787,92.85899996757507,7.555000066757202
85.30799984931946,92.85999989509583,7.552000045776367
85.3529999256134,88.48000001907349,3.127000093460083
85.3529999256134,92.85899996757507,7.50600004196167
85.35399985313416,92.85899996757507,7.505000114440918
85.35799980163574,92.85999989509583,7.502000093460083
85.40299987792969,88.48000001907349,3.077000141143799
85.40299987792969,92.85899996757507,7.456000089645386
85.40299987792969,92.85899996757507,7.456000089645386
85.4079999923706,92.86099982261658,7.452999830245972
85.45299983024597,88.48000001907349,3.0270001888275146
85.45299983024597,92.85899996757507,7.406000137329102
85.4539999961853,92.85899996757507,7.4049999713897705
85.45700001716614,92.86099982261658,7.4039998054504395
85.50300002098083,88.48000001907349,2.9769999980926514
85.50300002098083,92.85899996757507,7.355999946594238
85.50300002098083,92.85899996757507,7.355999946594238
85.50799989700317,92.86099982261658,7.352999925613403
85.55199980735779,88.48000001907349,2.9280002117156982
85.55299997329712,92.85899996757507,7.305999994277954
85.55399990081787,92.85899996757507,7.305000066757202
85.5569999217987,92.86099982261658,7.303999900817871
85.6029999256134,92.85899996757507,7.25600004196167
85.60399985313416,88.48000001907349,2.876000165939331
85.60399985313416,92.85899996757507,7.255000114440918
85.60699987411499,92.85999989509583,7.253000020980835
85.65299987792969,92.85899996757507,7.206000089645386
85.65399980545044,92.85899996757507,7.205000162124634
85.65499997138977,88.48000001907349,2.825000047683716
85.6579999923706,92.85999989509583,7.20199990272522
85.70299983024597,92.85899996757507,7.156000137329102
85.7039999961853,88.48000001907349,2.7760000228881836
85.7039999961853,92.85899996757507,7.1549999713897705
85.70799994468689,92.85999989509583,7.1519999504089355
85.75300002098083,88.48000001907349,2.7269999980926514
85.75300002098083,92.85899996757507,7.105999946594238
85.75399994850159,92.85899996757507,7.105000019073486
85.75799989700317,92.85999989509583,7.101999998092651
85.80299997329712,92.85899996757507,7.055999994277954
85.80399990081787,88.48000001907349,2.6760001182556152
85.80399990081787,92.85899996757507,7.055000066757202
85.80799984931946,92.85999989509583,7.052000045776367
85.8529999256134,88.48000001907349,2.627000093460083
85.8529999256134,92.85899996757507,7.00600004196167
85.85399985313416,92.85899996757507,7.005000114440918
85.85799980163574,92.85999989509583,7.002000093460083
85.90299987792969,88.48000001907349,2.577000141143799
85.90299987792969,92.85899996757507,6.956000089645386
85.90399980545044,92.85899996757507,6.955000162124634
85.9079999923706,92.85999989509583,6.95199990272522
85.95299983024597,88.48000001907349,2.5270001888275146
85.95299983024597,92.85899996757507,6.906000137329102
85.9539999961853,92.85899996757507,6.9049999713897705
85.95799994468689,92.85999989509583,6.9019999504089355
86.00300002098083,88.48000001907349,2.4769999980926514
86.00300002098083,92.85899996757507,6.855999946594238
86.00399994850159,92.85899996757507,6.855000019073486
86.00799989700317,92.86099982261658,6.852999925613403
86.05299997329712,92.85899996757507,6.805999994277954
86.05299997329712,92.85899996757507,6.805999994277954
86.05499982833862,88.48000001907349,2.4250001907348633
86.05799984931946,92.85999989509583,6.802000045776367
86.1029999256134,88.48000001907349,2.377000093460083
86.1029999256134,92.85899996757507,6.75600004196167
86.10399985313416,92.85899996757507,6.755000114440918
86.10899996757507,92.86099982261658,6.751999855041504
86.15299987792969,88.48000001907349,2.327000141143799
86.15299987792969,92.85899996757507,6.706000089645386
86.15299987792969,92.85899996757507,6.706000089645386
86.15699982643127,92.86099982261658,6.703999996185303
86.20299983024597,88.48000001907349,2.2770001888275146
86.2039999961853,92.85899996757507,6.6549999713897705
86.2039999961853,92.85899996757507,6.6549999713897705
86.20700001716614,92.85999989509583,6.6529998779296875
86.25300002098083,92.85899996757507,6.605999946594238
86.25399994850159,92.85899996757507,6.605000019073486
86.25499987602234,88.48000001907349,2.2250001430511475
86.25799989700317,92.85999989509583,6.601999998092651
86.30299997329712,92.85899996757507,6.555999994277954
86.30399990081787,88.48000001907349,2.1760001182556152
86.30399990081787,92.85999989509583,6.555999994277954
86.3069999217987,92.86099982261658,6.553999900817871
86.35199999809265,88.48000001907349,2.128000020980835
86.3529999256134,92.85899996757507,6.50600004196167
86.3529999256134,92.85999989509583,6.506999969482422
86.35699987411499,92.86099982261658,6.503999948501587
86.40199995040894,88.51799988746643,2.115999937057495
86.40299987792969,92.85899996757507,6.456000089645386
86.40399980545044,92.85999989509583,6.456000089645386
86.40699982643127,92.86099982261658,6.453999996185303
86.45199990272522,88.51799988746643,2.065999984741211
86.45299983024597,92.85899996757507,6.406000137329102
86.4539999961853,92.85999989509583,6.4059998989105225
86.45799994468689,92.86099982261658,6.4029998779296875
86.50099992752075,92.85899996757507,6.358000040054321
86.50300002098083,92.85899996757507,6.355999946594238
86.50399994850159,92.85999989509583,6.355999946594238
86.50799989700317,92.85999989509583,6.351999998092651
86.54999995231628,92.85899996757507,6.309000015258789
86.55299997329712,92.85899996757507,6.305999994277954
86.55399990081787,92.85999989509583,6.305999994277954
86.55799984931946,92.86099982261658,6.302999973297119
86.60099983215332,92.85899996757507,6.258000135421753
86.6029999256134,92.85899996757507,6.25600004196167
86.60399985313416,92.85999989509583,6.25600004196167
86.60699987411499,92.85999989509583,6.253000020980835
86.65299987792969,92.85899996757507,6.206000089645386
86.65299987792969,92.85899996757507,6.206000089645386
86.65399980545044,92.85999989509583,6.206000089645386
86.6579999923706,92.85999989509583,6.20199990272522
86.70299983024597,92.85899996757507,6.156000137329102
86.7039999961853,92.85899996757507,6.1549999713897705
86.7039999961853,92.85999989509583,6.1559998989105225
86.70799994468689,92.85999989509583,6.1519999504089355
86.75300002098083,92.85899996757507,6.105999946594238
86.75399994850159,92.85899996757507,6.105000019073486
86.75399994850159,92.85999989509583,6.105999946594238
86.75799989700317,92.86099982261658,6.102999925613403
86.80299997329712,92.85899996757507,6.055999994277954
86.80399990081787,92.86099982261658,6.056999921798706
86.80399990081787,92.85999989509583,6.055999994277954
86.80799984931946,92.85999989509583,6.052000045776367
86.8529999256134,92.86099982261658,6.007999897003174
86.8529999256134,92.85899996757507,6.00600004196167
86.85399985313416,92.85999989509583,6.00600004196167
86.85799980163574,92.85999989509583,6.002000093460083
86.90299987792969,92.86099982261658,5.95799994468689
86.90299987792969,92.85899996757507,5.956000089645386
86.90399980545044,92.85999989509583,5.956000089645386
86.9079999923706,92.85999989509583,5.95199990272522
86.95299983024597,92.86099982261658,5.9079999923706055
86.95299983024597,92.85899996757507,5.906000137329102
86.95299983024597,92.85999989509583,5.9070000648498535
86.95700001716614,92.86099982261658,5.9039998054504395
87.00300002098083,92.86099982261658,5.857999801635742
87.00300002098083,92.85899996757507,5.855999946594238
87.00399994850159,92.85999989509583,5.855999946594238
87.00799989700317,92.86099982261658,5.852999925613403
87.05299997329712,92.85999989509583,5.806999921798706
87.05399990081787,92.85999989509583,5.805999994277954
87.05399990081787,92.85899996757507,5.805000066757202
87.05799984931946,92.86099982261658,5.802999973297119
87.1029999256134,92.85999989509583,5.756999969482422
87.1029999256134,92.85899996757507,5.75600004196167
87.10399985313416,92.85999989509583,5.75600004196167
87.10699987411499,92.85999989509583,5.753000020980835
87.15299987792969,92.85999989509583,5.707000017166138
87.15299987792969,92.85899996757507,5.706000089645386
87.15399980545044,92.85999989509583,5.706000089645386
87.15699982643127,92.85999989509583,5.703000068664551
87.20299983024597,92.85899996757507,5.656000137329102
87.2039999961853,92.85999989509583,5.6559998989105225
87.20499992370605,94.56399989128113,7.358999967575073
87.20799994468689,92.86099982261658,5.6529998779296875
87.25300002098083,92.85899996757507,5.605999946594238
87.25399994850159,92.85999989509583,5.605999946594238
87.25499987602234,94.56399989128113,7.309000015258789
87.25699996948242,92.86099982261658,5.603999853134155
87.30299997329712,94.56399989128113,7.260999917984009
87.30299997329712,92.85899996757507,5.555999994277954
87.30299997329712,92.85999989509583,5.556999921798706
87.3069999217987,92.85999989509583,5.552999973297119
87.3529999256134,94.56399989128113,7.210999965667725
87.3529999256134,92.85899996757507,5.50600004196167
87.35399985313416,92.85999989509583,5.50600004196167
87.35799980163574,92.85999989509583,5.502000093460083
87.40299987792969,92.85899996757507,5.456000089645386
87.40399980545044,92.85999989509583,5.456000089645386
87.40499997138977,94.56399989128113,7.158999919891357
87.4079999923706,92.85999989509583,5.45199990272522
87.4539999961853,94.56399989128113,7.109999895095825
87.4539999961853,92.85899996757507,5.4049999713897705
87.4539999961853,92.85999989509583,5.4059998989105225
87.45799994468689,92.85999989509583,5.4019999504089355
87.50300002098083,92.85899996757507,5.355999946594238
87.50399994850159,92.85999989509583,5.355999946594238
87.50499987602234,94.56399989128113,7.059000015258789
87.50799989700317,92.85999989509583,5.351999998092651
87.55299997329712,92.85899996757507,5.305999994277954
87.55399990081787,92.85999989509583,5.305999994277954
87.55499982833862,94.56399989128113,7.009000062942505
87.55799984931946,92.85999989509583,5.302000045776367
87.60399985313416,92.85899996757507,5.255000114440918
87.60399985313416,92.85999989509583,5.25600004196167
87.60500001907349,94.56399989128113,6.958999872207642
87.60799980163574,92.85999989509583,5.252000093460083
87.65299987792969,92.85899996757507,5.206000089645386
87.65299987792969,92.85999989509583,5.207000017166138
87.65499997138977,94.56399989128113,6.908999919891357
87.6579999923706,92.85999989509583,5.20199990272522
87.70299983024597,92.85899996757507,5.156000137329102
87.7039999961853,94.56399989128113,6.859999895095825
87.70499992370605,94.56399989128113,6.858999967575073
87.70799994468689,92.85999989509583,5.1519999504089355
87.75300002098083,94.56399989128113,6.810999870300293
87.75300002098083,92.85899996757507,5.105999946594238
87.75399994850159,94.56399989128113,6.809999942779541
87.75799989700317,92.85999989509583,5.101999998092651
87.80299997329712,94.56399989128113,6.760999917984009
87.80299997329712,92.85899996757507,5.055999994277954
87.80399990081787,94.56399989128113,6.759999990463257
87.80799984931946,92.85999989509583,5.052000045776367
87.8529999256134,94.56399989128113,6.710999965667725
87.8529999256134,92.85899996757507,5.00600004196167
87.85399985313416,94.56399989128113,6.710000038146973
87.85699987411499,92.85999989509583,5.003000020980835
87.90299987792969,94.74899983406067,6.8459999561309814
87.90399980545044,94.56399989128113,6.6600000858306885
87.90399980545044,94.56399989128113,6.6600000858306885
87.9079999923706,94.56399989128113,6.6559998989105225
87.95299983024597,94.56399989128113,6.611000061035156
87.95299983024597,94.74899983406067,6.796000003814697
87.9539999961853,94.56399989128113,6.609999895095825
87.95799994468689,94.56399989128113,6.605999946594238
88.00300002098083,94.74899983406067,6.745999813079834
88.00399994850159,94.56399989128113,6.559999942779541
88.00399994850159,94.56399989128113,6.559999942779541
88.00799989700317,94.56399989128113,6.555999994277954
88.05299997329712,94.56399989128113,6.510999917984009
88.05299997329712,94.74899983406067,6.69599986076355
88.05399990081787,94.56399989128113,6.509999990463257
88.05799984931946,94.56399989128113,6.50600004196167
88.1029999256134,94.56399989128113,6.460999965667725
88.1029999256134,94.74899983406067,6.645999908447266
88.10399985313416,94.56399989128113,6.460000038146973
88.10699987411499,94.56399989128113,6.457000017166138
88.15299987792969,94.56399989128113,6.41100001335144
88.15299987792969,94.74899983406067,6.5959999561309814
88.15399980545044,94.56399989128113,6.4100000858306885
88.1579999923706,94.56399989128113,6.4059998989105225
88.20299983024597,94.56399989128113,6.361000061035156
88.20299983024597,94.74899983406067,6.546000003814697
88.2039999961853,94.56399989128113,6.359999895095825
88.20799994468689,94.56399989128113,6.355999946594238
88.25300002098083,94.74899983406067,6.495999813079834
88.25399994850159,94.74899983406067,6.494999885559082
88.25399994850159,94.56399989128113,6.309999942779541
88.25699996948242,94.56399989128113,6.306999921798706
88.30299997329712,94.74899983406067,6.44599986076355
88.30299997329712,94.74899983406067,6.44599986076355
88.30399990081787,94.74899983406067,6.444999933242798
88.30799984931946,94.56399989128113,6.25600004196167
88.3529999256134,94.74899983406067,6.395999908447266
88.35399985313416,94.74899983406067,6.394999980926514
88.35399985313416,94.74899983406067,6.394999980926514
88.35799980163574,94.56399989128113,6.206000089645386
88.40299987792969,94.74899983406067,6.3459999561309814
88.40399980545044,94.74899983406067,6.3450000286102295
88.40399980545044,94.74899983406067,6.3450000286102295
88.40699982643127,94.56399989128113,6.1570000648498535
88.4539999961853,94.74899983406067,6.294999837875366
88.4539999961853,94.74899983406067,6.294999837875366
88.45499992370605,94.74899983406067,6.293999910354614
88.45700001716614,94.56399989128113,6.10699987411499
88.50300002098083,94.74899983406067,6.245999813079834
88.50399994850159,94.74899983406067,6.244999885559082
88.50499987602234,94.74899983406067,6.24399995803833
88.50699996948242,94.56399989128113,6.056999921798706
88.55299997329712,94.74899983406067,6.19599986076355
88.55299997329712,94.74899983406067,6.19599986076355
88.55399990081787,94.74899983406067,6.194999933242798
88.55799984931946,94.56399989128113,6.00600004196167
88.6029999256134,94.74899983406067,6.145999908447266
88.60399985313416,94.74899983406067,6.144999980926514
88.60399985313416,94.74899983406067,6.144999980926514
88.65299987792969,94.74899983406067,6.0959999561309814
88.65299987792969,94.74899983406067,6.0959999561309814
88.65399980545044,94.74899983406067,6.0950000286102295
88.7039999961853,94.74899983406067,6.044999837875366
88.7039999961853,94.74899983406067,6.044999837875366
88.70499992370605,94.74899983406067,6.043999910354614
88.75300002098083,94.74899983406067,5.995999813079834
88.75399994850159,94.74899983406067,5.994999885559082
88.80399990081787,94.74899983406067,5.944999933242798
88.85399985313416,94.74899983406067,5.894999980926514
88.90399980545044,94.74899983406067,5.8450000286102295
88.9539999961853,94.74899983406067,5.794999837875366
102.89299988746643,103.01199984550476,0.11899995803833008
102.94299983978271,103.01199984550476,0.0690000057220459
102.99300003051758,103.01199984550476,0.018999814987182617
103.04299998283386,103.21299982070923,0.1699998378753662
103.09299993515015,103.21299982070923,0.11999988555908203
103.14299988746643,103.21299982070923,0.06999993324279785
103.19299983978271,103.21299982070923,0.019999980926513672
103.24300003051758,103.60699987411499,0.3639998435974121
103.29199981689453,103.60699987411499,0.315000057220459
103.34299993515015,103.60699987411499,0.26399993896484375
103.39299988746643,103.60699987411499,0.21399998664855957
103.44299983978271,103.61500000953674,0.17200016975402832
103.49300003051758,103.61500000953674,0.12199997901916504
103.54299998283386,103.61500000953674,0.07200002670288086
103.59299993515015,103.61500000953674,0.02200007438659668
103.64299988746643,104.0149998664856,0.37199997901916504
103.69299983978271,104.0149998664856,0.32200002670288086
103.74300003051758,104.0149998664856,0.2719998359680176
103.79199981689453,104.0149998664856,0.22300004959106445
103.84299993515015,104.2099997997284,0.36699986457824707
103.88899993896484,104.0149998664856,0.12599992752075195
103.89299988746643,104.21099996566772,0.31800007820129395
103.93899989128113,104.0149998664856,0.07599997520446777
103.94299983978271,104.2099997997284,0.2669999599456787
103.98899984359741,104.0149998664856,0.026000022888183594
103.99300003051758,104.21099996566772,0.21799993515014648
104.0389997959137,104.21799993515015,0.1790001392364502
104.04199981689453,104.21799993515015,0.17600011825561523
104.08899998664856,104.21799993515015,0.12899994850158691
104.09299993515015,104.21799993515015,0.125
104.13800001144409,104.21799993515015,0.07999992370605469
104.14299988746643,104.21799993515015,0.07500004768371582
104.18899989128113,104.21799993515015,0.029000043869018555
104.19199991226196,104.21799993515015,0.026000022888183594
104.23899984359741,104.41899991035461,0.18000006675720215
104.24300003051758,104.41899991035461,0.17599987983703613
104.2889997959137,104.41899991035461,0.13000011444091797
104.29299998283386,104.41899991035461,0.12599992752075195
104.33899998664856,104.41899991035461,0.07999992370605469
104.3420000076294,104.41899991035461,0.07699990272521973
104.38899993896484,104.41899991035461,0.029999971389770508
104.39299988746643,104.41899991035461,0.026000022888183594
104.43899989128113,104.61999988555908,0.1809999942779541
104.44299983978271,104.61999988555908,0.1770000457763672
104.48899984359741,104.61999988555908,0.13100004196166992
104.49199986457825,104.61999988555908,0.12800002098083496
104.5389997959137,104.61999988555908,0.08100008964538574
104.54299998283386,104.61999988555908,0.07699990272521973
104.58899998664856,104.61999988555908,0.03099989891052246
104.59299993515015,104.61999988555908,0.026999950408935547
104.63899993896484,104.82099986076355,0.18199992179870605
104.64199995994568,104.82099986076355,0.1789999008178711
104.68899989128113,104.82099986076355,0.13199996948242188
104.69299983978271,104.82099986076355,0.12800002098083496
104.73899984359741,104.82099986076355,0.0820000171661377
104.74300003051758,104.82099986076355,0.07799983024597168
104.7889997959137,104.82099986076355,0.032000064849853516
104.79299998283386,104.82099986076355,0.0279998779296875
104.83899998664856,105.02300000190735,0.18400001525878906
104.84299993515015,105.22399997711182,0.3810000419616699
104.88899993896484,105.02300000190735,0.13400006294250488
104.89199995994568,105.22399997711182,0.3320000171661377
104.93899989128113,105.02300000190735,0.0840001106262207
104.94299983978271,105.22399997711182,0.28100013732910156
104.98899984359741,105.02300000190735,0.03400015830993652
104.99300003051758,105.22399997711182,0.23099994659423828
105.0389997959137,105.41999983787537,0.3810000419616699
105.04299998283386,105.22299981117249,0.17999982833862305
105.08899998664856,105.41999983787537,0.33099985122680664
105.09299993515015,105.22299981117249,0.12999987602233887
105.13899993896484,105.41999983787537,0.28099989891052246
105.14299988746643,105.22299981117249,0.07999992370605469
105.14800000190735,105.22299981117249,0.07499980926513672
105.18899989128113,105.41999983787537,0.23099994659423828
105.19299983978271,105.22299981117249,0.029999971389770508
105.19700002670288,105.41999983787537,0.22299981117248535
105.23899984359741,105.42400002479553,0.18500018119812012
105.24300003051758,105.42400002479553,0.1809999942779541
105.24699997901917,105.41999983787537,0.17299985885620117
105.2889997959137,105.42400002479553,0.13500022888183594
105.29199981689453,105.42400002479553,0.13200020790100098
105.2979998588562,105.41999983787537,0.12199997901916504
105.33899998664856,105.42400002479553,0.08500003814697266
105.34299993515015,105.42400002479553,0.08100008964538574
105.34699988365173,105.41999983787537,0.07299995422363281
105.38899993896484,105.42400002479553,0.03500008583068848
105.39299988746643,105.42400002479553,0.031000137329101562
105.39800000190735,105.62599992752075,0.22799992561340332
105.43899989128113,105.625,0.18600010871887207
105.44299983978271,105.82699990272522,0.3840000629425049
105.44700002670288,105.62599992752075,0.1789999008178711
105.48899984359741,105.625,0.1360001564025879
105.49300003051758,105.82699990272522,0.3339998722076416
105.49699997901917,105.625,0.12800002098083496
105.5389997959137,105.625,0.08600020408630371
105.54299998283386,105.82699990272522,0.2839999198913574
105.5479998588562,105.625,0.07700014114379883
105.58899998664856,105.625,0.03600001335144043
105.59299993515015,105.82699990272522,0.23399996757507324
105.59699988365173,105.62599992752075,0.029000043869018555
105.63899993896484,105.82699990272522,0.18799996376037598
105.64299988746643,106.02300000190735,0.38000011444091797
105.64699983596802,105.82699990272522,0.18000006675720215
105.68799996376038,105.82699990272522,0.13899993896484375
105.69299983978271,106.02300000190735,0.3300001621246338
105.69799995422363,105.82699990272522,0.12899994850158691
105.73899984359741,105.82699990272522,0.08800005912780762
105.74300003051758,106.02300000190735,0.2799999713897705
105.74699997901917,105.82699990272522,0.07999992370605469
105.7889997959137,105.82699990272522,0.03800010681152344
105.79299998283386,106.02300000190735,0.23000001907348633
105.79699993133545,106.02300000190735,0.22600007057189941
105.83899998664856,106.22399997711182,0.38499999046325684
105.84299993515015,106.22399997711182,0.3810000419616699
105.84699988365173,106.02300000190735,0.17600011825561523
105.8899998664856,106.22399997711182,0.3340001106262207
105.89299988746643,106.22399997711182,0.33100008964538574
105.89699983596802,106.02300000190735,0.12600016593933105
105.93899989128113,106.22399997711182,0.2850000858306885
105.94299983978271,106.22399997711182,0.28100013732910156
105.94799995422363,106.02300000190735,0.07500004768371582
105.98899984359741,106.22399997711182,0.2350001335144043
105.99300003051758,106.22399997711182,0.23099994659423828
105.99699997901917,106.22399997711182,0.22699999809265137
106.0389997959137,106.22899985313416,0.19000005722045898
106.04299998283386,106.22899985313416,0.18599987030029297
106.04699993133545,106.22399997711182,0.1770000457763672
106.08899998664856,106.22899985313416,0.1399998664855957
106.09299993515015,106.22899985313416,0.1359999179840088
106.09799981117249,106.22399997711182,0.12600016593933105
106.13899993896484,106.22899985313416,0.08999991416931152
106.14299988746643,106.22899985313416,0.08599996566772461
106.14699983596802,106.22399997711182,0.07700014114379883
106.18899989128113,106.22899985313416,0.039999961853027344
106.19299983978271,106.22899985313416,0.03600001335144043
106.19700002670288,106.42999982833862,0.2329998016357422
106.23899984359741,106.42999982833862,0.19099998474121094
106.24300003051758,106.43099999427795,0.18799996376037598
106.24699997901917,106.42999982833862,0.182999849319458
106.2889997959137,106.42999982833862,0.14100003242492676
106.29299998283386,106.43099999427795,0.1380000114440918
106.29699993133545,106.42999982833862,0.13299989700317383
106.33899998664856,106.42999982833862,0.09099984169006348
106.3439998626709,106.43099999427795,0.08700013160705566
106.3439998626709,106.63199996948242,0.28800010681152344
106.34799981117249,106.42999982833862,0.0820000171661377
106.38899993896484,106.42999982833862,0.0409998893737793
106.39299988746643,106.43099999427795,0.03800010681152344
106.39299988746643,106.63199996948242,0.2390000820159912
106.39699983596802,106.63199996948242,0.2350001335144043
106.43899989128113,106.63199996948242,0.19300007820129395
106.44299983978271,106.82699990272522,0.3840000629425049
106.44400000572205,106.82699990272522,0.38299989700317383
106.44700002670288,106.63199996948242,0.18499994277954102
106.48899984359741,106.63199996948242,0.14300012588500977
106.49300003051758,106.82699990272522,0.3339998722076416
106.49300003051758,106.82699990272522,0.3339998722076416
106.49699997901917,106.63199996948242,0.13499999046325684
106.5389997959137,106.63199996948242,0.09300017356872559
106.54299998283386,106.82699990272522,0.2839999198913574
106.54299998283386,106.82699990272522,0.2839999198913574
106.54699993133545,106.63199996948242,0.08500003814697266
106.58899998664856,106.63199996948242,0.042999982833862305
106.59299993515015,106.82699990272522,0.23399996757507324
106.5939998626709,106.82699990272522,0.2330000400543213
106.59799981117249,106.63199996948242,0.03400015830993652
106.63899993896484,106.83399987220764,0.19499993324279785
106.64299988746643,106.83399987220764,0.19099998474121094
106.64299988746643,106.83399987220764,0.19099998474121094
106.64699983596802,106.82699990272522,0.18000006675720215
106.68899989128113,106.83399987220764,0.14499998092651367
106.69299983978271,106.83399987220764,0.14100003242492676
106.69400000572205,106.83399987220764,0.1399998664855957
106.69700002670288,106.82699990272522,0.12999987602233887
106.73899984359741,106.83399987220764,0.09500002861022949
106.74300003051758,106.83399987220764,0.09099984169006348
106.74399995803833,106.83399987220764,0.08999991416931152
106.74799990653992,106.82699990272522,0.07899999618530273
106.7889997959137,106.83399987220764,0.04500007629394531
106.79299998283386,106.83399987220764,0.0409998893737793
106.79399991035461,106.83399987220764,0.039999961853027344
106.79699993133545,106.82699990272522,0.029999971389770508
106.83899998664856,107.03399991989136,0.19499993324279785
106.84299993515015,107.03399991989136,0.19099998474121094
106.8439998626709,107.23499989509583,0.39100003242492676
106.84699988365173,107.03399991989136,0.18700003623962402
106.88899993896484,107.03399991989136,0.14499998092651367
106.89299988746643,107.03399991989136,0.14100003242492676
106.89299988746643,107.23499989509583,0.34200000762939453
106.89800000190735,107.03399991989136,0.1359999179840088
106.93899989128113,107.03399991989136,0.09500002861022949
106.94299983978271,107.03399991989136,0.09100008010864258
106.94400000572205,107.23499989509583,0.2909998893737793
106.94700002670288,107.03399991989136,0.08699989318847656
106.98899984359741,107.03399991989136,0.04500007629394531
106.99300003051758,107.03399991989136,0.0409998893737793
106.99399995803833,107.23499989509583,0.24099993705749512
106.99699997901917,107.03399991989136,0.03699994087219238
107.0389997959137,107.23499989509583,0.1960000991821289
107.04299998283386,107.23499989509583,0.1919999122619629
107.04299998283386,107.4359998703003,0.39299988746643066
107.0479998588562,107.23499989509583,0.18700003623962402
107.08899998664856,107.23499989509583,0.14599990844726562
107.09299993515015,107.23499989509583,0.1419999599456787
107.0939998626709,107.4359998703003,0.34200000762939453
107.09699988365173,107.23499989509583,0.1380000114440918
107.13899993896484,107.23499989509583,0.09599995613098145
107.14199995994568,107.23499989509583,0.09299993515014648
107.14399981498718,107.4359998703003,0.29200005531311035
107.14699983596802,107.23499989509583,0.08800005912780762
107.18899989128113,107.23499989509583,0.046000003814697266
107.19299983978271,107.23499989509583,0.04200005531311035
107.19299983978271,107.4359998703003,0.24300003051757812
107.19799995422363,107.23499989509583,0.03699994087219238
107.23899984359741,107.4359998703003,0.19700002670288086
107.24300003051758,107.63699984550476,0.3939998149871826
107.24399995803833,107.4359998703003,0.1919999122619629
107.24699997901917,107.4359998703003,0.18899989128112793
107.2889997959137,107.4359998703003,0.14700007438659668
107.29299998283386,107.63699984550476,0.34399986267089844
107.29399991035461,107.4359998703003,0.1419999599456787
107.29699993133545,107.4359998703003,0.13899993896484375
107.33899998664856,107.4359998703003,0.0969998836517334
107.34299993515015,107.63699984550476,0.29399991035461426
107.34299993515015,107.4359998703003,0.09299993515014648
107.34699988365173,107.4359998703003,0.08899998664855957
107.38899993896484,107.4359998703003,0.04699993133544922
107.39299988746643,107.63699984550476,0.24399995803833008
107.39399981498718,107.4359998703003,0.04200005531311035
107.39699983596802,107.4359998703003,0.03900003433227539
107.43899989128113,107.63699984550476,0.1979999542236328
107.44299983978271,107.83799982070923,0.39499998092651367
107.44299983978271,107.83799982070923,0.39499998092651367
107.44700002670288,107.63699984550476,0.18999981880187988
107.48899984359741,107.63699984550476,0.14800000190734863
107.49300003051758,107.83799982070923,0.3449997901916504
107.49399995803833,107.83799982070923,0.34399986267089844
107.49699997901917,107.63699984550476,0.1399998664855957
107.5389997959137,107.63699984550476,0.09800004959106445
107.54299998283386,107.83799982070923,0.2949998378753662
107.54299998283386,107.83799982070923,0.2949998378753662
107.5479998588562,107.63699984550476,0.08899998664855957
107.58899998664856,107.63699984550476,0.04799985885620117
107.59299993515015,107.83799982070923,0.24499988555908203
107.5939998626709,107.83799982070923,0.24399995803833008
107.59799981117249,107.63699984550476,0.03900003433227539
107.63899993896484,107.83799982070923,0.19899988174438477
107.64299988746643,108.03499984741211,0.3919999599456787
107.64299988746643,108.03499984741211,0.3919999599456787
107.64699983596802,107.83799982070923,0.19099998474121094
107.68899989128113,107.83799982070923,0.14899992942810059
107.69299983978271,108.03499984741211,0.34200000762939453
107.69400000572205,108.03499984741211,0.3409998416900635
107.69799995422363,107.83799982070923,0.1399998664855957
107.73899984359741,107.83799982070923,0.0989999771118164
107.74300003051758,108.03499984741211,0.29199981689453125
107.74399995803833,108.03499984741211,0.2909998893737793
107.74699997901917,107.83799982070923,0.09099984169006348
107.7889997959137,107.83799982070923,0.04900002479553223
107.79299998283386,108.03499984741211,0.24199986457824707
107.79299998283386,108.03499984741211,0.24199986457824707
107.79699993133545,107.83799982070923,0.0409998893737793
107.83899998664856,108.0389997959137,0.19999980926513672
107.84299993515015,108.0389997959137,0.1959998607635498
107.8439998626709,108.0389997959137,0.19499993324279785
107.84699988365173,108.03499984741211,0.18799996376037598
107.88899993896484,108.0389997959137,0.14999985694885254
107.89399981498718,108.0389997959137,0.14499998092651367
107.89399981498718,108.0389997959137,0.14499998092651367
107.89800000190735,108.03499984741211,0.13699984550476074
107.93899989128113,108.0389997959137,0.09999990463256836
107.94299983978271,108.0389997959137,0.09599995613098145
107.94299983978271,108.0389997959137,0.09599995613098145
107.94700002670288,108.03499984741211,0.08799982070922852
107.98899984359741,108.0389997959137,0.04999995231628418
107.99300003051758,108.0389997959137,0.045999765396118164
107.99399995803833,108.0389997959137,0.04499983787536621
107.99699997901917,108.03499984741211,0.037999868392944336
108.0389997959137,108.44099998474121,0.40200018882751465
108.04299998283386,108.2409999370575,0.1979999542236328
108.04299998283386,108.2409999370575,0.1979999542236328
108.0479998588562,108.2409999370575,0.19300007820129395
108.08899998664856,108.44099998474121,0.35199999809265137
108.09299993515015,108.2409999370575,0.14800000190734863
108.09299993515015,108.2409999370575,0.14800000190734863
108.09699988365173,108.2409999370575,0.14400005340576172
108.13899993896484,108.44099998474121,0.3020000457763672
108.14299988746643,108.2409999370575,0.09800004959106445
108.14399981498718,108.2409999370575,0.0970001220703125
108.14800000190735,108.2409999370575,0.09299993515014648
108.18899989128113,108.44099998474121,0.252000093460083
108.19299983978271,108.2409999370575,0.04800009727478027
108.19400000572205,108.2409999370575,0.04699993133544922
108.19700002670288,108.2409999370575,0.04399991035461426
108.23899984359741,108.63899993896484,0.40000009536743164
108.24300003051758,108.63800001144409,0.39499998092651367
108.24399995803833,108.44099998474121,0.19700002670288086
108.24699997901917,108.44099998474121,0.1940000057220459
108.2889997959137,108.63899993896484,0.35000014305114746
108.29299998283386,108.63800001144409,0.3450000286102295
108.29399991035461,108.44099998474121,0.14700007438659668
108.2979998588562,108.44099998474121,0.14300012588500977
108.33899998664856,108.63899993896484,0.2999999523162842
108.34299993515015,108.63800001144409,0.2950000762939453
108.34299993515015,108.44099998474121,0.09800004959106445
108.34699988365173,108.44099998474121,0.09400010108947754
108.38899993896484,108.63800001144409,0.24900007247924805
108.39299988746643,108.63800001144409,0.24500012397766113
108.39399981498718,108.44099998474121,0.04700016975402832
108.39699983596802,108.44099998474121,0.04400014877319336
108.43899989128113,108.64299988746643,0.20399999618530273
108.44299983978271,108.64299988746643,0.20000004768371582
108.44400000572205,108.64299988746643,0.19899988174438477
108.44799995422363,108.63800001144409,0.19000005722045898
108.48899984359741,108.64299988746643,0.15400004386901855
108.49300003051758,108.64299988746643,0.14999985694885254
108.49399995803833,108.64299988746643,0.14899992942810059
108.49699997901917,108.63800001144409,0.14100003242492676
108.5389997959137,108.64299988746643,0.10400009155273438
108.54299998283386,108.64299988746643,0.09999990463256836
108.54399991035461,108.64299988746643,0.0989999771118164
108.54699993133545,108.63800001144409,0.09100008010864258
108.58899998664856,108.64299988746643,0.053999900817871094
108.59299993515015,108.64299988746643,0.04999995231628418
108.5939998626709,108.64299988746643,0.04900002479553223
108.59699988365173,108.63800001144409,0.0410001277923584
108.63899993896484,108.8439998626709,0.2049999237060547
108.64299988746643,109.04399991035461,0.4010000228881836
108.64299988746643,108.8439998626709,0.20099997520446777
108.64699983596802,108.8439998626709,0.19700002670288086
108.68899989128113,108.8439998626709,0.1549999713897705
108.69299983978271,109.04399991035461,0.3510000705718994
108.69400000572205,108.8439998626709,0.14999985694885254
108.69799995422363,108.8439998626709,0.14599990844726562
108.73899984359741,108.8439998626709,0.10500001907348633
108.74300003051758,109.04399991035461,0.30099987983703613
108.74399995803833,108.8439998626709,0.09999990463256836
108.74699997901917,108.8439998626709,0.0969998836517334
108.7889997959137,108.8439998626709,0.05500006675720215
108.79299998283386,109.04399991035461,0.25099992752075195
108.79399991035461,108.8439998626709,0.04999995231628418
108.79699993133545,108.8439998626709,0.04699993133544922
108.83899998664856,109.24300003051758,0.40400004386901855
108.84299993515015,109.24199986457825,0.3989999294281006
108.8439998626709,109.04399991035461,0.20000004768371582
108.84799981117249,109.04399991035461,0.1960000991821289
108.88899993896484,109.24300003051758,0.3540000915527344
108.89299988746643,109.24199986457825,0.3489999771118164
108.89299988746643,109.04399991035461,0.1510000228881836
108.89699983596802,109.04399991035461,0.14700007438659668
108.93899989128113,109.24300003051758,0.3040001392364502
108.94400000572205,109.24199986457825,0.29799985885620117
108.94400000572205,109.04399991035461,0.09999990463256836
108.94799995422363,109.04399991035461,0.09599995613098145
108.98899984359741,109.24300003051758,0.254000186920166
108.99300003051758,109.24199986457825,0.24899983406066895
108.99399995803833,109.04399991035461,0.04999995231628418
108.99699997901917,109.04399991035461,0.04699993133544922
109.0389997959137,109.44299983978271,0.40400004386901855
109.04299998283386,109.44299983978271,0.39999985694885254
109.04399991035461,109.44299983978271,0.3989999294281006
109.04699993133545,109.24199986457825,0.19499993324279785
109.08899998664856,109.44299983978271,0.3539998531341553
109.09299993515015,109.44299983978271,0.34999990463256836
109.09299993515015,109.44299983978271,0.34999990463256836
109.09799981117249,109.24199986457825,0.14400005340576172
109.13899993896484,109.44299983978271,0.3039999008178711
109.14299988746643,109.44299983978271,0.2999999523162842
109.14399981498718,109.44299983978271,0.2990000247955322
109.14699983596802,109.24199986457825,0.09500002861022949
109.18899989128113,109.44299983978271,0.2539999485015869
109.19299983978271,109.44299983978271,0.25
109.19400000572205,109.44299983978271,0.24899983406066895
109.19700002670288,109.24199986457825,0.04499983787536621
109.23899984359741,109.44799995422363,0.2090001106262207
109.24300003051758,109.44899988174438,0.20599985122680664
109.24300003051758,109.44899988174438,0.20599985122680664
109.24799990653992,109.44400000572205,0.1960000991821289
109.2889997959137,109.44799995422363,0.15900015830993652
109.29299998283386,109.44899988174438,0.15599989891052246
109.29399991035461,109.44799995422363,0.15400004386901855
109.29699993133545,109.44400000572205,0.14700007438659668
109.33899998664856,109.44799995422363,0.10899996757507324
109.34299993515015,109.44899988174438,0.10599994659423828
109.34299993515015,109.44799995422363,0.10500001907348633
109.34799981117249,109.44400000572205,0.09600019454956055
109.38899993896484,109.44799995422363,0.05900001525878906
109.39299988746643,109.44899988174438,0.0559999942779541
109.39399981498718,109.44899988174438,0.05500006675720215
109.39699983596802,109.44400000572205,0.04700016975402832
109.43899989128113,109.85099983215332,0.4119999408721924
109.44400000572205,109.64699983596802,0.20299983024597168
109.44400000572205,109.64699983596802,0.20299983024597168
109.44799995422363,109.64699983596802,0.19899988174438477
109.48899984359741,109.85099983215332,0.3619999885559082
109.49300003051758,109.64699983596802,0.15399980545043945
109.49300003051758,109.64699983596802,0.15399980545043945
109.49699997901917,109.64699983596802,0.14999985694885254
109.5389997959137,109.85099983215332,0.312000036239624
109.54299998283386,109.64699983596802,0.10399985313415527
109.54399991035461,109.64699983596802,0.10299992561340332
109.5479998588562,109.64699983596802,0.0989999771118164
109.58899998664856,109.85099983215332,0.26199984550476074
109.59299993515015,109.64699983596802,0.053999900817871094
109.5939998626709,109.64699983596802,0.05299997329711914
109.59699988365173,109.64699983596802,0.04999995231628418
109.63899993896484,110.04999995231628,0.41100001335144043
109.64399981498718,109.85099983215332,0.2070000171661377
109.64399981498718,109.85099983215332,0.2070000171661377
109.64699983596802,109.85099983215332,0.20399999618530273
109.68899989128113,110.04999995231628,0.36100006103515625
109.69299983978271,109.85099983215332,0.15799999237060547
109.69299983978271,109.85099983215332,0.15799999237060547
109.69799995422363,109.85099983215332,0.1529998779296875
109.73899984359741,110.04999995231628,0.31100010871887207
109.74300003051758,109.85099983215332,0.10799980163574219
109.74399995803833,109.85099983215332,0.10699987411499023
109.74699997901917,109.85099983215332,0.10399985313415527
109.7889997959137,110.04999995231628,0.2610001564025879
109.79299998283386,109.85099983215332,0.05799984931945801
109.79399991035461,109.85099983215332,0.056999921798706055
109.7979998588562,109.85099983215332,0.05299997329711914
109.83899998664856,110.04999995231628,0.2109999656677246
109.84299993515015,110.04999995231628,0.2070000171661377
109.84299993515015,110.24699997901917,0.40400004386901855
109.84699988365173,110.04999995231628,0.20300006866455078
109.88899993896484,110.24699997901917,0.3580000400543213
109.89299988746643,110.04999995231628,0.15700006484985352
109.89399981498718,110.24699997901917,0.3530001640319824
109.89800000190735,110.04999995231628,0.15199995040893555
109.93899989128113,110.24699997901917,0.3080000877380371
109.94299983978271,110.04999995231628,0.10700011253356934
109.94400000572205,110.24699997901917,0.30299997329711914
109.94700002670288,110.04999995231628,0.10299992561340332
109.98899984359741,110.24699997901917,0.25800013542175293
109.99300003051758,110.04999995231628,0.056999921798706055
109.99399995803833,110.24699997901917,0.25300002098083496
109.99799990653992,110.04999995231628,0.05200004577636719
110.03999996185303,110.25399994850159,0.21399998664855957
110.04299998283386,110.25399994850159,0.2109999656677246
110.04399991035461,110.25399994850159,0.21000003814697266
110.0479998588562,110.24699997901917,0.19900012016296387
110.08899998664856,110.25399994850159,0.16499996185302734
110.09299993515015,110.25399994850159,0.16100001335144043
110.0939998626709,110.25399994850159,0.16000008583068848
110.09699988365173,110.24699997901917,0.15000009536743164
110.13899993896484,110.25399994850159,0.11500000953674316
110.14399981498718,110.25399994850159,0.1100001335144043
110.14399981498718,110.25399994850159,0.1100001335144043
110.14800000190735,110.24699997901917,0.0989999771118164
110.18899989128113,110.25399994850159,0.06500005722045898
110.19299983978271,110.25399994850159,0.06100010871887207
110.19400000572205,110.25399994850159,0.059999942779541016
110.19700002670288,110.24699997901917,0.04999995231628418
110.23899984359741,110.25399994850159,0.015000104904174805
110.24300003051758,110.4539999961853,0.2109999656677246
110.24300003051758,110.4539999961853,0.2109999656677246
110.24799990653992,110.4539999961853,0.20600008964538574
110.2889997959137,110.65399980545044,0.36500000953674316
110.29299998283386,110.4539999961853,0.16100001335144043
110.29399991035461,110.4539999961853,0.16000008583068848
110.2979998588562,110.4539999961853,0.15600013732910156
110.33899998664856,110.65399980545044,0.3149998188018799
110.34299993515015,110.4539999961853,0.11100006103515625
110.3439998626709,110.4539999961853,0.1100001335144043
110.34699988365173,110.4539999961853,0.10700011253356934
110.38899993896484,110.65399980545044,0.2649998664855957
110.39299988746643,110.4539999961853,0.06100010871887207
110.39299988746643,110.4539999961853,0.06100010871887207
110.39800000190735,110.4539999961853,0.0559999942779541
110.43899989128113,110.85099983215332,0.4119999408721924
110.44400000572205,110.65399980545044,0.20999979972839355
110.44400000572205,110.85099983215332,0.4069998264312744
110.44700002670288,110.65399980545044,0.2069997787475586
110.48899984359741,110.85099983215332,0.3619999885559082
110.49300003051758,110.65399980545044,0.16099977493286133
110.49399995803833,110.85099983215332,0.35699987411499023
110.49699997901917,110.65399980545044,0.15699982643127441
110.5389997959137,110.85099983215332,0.312000036239624
110.54299998283386,110.65399980545044,0.11099982261657715
110.54399991035461,110.85099983215332,0.30699992179870605
110.5479998588562,110.65399980545044,0.10599994659423828
110.58999991416931,110.85099983215332,0.2609999179840088
110.59299993515015,110.65399980545044,0.06099987030029297
110.59299993515015,110.85099983215332,0.25799989700317383
110.59799981117249,110.65399980545044,0.0559999942779541
110.63899993896484,110.85599994659424,0.21700000762939453
110.64399981498718,110.85599994659424,0.21200013160705566
110.64399981498718,110.85599994659424,0.21200013160705566
110.64699983596802,110.85099983215332,0.20399999618530273
110.68899989128113,110.85599994659424,0.16700005531311035
110.69299983978271,110.85599994659424,0.16300010681152344
110.69400000572205,110.85599994659424,0.16199994087219238
110.69700002670288,110.85099983215332,0.15399980545043945
110.73899984359741,110.85599994659424,0.11700010299682617
110.74300003051758,110.85599994659424,0.11299991607666016
110.74300003051758,110.85599994659424,0.11299991607666016
110.74799990653992,110.85099983215332,0.10299992561340332
110.78999996185303,110.85599994659424,0.06599998474121094
110.79299998283386,110.85599994659424,0.06299996376037598
110.79399991035461,110.85599994659424,0.06200003623962402
110.7979998588562,110.85099983215332,0.05299997329711914
110.83899998664856,111.25799989700317,0.41899991035461426
110.84299993515015,111.0569999217987,0.21399998664855957
110.8439998626709,111.0569999217987,0.21300005912780762
110.84699988365173,111.0569999217987,0.21000003814697266
110.88899993896484,111.25799989700317,0.3689999580383301
110.89399981498718,111.0569999217987,0.16300010681152344
110.89399981498718,111.0569999217987,0.16300010681152344
110.89800000190735,111.0569999217987,0.15899991989135742
110.93899989128113,111.25799989700317,0.3190000057220459
110.94299983978271,111.0569999217987,0.11400008201599121
110.94299983978271,111.0569999217987,0.11400008201599121
110.94799995422363,111.0569999217987,0.10899996757507324
110.98899984359741,111.25799989700317,0.2690000534057617
110.99300003051758,111.0569999217987,0.06399989128112793
110.99399995803833,111.0569999217987,0.06299996376037598
110.99699997901917,111.0569999217987,0.059999942779541016
111.03999996185303,111.25799989700317,0.21799993515014648
111.04399991035461,111.0569999217987,0.013000011444091797
111.04399991035461,111.4559998512268,0.4119999408721924
111.0479998588562,111.25899982452393,0.2109999656677246
111.08899998664856,111.4559998512268,0.36699986457824707
111.09299993515015,111.25799989700317,0.16499996185302734
111.0939998626709,111.4559998512268,0.3619999885559082
111.09799981117249,111.25899982452393,0.16100001335144043
111.13899993896484,111.4559998512268,0.3169999122619629
111.14399981498718,111.25799989700317,0.11400008201599121
111.14399981498718,111.4559998512268,0.312000036239624
111.14699983596802,111.25899982452393,0.1119999885559082
111.18899989128113,111.4559998512268,0.2669999599456787
111.19299983978271,111.25799989700317,0.06500005722045898
111.19400000572205,111.4559998512268,0.26199984550476074
111.19799995422363,111.25899982452393,0.06099987030029297
111.23899984359741,111.46199989318848,0.22300004959106445
111.24300003051758,111.25799989700317,0.014999866485595703
111.24399995803833,111.46199989318848,0.21799993515014648
111.24799990653992,111.4559998512268,0.20799994468688965
111.2889997959137,111.46199989318848,0.17300009727478027
111.29399991035461,111.46199989318848,0.1679999828338623
111.29399991035461,111.46199989318848,0.1679999828338623
111.29699993133545,111.4559998512268,0.15899991989135742
111.33899998664856,111.46199989318848,0.12299990653991699
111.34299993515015,111.46199989318848,0.11899995803833008
111.3439998626709,111.46199989318848,0.11800003051757812
111.34799981117249,111.4559998512268,0.10800004005432129
111.38899993896484,111.46199989318848,0.07299995422363281
111.39299988746643,111.46199989318848,0.0690000057220459
111.39299988746643,111.46199989318848,0.0690000057220459
111.39800000190735,111.4559998512268,0.05799984931945801
111.43899989128113,111.46199989318848,0.023000001907348633
111.44299983978271,111.66299986839294,0.2200000286102295
111.44400000572205,111.86199998855591,0.4179999828338623
111.44700002670288,111.66299986839294,0.21599984169006348
111.48899984359741,111.66299986839294,0.17400002479553223
111.49300003051758,111.66299986839294,0.1699998378753662
111.49300003051758,111.86199998855591,0.3689999580383301
111.49799990653992,111.66299986839294,0.16499996185302734
111.5389997959137,111.6639997959137,0.125
111.54399991035461,111.66299986839294,0.11899995803833008
111.54399991035461,111.86199998855591,0.31800007820129395
111.5479998588562,111.66299986839294,0.11500000953674316
111.58899998664856,111.6639997959137,0.07499980926513672
111.5939998626709,111.66299986839294,0.0690000057220459
111.5939998626709,111.86199998855591,0.26800012588500977
111.59699988365173,111.66299986839294,0.06599998474121094
111.63899993896484,111.86199998855591,0.22300004959106445
111.64299988746643,112.06299996376038,0.4200000762939453
111.64399981498718,111.86199998855591,0.21800017356872559
111.64699983596802,111.86199998855591,0.21500015258789062
111.68899989128113,111.86199998855591,0.17300009727478027
111.69299983978271,112.06299996376038,0.37000012397766113
111.69400000572205,111.86199998855591,0.1679999828338623
111.69799995422363,111.86199998855591,0.1640000343322754
111.73899984359741,111.86199998855591,0.1230001449584961
111.74300003051758,112.06299996376038,0.31999993324279785
111.74399995803833,111.86199998855591,0.11800003051757812
111.74699997901917,111.86199998855591,0.11500000953674316
111.7889997959137,111.86199998855591,0.07300019264221191
111.79299998283386,112.06299996376038,0.26999998092651367
111.79399991035461,111.86199998855591,0.06800007820129395
111.7979998588562,111.86199998855591,0.06400012969970703
